ISO-10303-21;
HEADER;
FILE_DESCRIPTION(('KiCad electronic assembly'),'2;1');
FILE_NAME('TPS62130A_3V3_Step.step','2025-04-04T15:18:00',('Pcbnew'),(
    'Kicad'),'Open CASCADE STEP processor 7.8','KiCad to STEP converter'
  ,'Unknown');
FILE_SCHEMA(('AUTOMOTIVE_DESIGN { 1 0 10303 214 1 1 1 1 }'));
ENDSEC;
DATA;
#1 = APPLICATION_PROTOCOL_DEFINITION('international standard',
  'automotive_design',2000,#2);
#2 = APPLICATION_CONTEXT(
  'core data for automotive mechanical design processes');
#3 = SHAPE_DEFINITION_REPRESENTATION(#4,#10);
#4 = PRODUCT_DEFINITION_SHAPE('','',#5);
#5 = PRODUCT_DEFINITION('design','',#6,#9);
#6 = PRODUCT_DEFINITION_FORMATION('','',#7);
#7 = PRODUCT('TPS62130A_3V3_Step 1','TPS62130A_3V3_Step 1','',(#8));
#8 = PRODUCT_CONTEXT('',#2,'mechanical');
#9 = PRODUCT_DEFINITION_CONTEXT('part definition',#2,'design');
#10 = SHAPE_REPRESENTATION('',(#11,#15,#19,#23,#27,#31,#35,#39,#43,#47,
    #51,#55,#59,#63,#67),#71);
#11 = AXIS2_PLACEMENT_3D('',#12,#13,#14);
#12 = CARTESIAN_POINT('',(0.,0.,0.));
#13 = DIRECTION('',(0.,0.,1.));
#14 = DIRECTION('',(1.,0.,-0.));
#15 = AXIS2_PLACEMENT_3D('',#16,#17,#18);
#16 = CARTESIAN_POINT('',(145.1,-94.625,1.595));
#17 = DIRECTION('',(0.,-0.,1.));
#18 = DIRECTION('',(1.110223024625E-16,1.,0.));
#19 = AXIS2_PLACEMENT_3D('',#20,#21,#22);
#20 = CARTESIAN_POINT('',(138.325,-95.6,1.595));
#21 = DIRECTION('',(-0.,0.,1.));
#22 = DIRECTION('',(1.110223024625E-16,-1.,0.));
#23 = AXIS2_PLACEMENT_3D('',#24,#25,#26);
#24 = CARTESIAN_POINT('',(153.685,-107.725,1.595));
#25 = DIRECTION('',(0.,0.,1.));
#26 = DIRECTION('',(-1.,1.224646799147E-16,0.));
#27 = AXIS2_PLACEMENT_3D('',#28,#29,#30);
#28 = CARTESIAN_POINT('',(142.325,-94.525,1.595));
#29 = DIRECTION('',(0.,0.,1.));
#30 = DIRECTION('',(-1.,1.224646799147E-16,0.));
#31 = AXIS2_PLACEMENT_3D('',#32,#33,#34);
#32 = CARTESIAN_POINT('',(138.3,-100.75,1.595));
#33 = DIRECTION('',(0.,-0.,1.));
#34 = DIRECTION('',(1.110223024625E-16,1.,0.));
#35 = AXIS2_PLACEMENT_3D('',#36,#37,#38);
#36 = CARTESIAN_POINT('',(162.34,-98.58,1.595));
#37 = DIRECTION('',(-0.,0.,1.));
#38 = DIRECTION('',(1.110223024625E-16,-1.,0.));
#39 = AXIS2_PLACEMENT_3D('',#40,#41,#42);
#40 = CARTESIAN_POINT('',(150.3,-107.725,1.595));
#41 = DIRECTION('',(0.,0.,1.));
#42 = DIRECTION('',(1.,0.,0.));
#43 = AXIS2_PLACEMENT_3D('',#44,#45,#46);
#44 = CARTESIAN_POINT('',(142.875003,-98.524996,1.595));
#45 = DIRECTION('',(0.,0.,1.));
#46 = DIRECTION('',(-1.,1.224646799147E-16,0.));
#47 = AXIS2_PLACEMENT_3D('',#48,#49,#50);
#48 = CARTESIAN_POINT('',(144.,-103.525,1.595));
#49 = DIRECTION('',(0.,0.,1.));
#50 = DIRECTION('',(1.,0.,0.));
#51 = AXIS2_PLACEMENT_3D('',#52,#53,#54);
#52 = CARTESIAN_POINT('',(146.9,-94.625,1.595));
#53 = DIRECTION('',(-0.,0.,1.));
#54 = DIRECTION('',(1.110223024625E-16,-1.,0.));
#55 = AXIS2_PLACEMENT_3D('',#56,#57,#58);
#56 = CARTESIAN_POINT('',(149.5,-101.375,1.595));
#57 = DIRECTION('',(-0.,0.,1.));
#58 = DIRECTION('',(1.110223024625E-16,-1.,0.));
#59 = AXIS2_PLACEMENT_3D('',#60,#61,#62);
#60 = CARTESIAN_POINT('',(149.375,-94.625,1.595));
#61 = DIRECTION('',(-0.,0.,1.));
#62 = DIRECTION('',(1.110223024625E-16,-1.,0.));
#63 = AXIS2_PLACEMENT_3D('',#64,#65,#66);
#64 = CARTESIAN_POINT('',(128.04,-101.16,1.595));
#65 = DIRECTION('',(0.,-0.,1.));
#66 = DIRECTION('',(1.110223024625E-16,1.,0.));
#67 = AXIS2_PLACEMENT_3D('',#68,#69,#70);
#68 = CARTESIAN_POINT('',(0.,0.,0.));
#69 = DIRECTION('',(0.,0.,1.));
#70 = DIRECTION('',(1.,0.,-0.));
#71 = ( GEOMETRIC_REPRESENTATION_CONTEXT(3) 
GLOBAL_UNCERTAINTY_ASSIGNED_CONTEXT((#75)) GLOBAL_UNIT_ASSIGNED_CONTEXT(
(#72,#73,#74)) REPRESENTATION_CONTEXT('Context #1',
  '3D Context with UNIT and UNCERTAINTY') );
#72 = ( LENGTH_UNIT() NAMED_UNIT(*) SI_UNIT(.MILLI.,.METRE.) );
#73 = ( NAMED_UNIT(*) PLANE_ANGLE_UNIT() SI_UNIT($,.RADIAN.) );
#74 = ( NAMED_UNIT(*) SI_UNIT($,.STERADIAN.) SOLID_ANGLE_UNIT() );
#75 = UNCERTAINTY_MEASURE_WITH_UNIT(LENGTH_MEASURE(1.E-07),#72,
  'distance_accuracy_value','confusion accuracy');
#76 = PRODUCT_RELATED_PRODUCT_CATEGORY('part',$,(#7));
#77 = SHAPE_DEFINITION_REPRESENTATION(#78,#84);
#78 = PRODUCT_DEFINITION_SHAPE('','',#79);
#79 = PRODUCT_DEFINITION('design','',#80,#83);
#80 = PRODUCT_DEFINITION_FORMATION('','',#81);
#81 = PRODUCT('R_0603_1608Metric','R_0603_1608Metric','',(#82));
#82 = PRODUCT_CONTEXT('',#2,'mechanical');
#83 = PRODUCT_DEFINITION_CONTEXT('part definition',#2,'design');
#84 = ADVANCED_BREP_SHAPE_REPRESENTATION('',(#11,#85),#875);
#85 = MANIFOLD_SOLID_BREP('',#86);
#86 = CLOSED_SHELL('',(#87,#127,#210,#235,#260,#327,#344,#361,#410,#427,
    #444,#493,#510,#579,#610,#634,#703,#727,#744,#761,#778,#795,#812,
    #829,#846,#863));
#87 = ADVANCED_FACE('',(#88),#122,.F.);
#88 = FACE_BOUND('',#89,.F.);
#89 = EDGE_LOOP('',(#90,#100,#108,#116));
#90 = ORIENTED_EDGE('',*,*,#91,.F.);
#91 = EDGE_CURVE('',#92,#94,#96,.T.);
#92 = VERTEX_POINT('',#93);
#93 = CARTESIAN_POINT('',(-0.8,-0.4,4.5E-02));
#94 = VERTEX_POINT('',#95);
#95 = CARTESIAN_POINT('',(-0.8,-0.4,0.405));
#96 = LINE('',#97,#98);
#97 = CARTESIAN_POINT('',(-0.8,-0.4,0.));
#98 = VECTOR('',#99,1.);
#99 = DIRECTION('',(0.,0.,1.));
#100 = ORIENTED_EDGE('',*,*,#101,.T.);
#101 = EDGE_CURVE('',#92,#102,#104,.T.);
#102 = VERTEX_POINT('',#103);
#103 = CARTESIAN_POINT('',(-0.8,0.4,4.5E-02));
#104 = LINE('',#105,#106);
#105 = CARTESIAN_POINT('',(-0.8,-0.4,4.5E-02));
#106 = VECTOR('',#107,1.);
#107 = DIRECTION('',(0.,1.,0.));
#108 = ORIENTED_EDGE('',*,*,#109,.T.);
#109 = EDGE_CURVE('',#102,#110,#112,.T.);
#110 = VERTEX_POINT('',#111);
#111 = CARTESIAN_POINT('',(-0.8,0.4,0.405));
#112 = LINE('',#113,#114);
#113 = CARTESIAN_POINT('',(-0.8,0.4,0.));
#114 = VECTOR('',#115,1.);
#115 = DIRECTION('',(0.,0.,1.));
#116 = ORIENTED_EDGE('',*,*,#117,.F.);
#117 = EDGE_CURVE('',#94,#110,#118,.T.);
#118 = LINE('',#119,#120);
#119 = CARTESIAN_POINT('',(-0.8,-0.4,0.405));
#120 = VECTOR('',#121,1.);
#121 = DIRECTION('',(0.,1.,0.));
#122 = PLANE('',#123);
#123 = AXIS2_PLACEMENT_3D('',#124,#125,#126);
#124 = CARTESIAN_POINT('',(-0.8,-0.4,0.));
#125 = DIRECTION('',(1.,0.,0.));
#126 = DIRECTION('',(0.,0.,1.));
#127 = ADVANCED_FACE('',(#128),#205,.F.);
#128 = FACE_BOUND('',#129,.F.);
#129 = EDGE_LOOP('',(#130,#140,#147,#148,#157,#165,#174,#182,#190,#198)
  );
#130 = ORIENTED_EDGE('',*,*,#131,.F.);
#131 = EDGE_CURVE('',#132,#134,#136,.T.);
#132 = VERTEX_POINT('',#133);
#133 = CARTESIAN_POINT('',(-0.755,-0.4,-2.775557561563E-17));
#134 = VERTEX_POINT('',#135);
#135 = CARTESIAN_POINT('',(-0.545,-0.4,-2.775557561563E-17));
#136 = LINE('',#137,#138);
#137 = CARTESIAN_POINT('',(-0.8,-0.4,0.));
#138 = VECTOR('',#139,1.);
#139 = DIRECTION('',(1.,0.,0.));
#140 = ORIENTED_EDGE('',*,*,#141,.F.);
#141 = EDGE_CURVE('',#92,#132,#142,.T.);
#142 = CIRCLE('',#143,4.5E-02);
#143 = AXIS2_PLACEMENT_3D('',#144,#145,#146);
#144 = CARTESIAN_POINT('',(-0.755,-0.4,4.5E-02));
#145 = DIRECTION('',(0.,-1.,0.));
#146 = DIRECTION('',(0.,0.,1.));
#147 = ORIENTED_EDGE('',*,*,#91,.T.);
#148 = ORIENTED_EDGE('',*,*,#149,.T.);
#149 = EDGE_CURVE('',#94,#150,#152,.T.);
#150 = VERTEX_POINT('',#151);
#151 = CARTESIAN_POINT('',(-0.755,-0.4,0.45));
#152 = CIRCLE('',#153,4.5E-02);
#153 = AXIS2_PLACEMENT_3D('',#154,#155,#156);
#154 = CARTESIAN_POINT('',(-0.755,-0.4,0.405));
#155 = DIRECTION('',(0.,1.,0.));
#156 = DIRECTION('',(0.,-0.,1.));
#157 = ORIENTED_EDGE('',*,*,#158,.T.);
#158 = EDGE_CURVE('',#150,#159,#161,.T.);
#159 = VERTEX_POINT('',#160);
#160 = CARTESIAN_POINT('',(-0.545,-0.4,0.45));
#161 = LINE('',#162,#163);
#162 = CARTESIAN_POINT('',(-0.8,-0.4,0.45));
#163 = VECTOR('',#164,1.);
#164 = DIRECTION('',(1.,0.,0.));
#165 = ORIENTED_EDGE('',*,*,#166,.F.);
#166 = EDGE_CURVE('',#167,#159,#169,.T.);
#167 = VERTEX_POINT('',#168);
#168 = CARTESIAN_POINT('',(-0.5,-0.4,0.405));
#169 = CIRCLE('',#170,4.5E-02);
#170 = AXIS2_PLACEMENT_3D('',#171,#172,#173);
#171 = CARTESIAN_POINT('',(-0.545,-0.4,0.405));
#172 = DIRECTION('',(0.,-1.,0.));
#173 = DIRECTION('',(0.,0.,1.));
#174 = ORIENTED_EDGE('',*,*,#175,.F.);
#175 = EDGE_CURVE('',#176,#167,#178,.T.);
#176 = VERTEX_POINT('',#177);
#177 = CARTESIAN_POINT('',(-0.755,-0.4,0.405));
#178 = LINE('',#179,#180);
#179 = CARTESIAN_POINT('',(-0.755,-0.4,0.405));
#180 = VECTOR('',#181,1.);
#181 = DIRECTION('',(1.,0.,0.));
#182 = ORIENTED_EDGE('',*,*,#183,.F.);
#183 = EDGE_CURVE('',#184,#176,#186,.T.);
#184 = VERTEX_POINT('',#185);
#185 = CARTESIAN_POINT('',(-0.755,-0.4,4.5E-02));
#186 = LINE('',#187,#188);
#187 = CARTESIAN_POINT('',(-0.755,-0.4,4.5E-02));
#188 = VECTOR('',#189,1.);
#189 = DIRECTION('',(0.,0.,1.));
#190 = ORIENTED_EDGE('',*,*,#191,.T.);
#191 = EDGE_CURVE('',#184,#192,#194,.T.);
#192 = VERTEX_POINT('',#193);
#193 = CARTESIAN_POINT('',(-0.5,-0.4,4.5E-02));
#194 = LINE('',#195,#196);
#195 = CARTESIAN_POINT('',(-0.755,-0.4,4.5E-02));
#196 = VECTOR('',#197,1.);
#197 = DIRECTION('',(1.,0.,0.));
#198 = ORIENTED_EDGE('',*,*,#199,.T.);
#199 = EDGE_CURVE('',#192,#134,#200,.T.);
#200 = CIRCLE('',#201,4.5E-02);
#201 = AXIS2_PLACEMENT_3D('',#202,#203,#204);
#202 = CARTESIAN_POINT('',(-0.545,-0.4,4.5E-02));
#203 = DIRECTION('',(0.,1.,0.));
#204 = DIRECTION('',(0.,-0.,1.));
#205 = PLANE('',#206);
#206 = AXIS2_PLACEMENT_3D('',#207,#208,#209);
#207 = CARTESIAN_POINT('',(-0.8,-0.4,0.));
#208 = DIRECTION('',(0.,1.,0.));
#209 = DIRECTION('',(0.,-0.,1.));
#210 = ADVANCED_FACE('',(#211),#230,.T.);
#211 = FACE_BOUND('',#212,.T.);
#212 = EDGE_LOOP('',(#213,#214,#223,#229));
#213 = ORIENTED_EDGE('',*,*,#101,.T.);
#214 = ORIENTED_EDGE('',*,*,#215,.T.);
#215 = EDGE_CURVE('',#102,#216,#218,.T.);
#216 = VERTEX_POINT('',#217);
#217 = CARTESIAN_POINT('',(-0.755,0.4,-2.775557561563E-17));
#218 = CIRCLE('',#219,4.5E-02);
#219 = AXIS2_PLACEMENT_3D('',#220,#221,#222);
#220 = CARTESIAN_POINT('',(-0.755,0.4,4.5E-02));
#221 = DIRECTION('',(0.,-1.,0.));
#222 = DIRECTION('',(0.,0.,1.));
#223 = ORIENTED_EDGE('',*,*,#224,.F.);
#224 = EDGE_CURVE('',#132,#216,#225,.T.);
#225 = LINE('',#226,#227);
#226 = CARTESIAN_POINT('',(-0.755,-0.4,-2.775557561563E-17));
#227 = VECTOR('',#228,1.);
#228 = DIRECTION('',(0.,1.,0.));
#229 = ORIENTED_EDGE('',*,*,#141,.F.);
#230 = CYLINDRICAL_SURFACE('',#231,4.5E-02);
#231 = AXIS2_PLACEMENT_3D('',#232,#233,#234);
#232 = CARTESIAN_POINT('',(-0.755,-0.4,4.5E-02));
#233 = DIRECTION('',(0.,1.,0.));
#234 = DIRECTION('',(-1.,0.,0.));
#235 = ADVANCED_FACE('',(#236),#255,.T.);
#236 = FACE_BOUND('',#237,.T.);
#237 = EDGE_LOOP('',(#238,#239,#247,#254));
#238 = ORIENTED_EDGE('',*,*,#149,.T.);
#239 = ORIENTED_EDGE('',*,*,#240,.T.);
#240 = EDGE_CURVE('',#150,#241,#243,.T.);
#241 = VERTEX_POINT('',#242);
#242 = CARTESIAN_POINT('',(-0.755,0.4,0.45));
#243 = LINE('',#244,#245);
#244 = CARTESIAN_POINT('',(-0.755,-0.4,0.45));
#245 = VECTOR('',#246,1.);
#246 = DIRECTION('',(0.,1.,0.));
#247 = ORIENTED_EDGE('',*,*,#248,.F.);
#248 = EDGE_CURVE('',#110,#241,#249,.T.);
#249 = CIRCLE('',#250,4.5E-02);
#250 = AXIS2_PLACEMENT_3D('',#251,#252,#253);
#251 = CARTESIAN_POINT('',(-0.755,0.4,0.405));
#252 = DIRECTION('',(0.,1.,0.));
#253 = DIRECTION('',(0.,-0.,1.));
#254 = ORIENTED_EDGE('',*,*,#117,.F.);
#255 = CYLINDRICAL_SURFACE('',#256,4.5E-02);
#256 = AXIS2_PLACEMENT_3D('',#257,#258,#259);
#257 = CARTESIAN_POINT('',(-0.755,-0.4,0.405));
#258 = DIRECTION('',(0.,1.,0.));
#259 = DIRECTION('',(-1.,0.,0.));
#260 = ADVANCED_FACE('',(#261),#322,.T.);
#261 = FACE_BOUND('',#262,.T.);
#262 = EDGE_LOOP('',(#263,#271,#272,#273,#274,#282,#291,#299,#307,#315)
  );
#263 = ORIENTED_EDGE('',*,*,#264,.F.);
#264 = EDGE_CURVE('',#216,#265,#267,.T.);
#265 = VERTEX_POINT('',#266);
#266 = CARTESIAN_POINT('',(-0.545,0.4,-2.775557561563E-17));
#267 = LINE('',#268,#269);
#268 = CARTESIAN_POINT('',(-0.8,0.4,0.));
#269 = VECTOR('',#270,1.);
#270 = DIRECTION('',(1.,0.,0.));
#271 = ORIENTED_EDGE('',*,*,#215,.F.);
#272 = ORIENTED_EDGE('',*,*,#109,.T.);
#273 = ORIENTED_EDGE('',*,*,#248,.T.);
#274 = ORIENTED_EDGE('',*,*,#275,.T.);
#275 = EDGE_CURVE('',#241,#276,#278,.T.);
#276 = VERTEX_POINT('',#277);
#277 = CARTESIAN_POINT('',(-0.545,0.4,0.45));
#278 = LINE('',#279,#280);
#279 = CARTESIAN_POINT('',(-0.8,0.4,0.45));
#280 = VECTOR('',#281,1.);
#281 = DIRECTION('',(1.,0.,0.));
#282 = ORIENTED_EDGE('',*,*,#283,.F.);
#283 = EDGE_CURVE('',#284,#276,#286,.T.);
#284 = VERTEX_POINT('',#285);
#285 = CARTESIAN_POINT('',(-0.5,0.4,0.405));
#286 = CIRCLE('',#287,4.5E-02);
#287 = AXIS2_PLACEMENT_3D('',#288,#289,#290);
#288 = CARTESIAN_POINT('',(-0.545,0.4,0.405));
#289 = DIRECTION('',(0.,-1.,0.));
#290 = DIRECTION('',(0.,0.,1.));
#291 = ORIENTED_EDGE('',*,*,#292,.F.);
#292 = EDGE_CURVE('',#293,#284,#295,.T.);
#293 = VERTEX_POINT('',#294);
#294 = CARTESIAN_POINT('',(-0.755,0.4,0.405));
#295 = LINE('',#296,#297);
#296 = CARTESIAN_POINT('',(-0.755,0.4,0.405));
#297 = VECTOR('',#298,1.);
#298 = DIRECTION('',(1.,0.,0.));
#299 = ORIENTED_EDGE('',*,*,#300,.F.);
#300 = EDGE_CURVE('',#301,#293,#303,.T.);
#301 = VERTEX_POINT('',#302);
#302 = CARTESIAN_POINT('',(-0.755,0.4,4.5E-02));
#303 = LINE('',#304,#305);
#304 = CARTESIAN_POINT('',(-0.755,0.4,4.5E-02));
#305 = VECTOR('',#306,1.);
#306 = DIRECTION('',(0.,0.,1.));
#307 = ORIENTED_EDGE('',*,*,#308,.T.);
#308 = EDGE_CURVE('',#301,#309,#311,.T.);
#309 = VERTEX_POINT('',#310);
#310 = CARTESIAN_POINT('',(-0.5,0.4,4.5E-02));
#311 = LINE('',#312,#313);
#312 = CARTESIAN_POINT('',(-0.755,0.4,4.5E-02));
#313 = VECTOR('',#314,1.);
#314 = DIRECTION('',(1.,0.,0.));
#315 = ORIENTED_EDGE('',*,*,#316,.T.);
#316 = EDGE_CURVE('',#309,#265,#317,.T.);
#317 = CIRCLE('',#318,4.5E-02);
#318 = AXIS2_PLACEMENT_3D('',#319,#320,#321);
#319 = CARTESIAN_POINT('',(-0.545,0.4,4.5E-02));
#320 = DIRECTION('',(0.,1.,0.));
#321 = DIRECTION('',(0.,-0.,1.));
#322 = PLANE('',#323);
#323 = AXIS2_PLACEMENT_3D('',#324,#325,#326);
#324 = CARTESIAN_POINT('',(-0.8,0.4,0.));
#325 = DIRECTION('',(0.,1.,0.));
#326 = DIRECTION('',(0.,-0.,1.));
#327 = ADVANCED_FACE('',(#328),#339,.F.);
#328 = FACE_BOUND('',#329,.F.);
#329 = EDGE_LOOP('',(#330,#331,#332,#333));
#330 = ORIENTED_EDGE('',*,*,#264,.F.);
#331 = ORIENTED_EDGE('',*,*,#224,.F.);
#332 = ORIENTED_EDGE('',*,*,#131,.T.);
#333 = ORIENTED_EDGE('',*,*,#334,.T.);
#334 = EDGE_CURVE('',#134,#265,#335,.T.);
#335 = LINE('',#336,#337);
#336 = CARTESIAN_POINT('',(-0.545,-0.4,-2.775557561563E-17));
#337 = VECTOR('',#338,1.);
#338 = DIRECTION('',(0.,1.,0.));
#339 = PLANE('',#340);
#340 = AXIS2_PLACEMENT_3D('',#341,#342,#343);
#341 = CARTESIAN_POINT('',(-0.8,-0.4,0.));
#342 = DIRECTION('',(0.,0.,1.));
#343 = DIRECTION('',(1.,0.,-0.));
#344 = ADVANCED_FACE('',(#345),#356,.T.);
#345 = FACE_BOUND('',#346,.T.);
#346 = EDGE_LOOP('',(#347,#348,#349,#350));
#347 = ORIENTED_EDGE('',*,*,#199,.T.);
#348 = ORIENTED_EDGE('',*,*,#334,.T.);
#349 = ORIENTED_EDGE('',*,*,#316,.F.);
#350 = ORIENTED_EDGE('',*,*,#351,.F.);
#351 = EDGE_CURVE('',#192,#309,#352,.T.);
#352 = LINE('',#353,#354);
#353 = CARTESIAN_POINT('',(-0.5,-0.4,4.5E-02));
#354 = VECTOR('',#355,1.);
#355 = DIRECTION('',(0.,1.,0.));
#356 = CYLINDRICAL_SURFACE('',#357,4.5E-02);
#357 = AXIS2_PLACEMENT_3D('',#358,#359,#360);
#358 = CARTESIAN_POINT('',(-0.545,-0.4,4.5E-02));
#359 = DIRECTION('',(0.,1.,0.));
#360 = DIRECTION('',(1.,0.,0.));
#361 = ADVANCED_FACE('',(#362),#405,.F.);
#362 = FACE_BOUND('',#363,.F.);
#363 = EDGE_LOOP('',(#364,#365,#366,#367,#375,#383,#391,#399));
#364 = ORIENTED_EDGE('',*,*,#191,.F.);
#365 = ORIENTED_EDGE('',*,*,#183,.T.);
#366 = ORIENTED_EDGE('',*,*,#175,.T.);
#367 = ORIENTED_EDGE('',*,*,#368,.T.);
#368 = EDGE_CURVE('',#167,#369,#371,.T.);
#369 = VERTEX_POINT('',#370);
#370 = CARTESIAN_POINT('',(0.5,-0.4,0.405));
#371 = LINE('',#372,#373);
#372 = CARTESIAN_POINT('',(-0.5,-0.4,0.405));
#373 = VECTOR('',#374,1.);
#374 = DIRECTION('',(1.,0.,0.));
#375 = ORIENTED_EDGE('',*,*,#376,.T.);
#376 = EDGE_CURVE('',#369,#377,#379,.T.);
#377 = VERTEX_POINT('',#378);
#378 = CARTESIAN_POINT('',(0.755,-0.4,0.405));
#379 = LINE('',#380,#381);
#380 = CARTESIAN_POINT('',(-0.755,-0.4,0.405));
#381 = VECTOR('',#382,1.);
#382 = DIRECTION('',(1.,0.,0.));
#383 = ORIENTED_EDGE('',*,*,#384,.F.);
#384 = EDGE_CURVE('',#385,#377,#387,.T.);
#385 = VERTEX_POINT('',#386);
#386 = CARTESIAN_POINT('',(0.755,-0.4,4.5E-02));
#387 = LINE('',#388,#389);
#388 = CARTESIAN_POINT('',(0.755,-0.4,4.5E-02));
#389 = VECTOR('',#390,1.);
#390 = DIRECTION('',(0.,0.,1.));
#391 = ORIENTED_EDGE('',*,*,#392,.F.);
#392 = EDGE_CURVE('',#393,#385,#395,.T.);
#393 = VERTEX_POINT('',#394);
#394 = CARTESIAN_POINT('',(0.5,-0.4,4.5E-02));
#395 = LINE('',#396,#397);
#396 = CARTESIAN_POINT('',(-0.755,-0.4,4.5E-02));
#397 = VECTOR('',#398,1.);
#398 = DIRECTION('',(1.,0.,0.));
#399 = ORIENTED_EDGE('',*,*,#400,.F.);
#400 = EDGE_CURVE('',#192,#393,#401,.T.);
#401 = LINE('',#402,#403);
#402 = CARTESIAN_POINT('',(-0.755,-0.4,4.5E-02));
#403 = VECTOR('',#404,1.);
#404 = DIRECTION('',(1.,0.,0.));
#405 = PLANE('',#406);
#406 = AXIS2_PLACEMENT_3D('',#407,#408,#409);
#407 = CARTESIAN_POINT('',(-0.755,-0.4,4.5E-02));
#408 = DIRECTION('',(0.,1.,0.));
#409 = DIRECTION('',(0.,-0.,1.));
#410 = ADVANCED_FACE('',(#411),#422,.T.);
#411 = FACE_BOUND('',#412,.T.);
#412 = EDGE_LOOP('',(#413,#414,#415,#416));
#413 = ORIENTED_EDGE('',*,*,#275,.F.);
#414 = ORIENTED_EDGE('',*,*,#240,.F.);
#415 = ORIENTED_EDGE('',*,*,#158,.T.);
#416 = ORIENTED_EDGE('',*,*,#417,.T.);
#417 = EDGE_CURVE('',#159,#276,#418,.T.);
#418 = LINE('',#419,#420);
#419 = CARTESIAN_POINT('',(-0.545,-0.4,0.45));
#420 = VECTOR('',#421,1.);
#421 = DIRECTION('',(0.,1.,0.));
#422 = PLANE('',#423);
#423 = AXIS2_PLACEMENT_3D('',#424,#425,#426);
#424 = CARTESIAN_POINT('',(-0.8,-0.4,0.45));
#425 = DIRECTION('',(0.,0.,1.));
#426 = DIRECTION('',(1.,0.,-0.));
#427 = ADVANCED_FACE('',(#428),#439,.T.);
#428 = FACE_BOUND('',#429,.T.);
#429 = EDGE_LOOP('',(#430,#436,#437,#438));
#430 = ORIENTED_EDGE('',*,*,#431,.T.);
#431 = EDGE_CURVE('',#167,#284,#432,.T.);
#432 = LINE('',#433,#434);
#433 = CARTESIAN_POINT('',(-0.5,-0.4,0.405));
#434 = VECTOR('',#435,1.);
#435 = DIRECTION('',(0.,1.,0.));
#436 = ORIENTED_EDGE('',*,*,#283,.T.);
#437 = ORIENTED_EDGE('',*,*,#417,.F.);
#438 = ORIENTED_EDGE('',*,*,#166,.F.);
#439 = CYLINDRICAL_SURFACE('',#440,4.5E-02);
#440 = AXIS2_PLACEMENT_3D('',#441,#442,#443);
#441 = CARTESIAN_POINT('',(-0.545,-0.4,0.405));
#442 = DIRECTION('',(0.,1.,0.));
#443 = DIRECTION('',(1.,0.,0.));
#444 = ADVANCED_FACE('',(#445),#488,.T.);
#445 = FACE_BOUND('',#446,.T.);
#446 = EDGE_LOOP('',(#447,#448,#449,#450,#458,#466,#474,#482));
#447 = ORIENTED_EDGE('',*,*,#308,.F.);
#448 = ORIENTED_EDGE('',*,*,#300,.T.);
#449 = ORIENTED_EDGE('',*,*,#292,.T.);
#450 = ORIENTED_EDGE('',*,*,#451,.T.);
#451 = EDGE_CURVE('',#284,#452,#454,.T.);
#452 = VERTEX_POINT('',#453);
#453 = CARTESIAN_POINT('',(0.5,0.4,0.405));
#454 = LINE('',#455,#456);
#455 = CARTESIAN_POINT('',(-0.5,0.4,0.405));
#456 = VECTOR('',#457,1.);
#457 = DIRECTION('',(1.,0.,0.));
#458 = ORIENTED_EDGE('',*,*,#459,.T.);
#459 = EDGE_CURVE('',#452,#460,#462,.T.);
#460 = VERTEX_POINT('',#461);
#461 = CARTESIAN_POINT('',(0.755,0.4,0.405));
#462 = LINE('',#463,#464);
#463 = CARTESIAN_POINT('',(-0.755,0.4,0.405));
#464 = VECTOR('',#465,1.);
#465 = DIRECTION('',(1.,0.,0.));
#466 = ORIENTED_EDGE('',*,*,#467,.F.);
#467 = EDGE_CURVE('',#468,#460,#470,.T.);
#468 = VERTEX_POINT('',#469);
#469 = CARTESIAN_POINT('',(0.755,0.4,4.5E-02));
#470 = LINE('',#471,#472);
#471 = CARTESIAN_POINT('',(0.755,0.4,4.5E-02));
#472 = VECTOR('',#473,1.);
#473 = DIRECTION('',(0.,0.,1.));
#474 = ORIENTED_EDGE('',*,*,#475,.F.);
#475 = EDGE_CURVE('',#476,#468,#478,.T.);
#476 = VERTEX_POINT('',#477);
#477 = CARTESIAN_POINT('',(0.5,0.4,4.5E-02));
#478 = LINE('',#479,#480);
#479 = CARTESIAN_POINT('',(-0.755,0.4,4.5E-02));
#480 = VECTOR('',#481,1.);
#481 = DIRECTION('',(1.,0.,0.));
#482 = ORIENTED_EDGE('',*,*,#483,.F.);
#483 = EDGE_CURVE('',#309,#476,#484,.T.);
#484 = LINE('',#485,#486);
#485 = CARTESIAN_POINT('',(-0.755,0.4,4.5E-02));
#486 = VECTOR('',#487,1.);
#487 = DIRECTION('',(1.,0.,0.));
#488 = PLANE('',#489);
#489 = AXIS2_PLACEMENT_3D('',#490,#491,#492);
#490 = CARTESIAN_POINT('',(-0.755,0.4,4.5E-02));
#491 = DIRECTION('',(0.,1.,0.));
#492 = DIRECTION('',(0.,-0.,1.));
#493 = ADVANCED_FACE('',(#494),#505,.F.);
#494 = FACE_BOUND('',#495,.F.);
#495 = EDGE_LOOP('',(#496,#497,#498,#504));
#496 = ORIENTED_EDGE('',*,*,#351,.F.);
#497 = ORIENTED_EDGE('',*,*,#400,.T.);
#498 = ORIENTED_EDGE('',*,*,#499,.T.);
#499 = EDGE_CURVE('',#393,#476,#500,.T.);
#500 = LINE('',#501,#502);
#501 = CARTESIAN_POINT('',(0.5,-0.4,4.5E-02));
#502 = VECTOR('',#503,1.);
#503 = DIRECTION('',(0.,1.,0.));
#504 = ORIENTED_EDGE('',*,*,#483,.F.);
#505 = PLANE('',#506);
#506 = AXIS2_PLACEMENT_3D('',#507,#508,#509);
#507 = CARTESIAN_POINT('',(-0.755,-0.4,4.5E-02));
#508 = DIRECTION('',(0.,0.,1.));
#509 = DIRECTION('',(1.,0.,-0.));
#510 = ADVANCED_FACE('',(#511),#574,.F.);
#511 = FACE_BOUND('',#512,.F.);
#512 = EDGE_LOOP('',(#513,#523,#530,#531,#532,#533,#542,#550,#559,#567)
  );
#513 = ORIENTED_EDGE('',*,*,#514,.F.);
#514 = EDGE_CURVE('',#515,#517,#519,.T.);
#515 = VERTEX_POINT('',#516);
#516 = CARTESIAN_POINT('',(0.545,-0.4,-2.775557561563E-17));
#517 = VERTEX_POINT('',#518);
#518 = CARTESIAN_POINT('',(0.755,-0.4,-2.775557561563E-17));
#519 = LINE('',#520,#521);
#520 = CARTESIAN_POINT('',(0.5,-0.4,0.));
#521 = VECTOR('',#522,1.);
#522 = DIRECTION('',(1.,0.,0.));
#523 = ORIENTED_EDGE('',*,*,#524,.F.);
#524 = EDGE_CURVE('',#393,#515,#525,.T.);
#525 = CIRCLE('',#526,4.5E-02);
#526 = AXIS2_PLACEMENT_3D('',#527,#528,#529);
#527 = CARTESIAN_POINT('',(0.545,-0.4,4.5E-02));
#528 = DIRECTION('',(0.,-1.,0.));
#529 = DIRECTION('',(0.,0.,1.));
#530 = ORIENTED_EDGE('',*,*,#392,.T.);
#531 = ORIENTED_EDGE('',*,*,#384,.T.);
#532 = ORIENTED_EDGE('',*,*,#376,.F.);
#533 = ORIENTED_EDGE('',*,*,#534,.T.);
#534 = EDGE_CURVE('',#369,#535,#537,.T.);
#535 = VERTEX_POINT('',#536);
#536 = CARTESIAN_POINT('',(0.545,-0.4,0.45));
#537 = CIRCLE('',#538,4.5E-02);
#538 = AXIS2_PLACEMENT_3D('',#539,#540,#541);
#539 = CARTESIAN_POINT('',(0.545,-0.4,0.405));
#540 = DIRECTION('',(0.,1.,0.));
#541 = DIRECTION('',(0.,-0.,1.));
#542 = ORIENTED_EDGE('',*,*,#543,.T.);
#543 = EDGE_CURVE('',#535,#544,#546,.T.);
#544 = VERTEX_POINT('',#545);
#545 = CARTESIAN_POINT('',(0.755,-0.4,0.45));
#546 = LINE('',#547,#548);
#547 = CARTESIAN_POINT('',(0.5,-0.4,0.45));
#548 = VECTOR('',#549,1.);
#549 = DIRECTION('',(1.,0.,0.));
#550 = ORIENTED_EDGE('',*,*,#551,.F.);
#551 = EDGE_CURVE('',#552,#544,#554,.T.);
#552 = VERTEX_POINT('',#553);
#553 = CARTESIAN_POINT('',(0.8,-0.4,0.405));
#554 = CIRCLE('',#555,4.5E-02);
#555 = AXIS2_PLACEMENT_3D('',#556,#557,#558);
#556 = CARTESIAN_POINT('',(0.755,-0.4,0.405));
#557 = DIRECTION('',(0.,-1.,0.));
#558 = DIRECTION('',(0.,0.,1.));
#559 = ORIENTED_EDGE('',*,*,#560,.F.);
#560 = EDGE_CURVE('',#561,#552,#563,.T.);
#561 = VERTEX_POINT('',#562);
#562 = CARTESIAN_POINT('',(0.8,-0.4,4.5E-02));
#563 = LINE('',#564,#565);
#564 = CARTESIAN_POINT('',(0.8,-0.4,0.));
#565 = VECTOR('',#566,1.);
#566 = DIRECTION('',(0.,0.,1.));
#567 = ORIENTED_EDGE('',*,*,#568,.T.);
#568 = EDGE_CURVE('',#561,#517,#569,.T.);
#569 = CIRCLE('',#570,4.5E-02);
#570 = AXIS2_PLACEMENT_3D('',#571,#572,#573);
#571 = CARTESIAN_POINT('',(0.755,-0.4,4.5E-02));
#572 = DIRECTION('',(0.,1.,0.));
#573 = DIRECTION('',(0.,-0.,1.));
#574 = PLANE('',#575);
#575 = AXIS2_PLACEMENT_3D('',#576,#577,#578);
#576 = CARTESIAN_POINT('',(0.5,-0.4,0.));
#577 = DIRECTION('',(0.,1.,0.));
#578 = DIRECTION('',(0.,-0.,1.));
#579 = ADVANCED_FACE('',(#580),#605,.F.);
#580 = FACE_BOUND('',#581,.F.);
#581 = EDGE_LOOP('',(#582,#583,#591,#599));
#582 = ORIENTED_EDGE('',*,*,#368,.F.);
#583 = ORIENTED_EDGE('',*,*,#584,.T.);
#584 = EDGE_CURVE('',#167,#585,#587,.T.);
#585 = VERTEX_POINT('',#586);
#586 = CARTESIAN_POINT('',(-0.5,-0.4,0.45));
#587 = LINE('',#588,#589);
#588 = CARTESIAN_POINT('',(-0.5,-0.4,0.405));
#589 = VECTOR('',#590,1.);
#590 = DIRECTION('',(0.,0.,1.));
#591 = ORIENTED_EDGE('',*,*,#592,.T.);
#592 = EDGE_CURVE('',#585,#593,#595,.T.);
#593 = VERTEX_POINT('',#594);
#594 = CARTESIAN_POINT('',(0.5,-0.4,0.45));
#595 = LINE('',#596,#597);
#596 = CARTESIAN_POINT('',(-0.5,-0.4,0.45));
#597 = VECTOR('',#598,1.);
#598 = DIRECTION('',(1.,0.,0.));
#599 = ORIENTED_EDGE('',*,*,#600,.F.);
#600 = EDGE_CURVE('',#369,#593,#601,.T.);
#601 = LINE('',#602,#603);
#602 = CARTESIAN_POINT('',(0.5,-0.4,0.405));
#603 = VECTOR('',#604,1.);
#604 = DIRECTION('',(0.,0.,1.));
#605 = PLANE('',#606);
#606 = AXIS2_PLACEMENT_3D('',#607,#608,#609);
#607 = CARTESIAN_POINT('',(-0.5,-0.4,0.405));
#608 = DIRECTION('',(0.,1.,0.));
#609 = DIRECTION('',(0.,-0.,1.));
#610 = ADVANCED_FACE('',(#611),#629,.F.);
#611 = FACE_BOUND('',#612,.F.);
#612 = EDGE_LOOP('',(#613,#614,#615,#623));
#613 = ORIENTED_EDGE('',*,*,#584,.F.);
#614 = ORIENTED_EDGE('',*,*,#431,.T.);
#615 = ORIENTED_EDGE('',*,*,#616,.T.);
#616 = EDGE_CURVE('',#284,#617,#619,.T.);
#617 = VERTEX_POINT('',#618);
#618 = CARTESIAN_POINT('',(-0.5,0.4,0.45));
#619 = LINE('',#620,#621);
#620 = CARTESIAN_POINT('',(-0.5,0.4,0.405));
#621 = VECTOR('',#622,1.);
#622 = DIRECTION('',(0.,0.,1.));
#623 = ORIENTED_EDGE('',*,*,#624,.F.);
#624 = EDGE_CURVE('',#585,#617,#625,.T.);
#625 = LINE('',#626,#627);
#626 = CARTESIAN_POINT('',(-0.5,-0.4,0.45));
#627 = VECTOR('',#628,1.);
#628 = DIRECTION('',(0.,1.,0.));
#629 = PLANE('',#630);
#630 = AXIS2_PLACEMENT_3D('',#631,#632,#633);
#631 = CARTESIAN_POINT('',(-0.5,-0.4,0.405));
#632 = DIRECTION('',(1.,0.,0.));
#633 = DIRECTION('',(0.,0.,1.));
#634 = ADVANCED_FACE('',(#635),#698,.T.);
#635 = FACE_BOUND('',#636,.T.);
#636 = EDGE_LOOP('',(#637,#647,#654,#655,#656,#657,#666,#674,#683,#691)
  );
#637 = ORIENTED_EDGE('',*,*,#638,.F.);
#638 = EDGE_CURVE('',#639,#641,#643,.T.);
#639 = VERTEX_POINT('',#640);
#640 = CARTESIAN_POINT('',(0.545,0.4,-2.775557561563E-17));
#641 = VERTEX_POINT('',#642);
#642 = CARTESIAN_POINT('',(0.755,0.4,-2.775557561563E-17));
#643 = LINE('',#644,#645);
#644 = CARTESIAN_POINT('',(0.5,0.4,0.));
#645 = VECTOR('',#646,1.);
#646 = DIRECTION('',(1.,0.,0.));
#647 = ORIENTED_EDGE('',*,*,#648,.F.);
#648 = EDGE_CURVE('',#476,#639,#649,.T.);
#649 = CIRCLE('',#650,4.5E-02);
#650 = AXIS2_PLACEMENT_3D('',#651,#652,#653);
#651 = CARTESIAN_POINT('',(0.545,0.4,4.5E-02));
#652 = DIRECTION('',(0.,-1.,0.));
#653 = DIRECTION('',(0.,0.,1.));
#654 = ORIENTED_EDGE('',*,*,#475,.T.);
#655 = ORIENTED_EDGE('',*,*,#467,.T.);
#656 = ORIENTED_EDGE('',*,*,#459,.F.);
#657 = ORIENTED_EDGE('',*,*,#658,.T.);
#658 = EDGE_CURVE('',#452,#659,#661,.T.);
#659 = VERTEX_POINT('',#660);
#660 = CARTESIAN_POINT('',(0.545,0.4,0.45));
#661 = CIRCLE('',#662,4.5E-02);
#662 = AXIS2_PLACEMENT_3D('',#663,#664,#665);
#663 = CARTESIAN_POINT('',(0.545,0.4,0.405));
#664 = DIRECTION('',(0.,1.,0.));
#665 = DIRECTION('',(0.,-0.,1.));
#666 = ORIENTED_EDGE('',*,*,#667,.T.);
#667 = EDGE_CURVE('',#659,#668,#670,.T.);
#668 = VERTEX_POINT('',#669);
#669 = CARTESIAN_POINT('',(0.755,0.4,0.45));
#670 = LINE('',#671,#672);
#671 = CARTESIAN_POINT('',(0.5,0.4,0.45));
#672 = VECTOR('',#673,1.);
#673 = DIRECTION('',(1.,0.,0.));
#674 = ORIENTED_EDGE('',*,*,#675,.F.);
#675 = EDGE_CURVE('',#676,#668,#678,.T.);
#676 = VERTEX_POINT('',#677);
#677 = CARTESIAN_POINT('',(0.8,0.4,0.405));
#678 = CIRCLE('',#679,4.5E-02);
#679 = AXIS2_PLACEMENT_3D('',#680,#681,#682);
#680 = CARTESIAN_POINT('',(0.755,0.4,0.405));
#681 = DIRECTION('',(0.,-1.,0.));
#682 = DIRECTION('',(0.,0.,1.));
#683 = ORIENTED_EDGE('',*,*,#684,.F.);
#684 = EDGE_CURVE('',#685,#676,#687,.T.);
#685 = VERTEX_POINT('',#686);
#686 = CARTESIAN_POINT('',(0.8,0.4,4.5E-02));
#687 = LINE('',#688,#689);
#688 = CARTESIAN_POINT('',(0.8,0.4,0.));
#689 = VECTOR('',#690,1.);
#690 = DIRECTION('',(0.,0.,1.));
#691 = ORIENTED_EDGE('',*,*,#692,.T.);
#692 = EDGE_CURVE('',#685,#641,#693,.T.);
#693 = CIRCLE('',#694,4.5E-02);
#694 = AXIS2_PLACEMENT_3D('',#695,#696,#697);
#695 = CARTESIAN_POINT('',(0.755,0.4,4.5E-02));
#696 = DIRECTION('',(0.,1.,0.));
#697 = DIRECTION('',(0.,-0.,1.));
#698 = PLANE('',#699);
#699 = AXIS2_PLACEMENT_3D('',#700,#701,#702);
#700 = CARTESIAN_POINT('',(0.5,0.4,0.));
#701 = DIRECTION('',(0.,1.,0.));
#702 = DIRECTION('',(0.,-0.,1.));
#703 = ADVANCED_FACE('',(#704),#722,.T.);
#704 = FACE_BOUND('',#705,.T.);
#705 = EDGE_LOOP('',(#706,#707,#708,#716));
#706 = ORIENTED_EDGE('',*,*,#451,.F.);
#707 = ORIENTED_EDGE('',*,*,#616,.T.);
#708 = ORIENTED_EDGE('',*,*,#709,.T.);
#709 = EDGE_CURVE('',#617,#710,#712,.T.);
#710 = VERTEX_POINT('',#711);
#711 = CARTESIAN_POINT('',(0.5,0.4,0.45));
#712 = LINE('',#713,#714);
#713 = CARTESIAN_POINT('',(-0.5,0.4,0.45));
#714 = VECTOR('',#715,1.);
#715 = DIRECTION('',(1.,0.,0.));
#716 = ORIENTED_EDGE('',*,*,#717,.F.);
#717 = EDGE_CURVE('',#452,#710,#718,.T.);
#718 = LINE('',#719,#720);
#719 = CARTESIAN_POINT('',(0.5,0.4,0.405));
#720 = VECTOR('',#721,1.);
#721 = DIRECTION('',(0.,0.,1.));
#722 = PLANE('',#723);
#723 = AXIS2_PLACEMENT_3D('',#724,#725,#726);
#724 = CARTESIAN_POINT('',(-0.5,0.4,0.405));
#725 = DIRECTION('',(0.,1.,0.));
#726 = DIRECTION('',(0.,-0.,1.));
#727 = ADVANCED_FACE('',(#728),#739,.T.);
#728 = FACE_BOUND('',#729,.T.);
#729 = EDGE_LOOP('',(#730,#731,#732,#738));
#730 = ORIENTED_EDGE('',*,*,#499,.T.);
#731 = ORIENTED_EDGE('',*,*,#648,.T.);
#732 = ORIENTED_EDGE('',*,*,#733,.F.);
#733 = EDGE_CURVE('',#515,#639,#734,.T.);
#734 = LINE('',#735,#736);
#735 = CARTESIAN_POINT('',(0.545,-0.4,-2.775557561563E-17));
#736 = VECTOR('',#737,1.);
#737 = DIRECTION('',(0.,1.,0.));
#738 = ORIENTED_EDGE('',*,*,#524,.F.);
#739 = CYLINDRICAL_SURFACE('',#740,4.5E-02);
#740 = AXIS2_PLACEMENT_3D('',#741,#742,#743);
#741 = CARTESIAN_POINT('',(0.545,-0.4,4.5E-02));
#742 = DIRECTION('',(0.,1.,0.));
#743 = DIRECTION('',(-1.,0.,0.));
#744 = ADVANCED_FACE('',(#745),#756,.F.);
#745 = FACE_BOUND('',#746,.F.);
#746 = EDGE_LOOP('',(#747,#748,#749,#750));
#747 = ORIENTED_EDGE('',*,*,#638,.F.);
#748 = ORIENTED_EDGE('',*,*,#733,.F.);
#749 = ORIENTED_EDGE('',*,*,#514,.T.);
#750 = ORIENTED_EDGE('',*,*,#751,.T.);
#751 = EDGE_CURVE('',#517,#641,#752,.T.);
#752 = LINE('',#753,#754);
#753 = CARTESIAN_POINT('',(0.755,-0.4,-2.775557561563E-17));
#754 = VECTOR('',#755,1.);
#755 = DIRECTION('',(0.,1.,0.));
#756 = PLANE('',#757);
#757 = AXIS2_PLACEMENT_3D('',#758,#759,#760);
#758 = CARTESIAN_POINT('',(0.5,-0.4,0.));
#759 = DIRECTION('',(0.,0.,1.));
#760 = DIRECTION('',(1.,0.,-0.));
#761 = ADVANCED_FACE('',(#762),#773,.T.);
#762 = FACE_BOUND('',#763,.T.);
#763 = EDGE_LOOP('',(#764,#765,#766,#767));
#764 = ORIENTED_EDGE('',*,*,#568,.T.);
#765 = ORIENTED_EDGE('',*,*,#751,.T.);
#766 = ORIENTED_EDGE('',*,*,#692,.F.);
#767 = ORIENTED_EDGE('',*,*,#768,.F.);
#768 = EDGE_CURVE('',#561,#685,#769,.T.);
#769 = LINE('',#770,#771);
#770 = CARTESIAN_POINT('',(0.8,-0.4,4.5E-02));
#771 = VECTOR('',#772,1.);
#772 = DIRECTION('',(0.,1.,0.));
#773 = CYLINDRICAL_SURFACE('',#774,4.5E-02);
#774 = AXIS2_PLACEMENT_3D('',#775,#776,#777);
#775 = CARTESIAN_POINT('',(0.755,-0.4,4.5E-02));
#776 = DIRECTION('',(0.,1.,0.));
#777 = DIRECTION('',(1.,0.,0.));
#778 = ADVANCED_FACE('',(#779),#790,.T.);
#779 = FACE_BOUND('',#780,.T.);
#780 = EDGE_LOOP('',(#781,#782,#783,#784));
#781 = ORIENTED_EDGE('',*,*,#560,.F.);
#782 = ORIENTED_EDGE('',*,*,#768,.T.);
#783 = ORIENTED_EDGE('',*,*,#684,.T.);
#784 = ORIENTED_EDGE('',*,*,#785,.F.);
#785 = EDGE_CURVE('',#552,#676,#786,.T.);
#786 = LINE('',#787,#788);
#787 = CARTESIAN_POINT('',(0.8,-0.4,0.405));
#788 = VECTOR('',#789,1.);
#789 = DIRECTION('',(0.,1.,0.));
#790 = PLANE('',#791);
#791 = AXIS2_PLACEMENT_3D('',#792,#793,#794);
#792 = CARTESIAN_POINT('',(0.8,-0.4,0.));
#793 = DIRECTION('',(1.,0.,0.));
#794 = DIRECTION('',(0.,0.,1.));
#795 = ADVANCED_FACE('',(#796),#807,.T.);
#796 = FACE_BOUND('',#797,.T.);
#797 = EDGE_LOOP('',(#798,#799,#800,#806));
#798 = ORIENTED_EDGE('',*,*,#785,.T.);
#799 = ORIENTED_EDGE('',*,*,#675,.T.);
#800 = ORIENTED_EDGE('',*,*,#801,.F.);
#801 = EDGE_CURVE('',#544,#668,#802,.T.);
#802 = LINE('',#803,#804);
#803 = CARTESIAN_POINT('',(0.755,-0.4,0.45));
#804 = VECTOR('',#805,1.);
#805 = DIRECTION('',(0.,1.,0.));
#806 = ORIENTED_EDGE('',*,*,#551,.F.);
#807 = CYLINDRICAL_SURFACE('',#808,4.5E-02);
#808 = AXIS2_PLACEMENT_3D('',#809,#810,#811);
#809 = CARTESIAN_POINT('',(0.755,-0.4,0.405));
#810 = DIRECTION('',(0.,1.,0.));
#811 = DIRECTION('',(1.,0.,0.));
#812 = ADVANCED_FACE('',(#813),#824,.T.);
#813 = FACE_BOUND('',#814,.T.);
#814 = EDGE_LOOP('',(#815,#816,#822,#823));
#815 = ORIENTED_EDGE('',*,*,#667,.F.);
#816 = ORIENTED_EDGE('',*,*,#817,.F.);
#817 = EDGE_CURVE('',#535,#659,#818,.T.);
#818 = LINE('',#819,#820);
#819 = CARTESIAN_POINT('',(0.545,-0.4,0.45));
#820 = VECTOR('',#821,1.);
#821 = DIRECTION('',(0.,1.,0.));
#822 = ORIENTED_EDGE('',*,*,#543,.T.);
#823 = ORIENTED_EDGE('',*,*,#801,.T.);
#824 = PLANE('',#825);
#825 = AXIS2_PLACEMENT_3D('',#826,#827,#828);
#826 = CARTESIAN_POINT('',(0.5,-0.4,0.45));
#827 = DIRECTION('',(0.,0.,1.));
#828 = DIRECTION('',(1.,0.,-0.));
#829 = ADVANCED_FACE('',(#830),#841,.T.);
#830 = FACE_BOUND('',#831,.T.);
#831 = EDGE_LOOP('',(#832,#833,#834,#835));
#832 = ORIENTED_EDGE('',*,*,#534,.T.);
#833 = ORIENTED_EDGE('',*,*,#817,.T.);
#834 = ORIENTED_EDGE('',*,*,#658,.F.);
#835 = ORIENTED_EDGE('',*,*,#836,.F.);
#836 = EDGE_CURVE('',#369,#452,#837,.T.);
#837 = LINE('',#838,#839);
#838 = CARTESIAN_POINT('',(0.5,-0.4,0.405));
#839 = VECTOR('',#840,1.);
#840 = DIRECTION('',(0.,1.,0.));
#841 = CYLINDRICAL_SURFACE('',#842,4.5E-02);
#842 = AXIS2_PLACEMENT_3D('',#843,#844,#845);
#843 = CARTESIAN_POINT('',(0.545,-0.4,0.405));
#844 = DIRECTION('',(0.,1.,0.));
#845 = DIRECTION('',(-1.,0.,0.));
#846 = ADVANCED_FACE('',(#847),#858,.T.);
#847 = FACE_BOUND('',#848,.T.);
#848 = EDGE_LOOP('',(#849,#850,#851,#852));
#849 = ORIENTED_EDGE('',*,*,#600,.F.);
#850 = ORIENTED_EDGE('',*,*,#836,.T.);
#851 = ORIENTED_EDGE('',*,*,#717,.T.);
#852 = ORIENTED_EDGE('',*,*,#853,.F.);
#853 = EDGE_CURVE('',#593,#710,#854,.T.);
#854 = LINE('',#855,#856);
#855 = CARTESIAN_POINT('',(0.5,-0.4,0.45));
#856 = VECTOR('',#857,1.);
#857 = DIRECTION('',(0.,1.,0.));
#858 = PLANE('',#859);
#859 = AXIS2_PLACEMENT_3D('',#860,#861,#862);
#860 = CARTESIAN_POINT('',(0.5,-0.4,0.405));
#861 = DIRECTION('',(1.,0.,0.));
#862 = DIRECTION('',(0.,0.,1.));
#863 = ADVANCED_FACE('',(#864),#870,.T.);
#864 = FACE_BOUND('',#865,.T.);
#865 = EDGE_LOOP('',(#866,#867,#868,#869));
#866 = ORIENTED_EDGE('',*,*,#624,.F.);
#867 = ORIENTED_EDGE('',*,*,#592,.T.);
#868 = ORIENTED_EDGE('',*,*,#853,.T.);
#869 = ORIENTED_EDGE('',*,*,#709,.F.);
#870 = PLANE('',#871);
#871 = AXIS2_PLACEMENT_3D('',#872,#873,#874);
#872 = CARTESIAN_POINT('',(-0.5,-0.4,0.45));
#873 = DIRECTION('',(0.,0.,1.));
#874 = DIRECTION('',(1.,0.,-0.));
#875 = ( GEOMETRIC_REPRESENTATION_CONTEXT(3) 
GLOBAL_UNCERTAINTY_ASSIGNED_CONTEXT((#879)) GLOBAL_UNIT_ASSIGNED_CONTEXT
((#876,#877,#878)) REPRESENTATION_CONTEXT('Context #1',
  '3D Context with UNIT and UNCERTAINTY') );
#876 = ( LENGTH_UNIT() NAMED_UNIT(*) SI_UNIT(.MILLI.,.METRE.) );
#877 = ( NAMED_UNIT(*) PLANE_ANGLE_UNIT() SI_UNIT($,.RADIAN.) );
#878 = ( NAMED_UNIT(*) SI_UNIT($,.STERADIAN.) SOLID_ANGLE_UNIT() );
#879 = UNCERTAINTY_MEASURE_WITH_UNIT(LENGTH_MEASURE(1.E-07),#876,
  'distance_accuracy_value','confusion accuracy');
#880 = CONTEXT_DEPENDENT_SHAPE_REPRESENTATION(#881,#883);
#881 = ( REPRESENTATION_RELATIONSHIP('','',#84,#10) 
REPRESENTATION_RELATIONSHIP_WITH_TRANSFORMATION(#882) 
SHAPE_REPRESENTATION_RELATIONSHIP() );
#882 = ITEM_DEFINED_TRANSFORMATION('','',#11,#15);
#883 = PRODUCT_DEFINITION_SHAPE('Placement','Placement of an item',#884
  );
#884 = NEXT_ASSEMBLY_USAGE_OCCURRENCE('1','R3','',#5,#79,$);
#885 = PRODUCT_RELATED_PRODUCT_CATEGORY('part',$,(#81));
#886 = SHAPE_DEFINITION_REPRESENTATION(#887,#893);
#887 = PRODUCT_DEFINITION_SHAPE('','',#888);
#888 = PRODUCT_DEFINITION('design','',#889,#892);
#889 = PRODUCT_DEFINITION_FORMATION('','',#890);
#890 = PRODUCT('C_0603_1608Metric','C_0603_1608Metric','',(#891));
#891 = PRODUCT_CONTEXT('',#2,'mechanical');
#892 = PRODUCT_DEFINITION_CONTEXT('part definition',#2,'design');
#893 = ADVANCED_BREP_SHAPE_REPRESENTATION('',(#11,#894),#1748);
#894 = MANIFOLD_SOLID_BREP('',#895);
#895 = CLOSED_SHELL('',(#896,#972,#1003,#1028,#1053,#1077,#1101,#1126,
    #1151,#1168,#1254,#1286,#1310,#1335,#1359,#1384,#1408,#1433,#1450,
    #1536,#1567,#1592,#1617,#1641,#1665,#1690,#1715,#1732));
#896 = ADVANCED_FACE('',(#897),#967,.F.);
#897 = FACE_BOUND('',#898,.F.);
#898 = EDGE_LOOP('',(#899,#909,#918,#926,#935,#943,#952,#960));
#899 = ORIENTED_EDGE('',*,*,#900,.F.);
#900 = EDGE_CURVE('',#901,#903,#905,.T.);
#901 = VERTEX_POINT('',#902);
#902 = CARTESIAN_POINT('',(-0.8,-0.4,3.E-02));
#903 = VERTEX_POINT('',#904);
#904 = CARTESIAN_POINT('',(-0.8,-0.4,0.77));
#905 = LINE('',#906,#907);
#906 = CARTESIAN_POINT('',(-0.8,-0.4,0.));
#907 = VECTOR('',#908,1.);
#908 = DIRECTION('',(0.,0.,1.));
#909 = ORIENTED_EDGE('',*,*,#910,.T.);
#910 = EDGE_CURVE('',#901,#911,#913,.T.);
#911 = VERTEX_POINT('',#912);
#912 = CARTESIAN_POINT('',(-0.8,-0.37,0.));
#913 = CIRCLE('',#914,3.E-02);
#914 = AXIS2_PLACEMENT_3D('',#915,#916,#917);
#915 = CARTESIAN_POINT('',(-0.8,-0.37,3.E-02));
#916 = DIRECTION('',(1.,0.,-0.));
#917 = DIRECTION('',(0.,0.,1.));
#918 = ORIENTED_EDGE('',*,*,#919,.T.);
#919 = EDGE_CURVE('',#911,#920,#922,.T.);
#920 = VERTEX_POINT('',#921);
#921 = CARTESIAN_POINT('',(-0.8,0.37,0.));
#922 = LINE('',#923,#924);
#923 = CARTESIAN_POINT('',(-0.8,-0.4,0.));
#924 = VECTOR('',#925,1.);
#925 = DIRECTION('',(0.,1.,0.));
#926 = ORIENTED_EDGE('',*,*,#927,.F.);
#927 = EDGE_CURVE('',#928,#920,#930,.T.);
#928 = VERTEX_POINT('',#929);
#929 = CARTESIAN_POINT('',(-0.8,0.4,3.E-02));
#930 = CIRCLE('',#931,3.E-02);
#931 = AXIS2_PLACEMENT_3D('',#932,#933,#934);
#932 = CARTESIAN_POINT('',(-0.8,0.37,3.E-02));
#933 = DIRECTION('',(-1.,0.,0.));
#934 = DIRECTION('',(0.,0.,1.));
#935 = ORIENTED_EDGE('',*,*,#936,.T.);
#936 = EDGE_CURVE('',#928,#937,#939,.T.);
#937 = VERTEX_POINT('',#938);
#938 = CARTESIAN_POINT('',(-0.8,0.4,0.77));
#939 = LINE('',#940,#941);
#940 = CARTESIAN_POINT('',(-0.8,0.4,0.));
#941 = VECTOR('',#942,1.);
#942 = DIRECTION('',(0.,0.,1.));
#943 = ORIENTED_EDGE('',*,*,#944,.T.);
#944 = EDGE_CURVE('',#937,#945,#947,.T.);
#945 = VERTEX_POINT('',#946);
#946 = CARTESIAN_POINT('',(-0.8,0.37,0.8));
#947 = CIRCLE('',#948,3.E-02);
#948 = AXIS2_PLACEMENT_3D('',#949,#950,#951);
#949 = CARTESIAN_POINT('',(-0.8,0.37,0.77));
#950 = DIRECTION('',(1.,0.,-0.));
#951 = DIRECTION('',(0.,0.,1.));
#952 = ORIENTED_EDGE('',*,*,#953,.F.);
#953 = EDGE_CURVE('',#954,#945,#956,.T.);
#954 = VERTEX_POINT('',#955);
#955 = CARTESIAN_POINT('',(-0.8,-0.37,0.8));
#956 = LINE('',#957,#958);
#957 = CARTESIAN_POINT('',(-0.8,-0.4,0.8));
#958 = VECTOR('',#959,1.);
#959 = DIRECTION('',(0.,1.,0.));
#960 = ORIENTED_EDGE('',*,*,#961,.F.);
#961 = EDGE_CURVE('',#903,#954,#962,.T.);
#962 = CIRCLE('',#963,3.E-02);
#963 = AXIS2_PLACEMENT_3D('',#964,#965,#966);
#964 = CARTESIAN_POINT('',(-0.8,-0.37,0.77));
#965 = DIRECTION('',(-1.,0.,0.));
#966 = DIRECTION('',(0.,0.,1.));
#967 = PLANE('',#968);
#968 = AXIS2_PLACEMENT_3D('',#969,#970,#971);
#969 = CARTESIAN_POINT('',(-0.8,-0.4,0.));
#970 = DIRECTION('',(1.,0.,0.));
#971 = DIRECTION('',(0.,0.,1.));
#972 = ADVANCED_FACE('',(#973),#998,.F.);
#973 = FACE_BOUND('',#974,.F.);
#974 = EDGE_LOOP('',(#975,#985,#991,#992));
#975 = ORIENTED_EDGE('',*,*,#976,.F.);
#976 = EDGE_CURVE('',#977,#979,#981,.T.);
#977 = VERTEX_POINT('',#978);
#978 = CARTESIAN_POINT('',(-0.5,-0.4,3.E-02));
#979 = VERTEX_POINT('',#980);
#980 = CARTESIAN_POINT('',(-0.5,-0.4,0.77));
#981 = LINE('',#982,#983);
#982 = CARTESIAN_POINT('',(-0.5,-0.4,0.));
#983 = VECTOR('',#984,1.);
#984 = DIRECTION('',(0.,0.,1.));
#985 = ORIENTED_EDGE('',*,*,#986,.F.);
#986 = EDGE_CURVE('',#901,#977,#987,.T.);
#987 = LINE('',#988,#989);
#988 = CARTESIAN_POINT('',(-0.8,-0.4,3.E-02));
#989 = VECTOR('',#990,1.);
#990 = DIRECTION('',(1.,0.,0.));
#991 = ORIENTED_EDGE('',*,*,#900,.T.);
#992 = ORIENTED_EDGE('',*,*,#993,.T.);
#993 = EDGE_CURVE('',#903,#979,#994,.T.);
#994 = LINE('',#995,#996);
#995 = CARTESIAN_POINT('',(-0.8,-0.4,0.77));
#996 = VECTOR('',#997,1.);
#997 = DIRECTION('',(1.,0.,0.));
#998 = PLANE('',#999);
#999 = AXIS2_PLACEMENT_3D('',#1000,#1001,#1002);
#1000 = CARTESIAN_POINT('',(-0.8,-0.4,0.));
#1001 = DIRECTION('',(0.,1.,0.));
#1002 = DIRECTION('',(0.,-0.,1.));
#1003 = ADVANCED_FACE('',(#1004),#1023,.T.);
#1004 = FACE_BOUND('',#1005,.T.);
#1005 = EDGE_LOOP('',(#1006,#1007,#1015,#1022));
#1006 = ORIENTED_EDGE('',*,*,#910,.T.);
#1007 = ORIENTED_EDGE('',*,*,#1008,.T.);
#1008 = EDGE_CURVE('',#911,#1009,#1011,.T.);
#1009 = VERTEX_POINT('',#1010);
#1010 = CARTESIAN_POINT('',(-0.5,-0.37,0.));
#1011 = LINE('',#1012,#1013);
#1012 = CARTESIAN_POINT('',(-0.8,-0.37,0.));
#1013 = VECTOR('',#1014,1.);
#1014 = DIRECTION('',(1.,0.,0.));
#1015 = ORIENTED_EDGE('',*,*,#1016,.F.);
#1016 = EDGE_CURVE('',#977,#1009,#1017,.T.);
#1017 = CIRCLE('',#1018,3.E-02);
#1018 = AXIS2_PLACEMENT_3D('',#1019,#1020,#1021);
#1019 = CARTESIAN_POINT('',(-0.5,-0.37,3.E-02));
#1020 = DIRECTION('',(1.,0.,-0.));
#1021 = DIRECTION('',(0.,0.,1.));
#1022 = ORIENTED_EDGE('',*,*,#986,.F.);
#1023 = CYLINDRICAL_SURFACE('',#1024,3.E-02);
#1024 = AXIS2_PLACEMENT_3D('',#1025,#1026,#1027);
#1025 = CARTESIAN_POINT('',(-0.8,-0.37,3.E-02));
#1026 = DIRECTION('',(1.,0.,0.));
#1027 = DIRECTION('',(0.,-1.,0.));
#1028 = ADVANCED_FACE('',(#1029),#1048,.T.);
#1029 = FACE_BOUND('',#1030,.T.);
#1030 = EDGE_LOOP('',(#1031,#1032,#1041,#1047));
#1031 = ORIENTED_EDGE('',*,*,#993,.T.);
#1032 = ORIENTED_EDGE('',*,*,#1033,.T.);
#1033 = EDGE_CURVE('',#979,#1034,#1036,.T.);
#1034 = VERTEX_POINT('',#1035);
#1035 = CARTESIAN_POINT('',(-0.5,-0.37,0.8));
#1036 = CIRCLE('',#1037,3.E-02);
#1037 = AXIS2_PLACEMENT_3D('',#1038,#1039,#1040);
#1038 = CARTESIAN_POINT('',(-0.5,-0.37,0.77));
#1039 = DIRECTION('',(-1.,0.,0.));
#1040 = DIRECTION('',(0.,0.,1.));
#1041 = ORIENTED_EDGE('',*,*,#1042,.F.);
#1042 = EDGE_CURVE('',#954,#1034,#1043,.T.);
#1043 = LINE('',#1044,#1045);
#1044 = CARTESIAN_POINT('',(-0.8,-0.37,0.8));
#1045 = VECTOR('',#1046,1.);
#1046 = DIRECTION('',(1.,0.,0.));
#1047 = ORIENTED_EDGE('',*,*,#961,.F.);
#1048 = CYLINDRICAL_SURFACE('',#1049,3.E-02);
#1049 = AXIS2_PLACEMENT_3D('',#1050,#1051,#1052);
#1050 = CARTESIAN_POINT('',(-0.8,-0.37,0.77));
#1051 = DIRECTION('',(1.,0.,0.));
#1052 = DIRECTION('',(0.,-1.,0.));
#1053 = ADVANCED_FACE('',(#1054),#1072,.F.);
#1054 = FACE_BOUND('',#1055,.F.);
#1055 = EDGE_LOOP('',(#1056,#1057,#1058,#1066));
#1056 = ORIENTED_EDGE('',*,*,#919,.F.);
#1057 = ORIENTED_EDGE('',*,*,#1008,.T.);
#1058 = ORIENTED_EDGE('',*,*,#1059,.T.);
#1059 = EDGE_CURVE('',#1009,#1060,#1062,.T.);
#1060 = VERTEX_POINT('',#1061);
#1061 = CARTESIAN_POINT('',(-0.5,0.37,0.));
#1062 = LINE('',#1063,#1064);
#1063 = CARTESIAN_POINT('',(-0.5,-0.4,0.));
#1064 = VECTOR('',#1065,1.);
#1065 = DIRECTION('',(0.,1.,0.));
#1066 = ORIENTED_EDGE('',*,*,#1067,.F.);
#1067 = EDGE_CURVE('',#920,#1060,#1068,.T.);
#1068 = LINE('',#1069,#1070);
#1069 = CARTESIAN_POINT('',(-0.8,0.37,0.));
#1070 = VECTOR('',#1071,1.);
#1071 = DIRECTION('',(1.,0.,0.));
#1072 = PLANE('',#1073);
#1073 = AXIS2_PLACEMENT_3D('',#1074,#1075,#1076);
#1074 = CARTESIAN_POINT('',(-0.8,-0.4,0.));
#1075 = DIRECTION('',(0.,0.,1.));
#1076 = DIRECTION('',(1.,0.,-0.));
#1077 = ADVANCED_FACE('',(#1078),#1096,.T.);
#1078 = FACE_BOUND('',#1079,.T.);
#1079 = EDGE_LOOP('',(#1080,#1081,#1082,#1090));
#1080 = ORIENTED_EDGE('',*,*,#953,.F.);
#1081 = ORIENTED_EDGE('',*,*,#1042,.T.);
#1082 = ORIENTED_EDGE('',*,*,#1083,.T.);
#1083 = EDGE_CURVE('',#1034,#1084,#1086,.T.);
#1084 = VERTEX_POINT('',#1085);
#1085 = CARTESIAN_POINT('',(-0.5,0.37,0.8));
#1086 = LINE('',#1087,#1088);
#1087 = CARTESIAN_POINT('',(-0.5,-0.4,0.8));
#1088 = VECTOR('',#1089,1.);
#1089 = DIRECTION('',(0.,1.,0.));
#1090 = ORIENTED_EDGE('',*,*,#1091,.F.);
#1091 = EDGE_CURVE('',#945,#1084,#1092,.T.);
#1092 = LINE('',#1093,#1094);
#1093 = CARTESIAN_POINT('',(-0.8,0.37,0.8));
#1094 = VECTOR('',#1095,1.);
#1095 = DIRECTION('',(1.,0.,0.));
#1096 = PLANE('',#1097);
#1097 = AXIS2_PLACEMENT_3D('',#1098,#1099,#1100);
#1098 = CARTESIAN_POINT('',(-0.8,-0.4,0.8));
#1099 = DIRECTION('',(0.,0.,1.));
#1100 = DIRECTION('',(1.,0.,-0.));
#1101 = ADVANCED_FACE('',(#1102),#1121,.T.);
#1102 = FACE_BOUND('',#1103,.T.);
#1103 = EDGE_LOOP('',(#1104,#1112,#1119,#1120));
#1104 = ORIENTED_EDGE('',*,*,#1105,.T.);
#1105 = EDGE_CURVE('',#928,#1106,#1108,.T.);
#1106 = VERTEX_POINT('',#1107);
#1107 = CARTESIAN_POINT('',(-0.5,0.4,3.E-02));
#1108 = LINE('',#1109,#1110);
#1109 = CARTESIAN_POINT('',(-0.8,0.4,3.E-02));
#1110 = VECTOR('',#1111,1.);
#1111 = DIRECTION('',(1.,0.,0.));
#1112 = ORIENTED_EDGE('',*,*,#1113,.T.);
#1113 = EDGE_CURVE('',#1106,#1060,#1114,.T.);
#1114 = CIRCLE('',#1115,3.E-02);
#1115 = AXIS2_PLACEMENT_3D('',#1116,#1117,#1118);
#1116 = CARTESIAN_POINT('',(-0.5,0.37,3.E-02));
#1117 = DIRECTION('',(-1.,0.,0.));
#1118 = DIRECTION('',(0.,0.,1.));
#1119 = ORIENTED_EDGE('',*,*,#1067,.F.);
#1120 = ORIENTED_EDGE('',*,*,#927,.F.);
#1121 = CYLINDRICAL_SURFACE('',#1122,3.E-02);
#1122 = AXIS2_PLACEMENT_3D('',#1123,#1124,#1125);
#1123 = CARTESIAN_POINT('',(-0.8,0.37,3.E-02));
#1124 = DIRECTION('',(1.,0.,0.));
#1125 = DIRECTION('',(-0.,1.,0.));
#1126 = ADVANCED_FACE('',(#1127),#1146,.T.);
#1127 = FACE_BOUND('',#1128,.T.);
#1128 = EDGE_LOOP('',(#1129,#1130,#1131,#1140));
#1129 = ORIENTED_EDGE('',*,*,#944,.T.);
#1130 = ORIENTED_EDGE('',*,*,#1091,.T.);
#1131 = ORIENTED_EDGE('',*,*,#1132,.F.);
#1132 = EDGE_CURVE('',#1133,#1084,#1135,.T.);
#1133 = VERTEX_POINT('',#1134);
#1134 = CARTESIAN_POINT('',(-0.5,0.4,0.77));
#1135 = CIRCLE('',#1136,3.E-02);
#1136 = AXIS2_PLACEMENT_3D('',#1137,#1138,#1139);
#1137 = CARTESIAN_POINT('',(-0.5,0.37,0.77));
#1138 = DIRECTION('',(1.,0.,-0.));
#1139 = DIRECTION('',(0.,0.,1.));
#1140 = ORIENTED_EDGE('',*,*,#1141,.F.);
#1141 = EDGE_CURVE('',#937,#1133,#1142,.T.);
#1142 = LINE('',#1143,#1144);
#1143 = CARTESIAN_POINT('',(-0.8,0.4,0.77));
#1144 = VECTOR('',#1145,1.);
#1145 = DIRECTION('',(1.,0.,0.));
#1146 = CYLINDRICAL_SURFACE('',#1147,3.E-02);
#1147 = AXIS2_PLACEMENT_3D('',#1148,#1149,#1150);
#1148 = CARTESIAN_POINT('',(-0.8,0.37,0.77));
#1149 = DIRECTION('',(1.,0.,0.));
#1150 = DIRECTION('',(-0.,1.,0.));
#1151 = ADVANCED_FACE('',(#1152),#1163,.T.);
#1152 = FACE_BOUND('',#1153,.T.);
#1153 = EDGE_LOOP('',(#1154,#1160,#1161,#1162));
#1154 = ORIENTED_EDGE('',*,*,#1155,.F.);
#1155 = EDGE_CURVE('',#1106,#1133,#1156,.T.);
#1156 = LINE('',#1157,#1158);
#1157 = CARTESIAN_POINT('',(-0.5,0.4,0.));
#1158 = VECTOR('',#1159,1.);
#1159 = DIRECTION('',(0.,0.,1.));
#1160 = ORIENTED_EDGE('',*,*,#1105,.F.);
#1161 = ORIENTED_EDGE('',*,*,#936,.T.);
#1162 = ORIENTED_EDGE('',*,*,#1141,.T.);
#1163 = PLANE('',#1164);
#1164 = AXIS2_PLACEMENT_3D('',#1165,#1166,#1167);
#1165 = CARTESIAN_POINT('',(-0.8,0.4,0.));
#1166 = DIRECTION('',(0.,1.,0.));
#1167 = DIRECTION('',(0.,-0.,1.));
#1168 = ADVANCED_FACE('',(#1169,#1179),#1249,.T.);
#1169 = FACE_BOUND('',#1170,.T.);
#1170 = EDGE_LOOP('',(#1171,#1172,#1173,#1174,#1175,#1176,#1177,#1178));
#1171 = ORIENTED_EDGE('',*,*,#976,.F.);
#1172 = ORIENTED_EDGE('',*,*,#1016,.T.);
#1173 = ORIENTED_EDGE('',*,*,#1059,.T.);
#1174 = ORIENTED_EDGE('',*,*,#1113,.F.);
#1175 = ORIENTED_EDGE('',*,*,#1155,.T.);
#1176 = ORIENTED_EDGE('',*,*,#1132,.T.);
#1177 = ORIENTED_EDGE('',*,*,#1083,.F.);
#1178 = ORIENTED_EDGE('',*,*,#1033,.F.);
#1179 = FACE_BOUND('',#1180,.T.);
#1180 = EDGE_LOOP('',(#1181,#1192,#1200,#1209,#1217,#1226,#1234,#1243));
#1181 = ORIENTED_EDGE('',*,*,#1182,.F.);
#1182 = EDGE_CURVE('',#1183,#1185,#1187,.T.);
#1183 = VERTEX_POINT('',#1184);
#1184 = CARTESIAN_POINT('',(-0.5,-0.37,6.E-02));
#1185 = VERTEX_POINT('',#1186);
#1186 = CARTESIAN_POINT('',(-0.5,-0.34,3.E-02));
#1187 = CIRCLE('',#1188,3.E-02);
#1188 = AXIS2_PLACEMENT_3D('',#1189,#1190,#1191);
#1189 = CARTESIAN_POINT('',(-0.5,-0.34,6.E-02));
#1190 = DIRECTION('',(1.,0.,-0.));
#1191 = DIRECTION('',(0.,0.,1.));
#1192 = ORIENTED_EDGE('',*,*,#1193,.T.);
#1193 = EDGE_CURVE('',#1183,#1194,#1196,.T.);
#1194 = VERTEX_POINT('',#1195);
#1195 = CARTESIAN_POINT('',(-0.5,-0.37,0.74));
#1196 = LINE('',#1197,#1198);
#1197 = CARTESIAN_POINT('',(-0.5,-0.37,3.E-02));
#1198 = VECTOR('',#1199,1.);
#1199 = DIRECTION('',(0.,0.,1.));
#1200 = ORIENTED_EDGE('',*,*,#1201,.T.);
#1201 = EDGE_CURVE('',#1194,#1202,#1204,.T.);
#1202 = VERTEX_POINT('',#1203);
#1203 = CARTESIAN_POINT('',(-0.5,-0.34,0.77));
#1204 = CIRCLE('',#1205,3.E-02);
#1205 = AXIS2_PLACEMENT_3D('',#1206,#1207,#1208);
#1206 = CARTESIAN_POINT('',(-0.5,-0.34,0.74));
#1207 = DIRECTION('',(-1.,0.,0.));
#1208 = DIRECTION('',(0.,0.,1.));
#1209 = ORIENTED_EDGE('',*,*,#1210,.T.);
#1210 = EDGE_CURVE('',#1202,#1211,#1213,.T.);
#1211 = VERTEX_POINT('',#1212);
#1212 = CARTESIAN_POINT('',(-0.5,0.34,0.77));
#1213 = LINE('',#1214,#1215);
#1214 = CARTESIAN_POINT('',(-0.5,-0.37,0.77));
#1215 = VECTOR('',#1216,1.);
#1216 = DIRECTION('',(0.,1.,0.));
#1217 = ORIENTED_EDGE('',*,*,#1218,.F.);
#1218 = EDGE_CURVE('',#1219,#1211,#1221,.T.);
#1219 = VERTEX_POINT('',#1220);
#1220 = CARTESIAN_POINT('',(-0.5,0.37,0.74));
#1221 = CIRCLE('',#1222,3.E-02);
#1222 = AXIS2_PLACEMENT_3D('',#1223,#1224,#1225);
#1223 = CARTESIAN_POINT('',(-0.5,0.34,0.74));
#1224 = DIRECTION('',(1.,0.,-0.));
#1225 = DIRECTION('',(0.,0.,1.));
#1226 = ORIENTED_EDGE('',*,*,#1227,.F.);
#1227 = EDGE_CURVE('',#1228,#1219,#1230,.T.);
#1228 = VERTEX_POINT('',#1229);
#1229 = CARTESIAN_POINT('',(-0.5,0.37,6.E-02));
#1230 = LINE('',#1231,#1232);
#1231 = CARTESIAN_POINT('',(-0.5,0.37,3.E-02));
#1232 = VECTOR('',#1233,1.);
#1233 = DIRECTION('',(0.,0.,1.));
#1234 = ORIENTED_EDGE('',*,*,#1235,.T.);
#1235 = EDGE_CURVE('',#1228,#1236,#1238,.T.);
#1236 = VERTEX_POINT('',#1237);
#1237 = CARTESIAN_POINT('',(-0.5,0.34,3.E-02));
#1238 = CIRCLE('',#1239,3.E-02);
#1239 = AXIS2_PLACEMENT_3D('',#1240,#1241,#1242);
#1240 = CARTESIAN_POINT('',(-0.5,0.34,6.E-02));
#1241 = DIRECTION('',(-1.,0.,0.));
#1242 = DIRECTION('',(0.,0.,1.));
#1243 = ORIENTED_EDGE('',*,*,#1244,.F.);
#1244 = EDGE_CURVE('',#1185,#1236,#1245,.T.);
#1245 = LINE('',#1246,#1247);
#1246 = CARTESIAN_POINT('',(-0.5,-0.37,3.E-02));
#1247 = VECTOR('',#1248,1.);
#1248 = DIRECTION('',(0.,1.,0.));
#1249 = PLANE('',#1250);
#1250 = AXIS2_PLACEMENT_3D('',#1251,#1252,#1253);
#1251 = CARTESIAN_POINT('',(-0.5,-0.4,0.));
#1252 = DIRECTION('',(1.,0.,0.));
#1253 = DIRECTION('',(0.,0.,1.));
#1254 = ADVANCED_FACE('',(#1255),#1281,.T.);
#1255 = FACE_BOUND('',#1256,.T.);
#1256 = EDGE_LOOP('',(#1257,#1258,#1266,#1275));
#1257 = ORIENTED_EDGE('',*,*,#1182,.T.);
#1258 = ORIENTED_EDGE('',*,*,#1259,.T.);
#1259 = EDGE_CURVE('',#1185,#1260,#1262,.T.);
#1260 = VERTEX_POINT('',#1261);
#1261 = CARTESIAN_POINT('',(0.5,-0.34,3.E-02));
#1262 = LINE('',#1263,#1264);
#1263 = CARTESIAN_POINT('',(-0.5,-0.34,3.E-02));
#1264 = VECTOR('',#1265,1.);
#1265 = DIRECTION('',(1.,0.,0.));
#1266 = ORIENTED_EDGE('',*,*,#1267,.F.);
#1267 = EDGE_CURVE('',#1268,#1260,#1270,.T.);
#1268 = VERTEX_POINT('',#1269);
#1269 = CARTESIAN_POINT('',(0.5,-0.37,6.E-02));
#1270 = CIRCLE('',#1271,3.E-02);
#1271 = AXIS2_PLACEMENT_3D('',#1272,#1273,#1274);
#1272 = CARTESIAN_POINT('',(0.5,-0.34,6.E-02));
#1273 = DIRECTION('',(1.,0.,-0.));
#1274 = DIRECTION('',(0.,0.,1.));
#1275 = ORIENTED_EDGE('',*,*,#1276,.F.);
#1276 = EDGE_CURVE('',#1183,#1268,#1277,.T.);
#1277 = LINE('',#1278,#1279);
#1278 = CARTESIAN_POINT('',(-0.5,-0.37,6.E-02));
#1279 = VECTOR('',#1280,1.);
#1280 = DIRECTION('',(1.,0.,0.));
#1281 = CYLINDRICAL_SURFACE('',#1282,3.E-02);
#1282 = AXIS2_PLACEMENT_3D('',#1283,#1284,#1285);
#1283 = CARTESIAN_POINT('',(-0.5,-0.34,6.E-02));
#1284 = DIRECTION('',(1.,0.,0.));
#1285 = DIRECTION('',(0.,-1.,0.));
#1286 = ADVANCED_FACE('',(#1287),#1305,.F.);
#1287 = FACE_BOUND('',#1288,.F.);
#1288 = EDGE_LOOP('',(#1289,#1290,#1291,#1299));
#1289 = ORIENTED_EDGE('',*,*,#1244,.F.);
#1290 = ORIENTED_EDGE('',*,*,#1259,.T.);
#1291 = ORIENTED_EDGE('',*,*,#1292,.T.);
#1292 = EDGE_CURVE('',#1260,#1293,#1295,.T.);
#1293 = VERTEX_POINT('',#1294);
#1294 = CARTESIAN_POINT('',(0.5,0.34,3.E-02));
#1295 = LINE('',#1296,#1297);
#1296 = CARTESIAN_POINT('',(0.5,-0.37,3.E-02));
#1297 = VECTOR('',#1298,1.);
#1298 = DIRECTION('',(0.,1.,0.));
#1299 = ORIENTED_EDGE('',*,*,#1300,.F.);
#1300 = EDGE_CURVE('',#1236,#1293,#1301,.T.);
#1301 = LINE('',#1302,#1303);
#1302 = CARTESIAN_POINT('',(-0.5,0.34,3.E-02));
#1303 = VECTOR('',#1304,1.);
#1304 = DIRECTION('',(1.,0.,0.));
#1305 = PLANE('',#1306);
#1306 = AXIS2_PLACEMENT_3D('',#1307,#1308,#1309);
#1307 = CARTESIAN_POINT('',(-0.5,-0.37,3.E-02));
#1308 = DIRECTION('',(0.,0.,1.));
#1309 = DIRECTION('',(1.,0.,-0.));
#1310 = ADVANCED_FACE('',(#1311),#1330,.T.);
#1311 = FACE_BOUND('',#1312,.T.);
#1312 = EDGE_LOOP('',(#1313,#1321,#1328,#1329));
#1313 = ORIENTED_EDGE('',*,*,#1314,.T.);
#1314 = EDGE_CURVE('',#1228,#1315,#1317,.T.);
#1315 = VERTEX_POINT('',#1316);
#1316 = CARTESIAN_POINT('',(0.5,0.37,6.E-02));
#1317 = LINE('',#1318,#1319);
#1318 = CARTESIAN_POINT('',(-0.5,0.37,6.E-02));
#1319 = VECTOR('',#1320,1.);
#1320 = DIRECTION('',(1.,0.,0.));
#1321 = ORIENTED_EDGE('',*,*,#1322,.T.);
#1322 = EDGE_CURVE('',#1315,#1293,#1323,.T.);
#1323 = CIRCLE('',#1324,3.E-02);
#1324 = AXIS2_PLACEMENT_3D('',#1325,#1326,#1327);
#1325 = CARTESIAN_POINT('',(0.5,0.34,6.E-02));
#1326 = DIRECTION('',(-1.,0.,0.));
#1327 = DIRECTION('',(0.,0.,1.));
#1328 = ORIENTED_EDGE('',*,*,#1300,.F.);
#1329 = ORIENTED_EDGE('',*,*,#1235,.F.);
#1330 = CYLINDRICAL_SURFACE('',#1331,3.E-02);
#1331 = AXIS2_PLACEMENT_3D('',#1332,#1333,#1334);
#1332 = CARTESIAN_POINT('',(-0.5,0.34,6.E-02));
#1333 = DIRECTION('',(1.,0.,0.));
#1334 = DIRECTION('',(-0.,1.,0.));
#1335 = ADVANCED_FACE('',(#1336),#1354,.T.);
#1336 = FACE_BOUND('',#1337,.T.);
#1337 = EDGE_LOOP('',(#1338,#1346,#1347,#1348));
#1338 = ORIENTED_EDGE('',*,*,#1339,.F.);
#1339 = EDGE_CURVE('',#1315,#1340,#1342,.T.);
#1340 = VERTEX_POINT('',#1341);
#1341 = CARTESIAN_POINT('',(0.5,0.37,0.74));
#1342 = LINE('',#1343,#1344);
#1343 = CARTESIAN_POINT('',(0.5,0.37,3.E-02));
#1344 = VECTOR('',#1345,1.);
#1345 = DIRECTION('',(0.,0.,1.));
#1346 = ORIENTED_EDGE('',*,*,#1314,.F.);
#1347 = ORIENTED_EDGE('',*,*,#1227,.T.);
#1348 = ORIENTED_EDGE('',*,*,#1349,.T.);
#1349 = EDGE_CURVE('',#1219,#1340,#1350,.T.);
#1350 = LINE('',#1351,#1352);
#1351 = CARTESIAN_POINT('',(-0.5,0.37,0.74));
#1352 = VECTOR('',#1353,1.);
#1353 = DIRECTION('',(1.,0.,0.));
#1354 = PLANE('',#1355);
#1355 = AXIS2_PLACEMENT_3D('',#1356,#1357,#1358);
#1356 = CARTESIAN_POINT('',(-0.5,0.37,3.E-02));
#1357 = DIRECTION('',(0.,1.,0.));
#1358 = DIRECTION('',(0.,-0.,1.));
#1359 = ADVANCED_FACE('',(#1360),#1379,.T.);
#1360 = FACE_BOUND('',#1361,.T.);
#1361 = EDGE_LOOP('',(#1362,#1363,#1371,#1378));
#1362 = ORIENTED_EDGE('',*,*,#1218,.T.);
#1363 = ORIENTED_EDGE('',*,*,#1364,.T.);
#1364 = EDGE_CURVE('',#1211,#1365,#1367,.T.);
#1365 = VERTEX_POINT('',#1366);
#1366 = CARTESIAN_POINT('',(0.5,0.34,0.77));
#1367 = LINE('',#1368,#1369);
#1368 = CARTESIAN_POINT('',(-0.5,0.34,0.77));
#1369 = VECTOR('',#1370,1.);
#1370 = DIRECTION('',(1.,0.,0.));
#1371 = ORIENTED_EDGE('',*,*,#1372,.F.);
#1372 = EDGE_CURVE('',#1340,#1365,#1373,.T.);
#1373 = CIRCLE('',#1374,3.E-02);
#1374 = AXIS2_PLACEMENT_3D('',#1375,#1376,#1377);
#1375 = CARTESIAN_POINT('',(0.5,0.34,0.74));
#1376 = DIRECTION('',(1.,0.,-0.));
#1377 = DIRECTION('',(0.,0.,1.));
#1378 = ORIENTED_EDGE('',*,*,#1349,.F.);
#1379 = CYLINDRICAL_SURFACE('',#1380,3.E-02);
#1380 = AXIS2_PLACEMENT_3D('',#1381,#1382,#1383);
#1381 = CARTESIAN_POINT('',(-0.5,0.34,0.74));
#1382 = DIRECTION('',(1.,0.,0.));
#1383 = DIRECTION('',(-0.,1.,0.));
#1384 = ADVANCED_FACE('',(#1385),#1403,.T.);
#1385 = FACE_BOUND('',#1386,.T.);
#1386 = EDGE_LOOP('',(#1387,#1388,#1396,#1402));
#1387 = ORIENTED_EDGE('',*,*,#1210,.F.);
#1388 = ORIENTED_EDGE('',*,*,#1389,.T.);
#1389 = EDGE_CURVE('',#1202,#1390,#1392,.T.);
#1390 = VERTEX_POINT('',#1391);
#1391 = CARTESIAN_POINT('',(0.5,-0.34,0.77));
#1392 = LINE('',#1393,#1394);
#1393 = CARTESIAN_POINT('',(-0.5,-0.34,0.77));
#1394 = VECTOR('',#1395,1.);
#1395 = DIRECTION('',(1.,0.,0.));
#1396 = ORIENTED_EDGE('',*,*,#1397,.T.);
#1397 = EDGE_CURVE('',#1390,#1365,#1398,.T.);
#1398 = LINE('',#1399,#1400);
#1399 = CARTESIAN_POINT('',(0.5,-0.37,0.77));
#1400 = VECTOR('',#1401,1.);
#1401 = DIRECTION('',(0.,1.,0.));
#1402 = ORIENTED_EDGE('',*,*,#1364,.F.);
#1403 = PLANE('',#1404);
#1404 = AXIS2_PLACEMENT_3D('',#1405,#1406,#1407);
#1405 = CARTESIAN_POINT('',(-0.5,-0.37,0.77));
#1406 = DIRECTION('',(0.,0.,1.));
#1407 = DIRECTION('',(1.,0.,-0.));
#1408 = ADVANCED_FACE('',(#1409),#1428,.T.);
#1409 = FACE_BOUND('',#1410,.T.);
#1410 = EDGE_LOOP('',(#1411,#1419,#1426,#1427));
#1411 = ORIENTED_EDGE('',*,*,#1412,.T.);
#1412 = EDGE_CURVE('',#1194,#1413,#1415,.T.);
#1413 = VERTEX_POINT('',#1414);
#1414 = CARTESIAN_POINT('',(0.5,-0.37,0.74));
#1415 = LINE('',#1416,#1417);
#1416 = CARTESIAN_POINT('',(-0.5,-0.37,0.74));
#1417 = VECTOR('',#1418,1.);
#1418 = DIRECTION('',(1.,0.,0.));
#1419 = ORIENTED_EDGE('',*,*,#1420,.T.);
#1420 = EDGE_CURVE('',#1413,#1390,#1421,.T.);
#1421 = CIRCLE('',#1422,3.E-02);
#1422 = AXIS2_PLACEMENT_3D('',#1423,#1424,#1425);
#1423 = CARTESIAN_POINT('',(0.5,-0.34,0.74));
#1424 = DIRECTION('',(-1.,0.,0.));
#1425 = DIRECTION('',(0.,0.,1.));
#1426 = ORIENTED_EDGE('',*,*,#1389,.F.);
#1427 = ORIENTED_EDGE('',*,*,#1201,.F.);
#1428 = CYLINDRICAL_SURFACE('',#1429,3.E-02);
#1429 = AXIS2_PLACEMENT_3D('',#1430,#1431,#1432);
#1430 = CARTESIAN_POINT('',(-0.5,-0.34,0.74));
#1431 = DIRECTION('',(1.,0.,0.));
#1432 = DIRECTION('',(0.,-1.,0.));
#1433 = ADVANCED_FACE('',(#1434),#1445,.F.);
#1434 = FACE_BOUND('',#1435,.F.);
#1435 = EDGE_LOOP('',(#1436,#1442,#1443,#1444));
#1436 = ORIENTED_EDGE('',*,*,#1437,.F.);
#1437 = EDGE_CURVE('',#1268,#1413,#1438,.T.);
#1438 = LINE('',#1439,#1440);
#1439 = CARTESIAN_POINT('',(0.5,-0.37,3.E-02));
#1440 = VECTOR('',#1441,1.);
#1441 = DIRECTION('',(0.,0.,1.));
#1442 = ORIENTED_EDGE('',*,*,#1276,.F.);
#1443 = ORIENTED_EDGE('',*,*,#1193,.T.);
#1444 = ORIENTED_EDGE('',*,*,#1412,.T.);
#1445 = PLANE('',#1446);
#1446 = AXIS2_PLACEMENT_3D('',#1447,#1448,#1449);
#1447 = CARTESIAN_POINT('',(-0.5,-0.37,3.E-02));
#1448 = DIRECTION('',(0.,1.,0.));
#1449 = DIRECTION('',(0.,-0.,1.));
#1450 = ADVANCED_FACE('',(#1451,#1521),#1531,.F.);
#1451 = FACE_BOUND('',#1452,.F.);
#1452 = EDGE_LOOP('',(#1453,#1463,#1472,#1480,#1489,#1497,#1506,#1514));
#1453 = ORIENTED_EDGE('',*,*,#1454,.F.);
#1454 = EDGE_CURVE('',#1455,#1457,#1459,.T.);
#1455 = VERTEX_POINT('',#1456);
#1456 = CARTESIAN_POINT('',(0.5,-0.4,3.E-02));
#1457 = VERTEX_POINT('',#1458);
#1458 = CARTESIAN_POINT('',(0.5,-0.4,0.77));
#1459 = LINE('',#1460,#1461);
#1460 = CARTESIAN_POINT('',(0.5,-0.4,0.));
#1461 = VECTOR('',#1462,1.);
#1462 = DIRECTION('',(0.,0.,1.));
#1463 = ORIENTED_EDGE('',*,*,#1464,.T.);
#1464 = EDGE_CURVE('',#1455,#1465,#1467,.T.);
#1465 = VERTEX_POINT('',#1466);
#1466 = CARTESIAN_POINT('',(0.5,-0.37,0.));
#1467 = CIRCLE('',#1468,3.E-02);
#1468 = AXIS2_PLACEMENT_3D('',#1469,#1470,#1471);
#1469 = CARTESIAN_POINT('',(0.5,-0.37,3.E-02));
#1470 = DIRECTION('',(1.,0.,-0.));
#1471 = DIRECTION('',(0.,0.,1.));
#1472 = ORIENTED_EDGE('',*,*,#1473,.T.);
#1473 = EDGE_CURVE('',#1465,#1474,#1476,.T.);
#1474 = VERTEX_POINT('',#1475);
#1475 = CARTESIAN_POINT('',(0.5,0.37,0.));
#1476 = LINE('',#1477,#1478);
#1477 = CARTESIAN_POINT('',(0.5,-0.4,0.));
#1478 = VECTOR('',#1479,1.);
#1479 = DIRECTION('',(0.,1.,0.));
#1480 = ORIENTED_EDGE('',*,*,#1481,.F.);
#1481 = EDGE_CURVE('',#1482,#1474,#1484,.T.);
#1482 = VERTEX_POINT('',#1483);
#1483 = CARTESIAN_POINT('',(0.5,0.4,3.E-02));
#1484 = CIRCLE('',#1485,3.E-02);
#1485 = AXIS2_PLACEMENT_3D('',#1486,#1487,#1488);
#1486 = CARTESIAN_POINT('',(0.5,0.37,3.E-02));
#1487 = DIRECTION('',(-1.,0.,0.));
#1488 = DIRECTION('',(0.,0.,1.));
#1489 = ORIENTED_EDGE('',*,*,#1490,.T.);
#1490 = EDGE_CURVE('',#1482,#1491,#1493,.T.);
#1491 = VERTEX_POINT('',#1492);
#1492 = CARTESIAN_POINT('',(0.5,0.4,0.77));
#1493 = LINE('',#1494,#1495);
#1494 = CARTESIAN_POINT('',(0.5,0.4,0.));
#1495 = VECTOR('',#1496,1.);
#1496 = DIRECTION('',(0.,0.,1.));
#1497 = ORIENTED_EDGE('',*,*,#1498,.T.);
#1498 = EDGE_CURVE('',#1491,#1499,#1501,.T.);
#1499 = VERTEX_POINT('',#1500);
#1500 = CARTESIAN_POINT('',(0.5,0.37,0.8));
#1501 = CIRCLE('',#1502,3.E-02);
#1502 = AXIS2_PLACEMENT_3D('',#1503,#1504,#1505);
#1503 = CARTESIAN_POINT('',(0.5,0.37,0.77));
#1504 = DIRECTION('',(1.,0.,-0.));
#1505 = DIRECTION('',(0.,0.,1.));
#1506 = ORIENTED_EDGE('',*,*,#1507,.F.);
#1507 = EDGE_CURVE('',#1508,#1499,#1510,.T.);
#1508 = VERTEX_POINT('',#1509);
#1509 = CARTESIAN_POINT('',(0.5,-0.37,0.8));
#1510 = LINE('',#1511,#1512);
#1511 = CARTESIAN_POINT('',(0.5,-0.4,0.8));
#1512 = VECTOR('',#1513,1.);
#1513 = DIRECTION('',(0.,1.,0.));
#1514 = ORIENTED_EDGE('',*,*,#1515,.F.);
#1515 = EDGE_CURVE('',#1457,#1508,#1516,.T.);
#1516 = CIRCLE('',#1517,3.E-02);
#1517 = AXIS2_PLACEMENT_3D('',#1518,#1519,#1520);
#1518 = CARTESIAN_POINT('',(0.5,-0.37,0.77));
#1519 = DIRECTION('',(-1.,0.,0.));
#1520 = DIRECTION('',(0.,0.,1.));
#1521 = FACE_BOUND('',#1522,.F.);
#1522 = EDGE_LOOP('',(#1523,#1524,#1525,#1526,#1527,#1528,#1529,#1530));
#1523 = ORIENTED_EDGE('',*,*,#1267,.F.);
#1524 = ORIENTED_EDGE('',*,*,#1437,.T.);
#1525 = ORIENTED_EDGE('',*,*,#1420,.T.);
#1526 = ORIENTED_EDGE('',*,*,#1397,.T.);
#1527 = ORIENTED_EDGE('',*,*,#1372,.F.);
#1528 = ORIENTED_EDGE('',*,*,#1339,.F.);
#1529 = ORIENTED_EDGE('',*,*,#1322,.T.);
#1530 = ORIENTED_EDGE('',*,*,#1292,.F.);
#1531 = PLANE('',#1532);
#1532 = AXIS2_PLACEMENT_3D('',#1533,#1534,#1535);
#1533 = CARTESIAN_POINT('',(0.5,-0.4,0.));
#1534 = DIRECTION('',(1.,0.,0.));
#1535 = DIRECTION('',(0.,0.,1.));
#1536 = ADVANCED_FACE('',(#1537),#1562,.F.);
#1537 = FACE_BOUND('',#1538,.F.);
#1538 = EDGE_LOOP('',(#1539,#1549,#1555,#1556));
#1539 = ORIENTED_EDGE('',*,*,#1540,.F.);
#1540 = EDGE_CURVE('',#1541,#1543,#1545,.T.);
#1541 = VERTEX_POINT('',#1542);
#1542 = CARTESIAN_POINT('',(0.8,-0.4,3.E-02));
#1543 = VERTEX_POINT('',#1544);
#1544 = CARTESIAN_POINT('',(0.8,-0.4,0.77));
#1545 = LINE('',#1546,#1547);
#1546 = CARTESIAN_POINT('',(0.8,-0.4,0.));
#1547 = VECTOR('',#1548,1.);
#1548 = DIRECTION('',(0.,0.,1.));
#1549 = ORIENTED_EDGE('',*,*,#1550,.F.);
#1550 = EDGE_CURVE('',#1455,#1541,#1551,.T.);
#1551 = LINE('',#1552,#1553);
#1552 = CARTESIAN_POINT('',(0.5,-0.4,3.E-02));
#1553 = VECTOR('',#1554,1.);
#1554 = DIRECTION('',(1.,0.,0.));
#1555 = ORIENTED_EDGE('',*,*,#1454,.T.);
#1556 = ORIENTED_EDGE('',*,*,#1557,.T.);
#1557 = EDGE_CURVE('',#1457,#1543,#1558,.T.);
#1558 = LINE('',#1559,#1560);
#1559 = CARTESIAN_POINT('',(0.5,-0.4,0.77));
#1560 = VECTOR('',#1561,1.);
#1561 = DIRECTION('',(1.,0.,0.));
#1562 = PLANE('',#1563);
#1563 = AXIS2_PLACEMENT_3D('',#1564,#1565,#1566);
#1564 = CARTESIAN_POINT('',(0.5,-0.4,0.));
#1565 = DIRECTION('',(0.,1.,0.));
#1566 = DIRECTION('',(0.,-0.,1.));
#1567 = ADVANCED_FACE('',(#1568),#1587,.T.);
#1568 = FACE_BOUND('',#1569,.T.);
#1569 = EDGE_LOOP('',(#1570,#1571,#1579,#1586));
#1570 = ORIENTED_EDGE('',*,*,#1464,.T.);
#1571 = ORIENTED_EDGE('',*,*,#1572,.T.);
#1572 = EDGE_CURVE('',#1465,#1573,#1575,.T.);
#1573 = VERTEX_POINT('',#1574);
#1574 = CARTESIAN_POINT('',(0.8,-0.37,0.));
#1575 = LINE('',#1576,#1577);
#1576 = CARTESIAN_POINT('',(0.5,-0.37,0.));
#1577 = VECTOR('',#1578,1.);
#1578 = DIRECTION('',(1.,0.,0.));
#1579 = ORIENTED_EDGE('',*,*,#1580,.F.);
#1580 = EDGE_CURVE('',#1541,#1573,#1581,.T.);
#1581 = CIRCLE('',#1582,3.E-02);
#1582 = AXIS2_PLACEMENT_3D('',#1583,#1584,#1585);
#1583 = CARTESIAN_POINT('',(0.8,-0.37,3.E-02));
#1584 = DIRECTION('',(1.,0.,-0.));
#1585 = DIRECTION('',(0.,0.,1.));
#1586 = ORIENTED_EDGE('',*,*,#1550,.F.);
#1587 = CYLINDRICAL_SURFACE('',#1588,3.E-02);
#1588 = AXIS2_PLACEMENT_3D('',#1589,#1590,#1591);
#1589 = CARTESIAN_POINT('',(0.5,-0.37,3.E-02));
#1590 = DIRECTION('',(1.,0.,0.));
#1591 = DIRECTION('',(0.,-1.,0.));
#1592 = ADVANCED_FACE('',(#1593),#1612,.T.);
#1593 = FACE_BOUND('',#1594,.T.);
#1594 = EDGE_LOOP('',(#1595,#1596,#1605,#1611));
#1595 = ORIENTED_EDGE('',*,*,#1557,.T.);
#1596 = ORIENTED_EDGE('',*,*,#1597,.T.);
#1597 = EDGE_CURVE('',#1543,#1598,#1600,.T.);
#1598 = VERTEX_POINT('',#1599);
#1599 = CARTESIAN_POINT('',(0.8,-0.37,0.8));
#1600 = CIRCLE('',#1601,3.E-02);
#1601 = AXIS2_PLACEMENT_3D('',#1602,#1603,#1604);
#1602 = CARTESIAN_POINT('',(0.8,-0.37,0.77));
#1603 = DIRECTION('',(-1.,0.,0.));
#1604 = DIRECTION('',(0.,0.,1.));
#1605 = ORIENTED_EDGE('',*,*,#1606,.F.);
#1606 = EDGE_CURVE('',#1508,#1598,#1607,.T.);
#1607 = LINE('',#1608,#1609);
#1608 = CARTESIAN_POINT('',(0.5,-0.37,0.8));
#1609 = VECTOR('',#1610,1.);
#1610 = DIRECTION('',(1.,0.,0.));
#1611 = ORIENTED_EDGE('',*,*,#1515,.F.);
#1612 = CYLINDRICAL_SURFACE('',#1613,3.E-02);
#1613 = AXIS2_PLACEMENT_3D('',#1614,#1615,#1616);
#1614 = CARTESIAN_POINT('',(0.5,-0.37,0.77));
#1615 = DIRECTION('',(1.,0.,0.));
#1616 = DIRECTION('',(0.,-1.,0.));
#1617 = ADVANCED_FACE('',(#1618),#1636,.F.);
#1618 = FACE_BOUND('',#1619,.F.);
#1619 = EDGE_LOOP('',(#1620,#1621,#1622,#1630));
#1620 = ORIENTED_EDGE('',*,*,#1473,.F.);
#1621 = ORIENTED_EDGE('',*,*,#1572,.T.);
#1622 = ORIENTED_EDGE('',*,*,#1623,.T.);
#1623 = EDGE_CURVE('',#1573,#1624,#1626,.T.);
#1624 = VERTEX_POINT('',#1625);
#1625 = CARTESIAN_POINT('',(0.8,0.37,0.));
#1626 = LINE('',#1627,#1628);
#1627 = CARTESIAN_POINT('',(0.8,-0.4,0.));
#1628 = VECTOR('',#1629,1.);
#1629 = DIRECTION('',(0.,1.,0.));
#1630 = ORIENTED_EDGE('',*,*,#1631,.F.);
#1631 = EDGE_CURVE('',#1474,#1624,#1632,.T.);
#1632 = LINE('',#1633,#1634);
#1633 = CARTESIAN_POINT('',(0.5,0.37,0.));
#1634 = VECTOR('',#1635,1.);
#1635 = DIRECTION('',(1.,0.,0.));
#1636 = PLANE('',#1637);
#1637 = AXIS2_PLACEMENT_3D('',#1638,#1639,#1640);
#1638 = CARTESIAN_POINT('',(0.5,-0.4,0.));
#1639 = DIRECTION('',(0.,0.,1.));
#1640 = DIRECTION('',(1.,0.,-0.));
#1641 = ADVANCED_FACE('',(#1642),#1660,.T.);
#1642 = FACE_BOUND('',#1643,.T.);
#1643 = EDGE_LOOP('',(#1644,#1645,#1646,#1654));
#1644 = ORIENTED_EDGE('',*,*,#1507,.F.);
#1645 = ORIENTED_EDGE('',*,*,#1606,.T.);
#1646 = ORIENTED_EDGE('',*,*,#1647,.T.);
#1647 = EDGE_CURVE('',#1598,#1648,#1650,.T.);
#1648 = VERTEX_POINT('',#1649);
#1649 = CARTESIAN_POINT('',(0.8,0.37,0.8));
#1650 = LINE('',#1651,#1652);
#1651 = CARTESIAN_POINT('',(0.8,-0.4,0.8));
#1652 = VECTOR('',#1653,1.);
#1653 = DIRECTION('',(0.,1.,0.));
#1654 = ORIENTED_EDGE('',*,*,#1655,.F.);
#1655 = EDGE_CURVE('',#1499,#1648,#1656,.T.);
#1656 = LINE('',#1657,#1658);
#1657 = CARTESIAN_POINT('',(0.5,0.37,0.8));
#1658 = VECTOR('',#1659,1.);
#1659 = DIRECTION('',(1.,0.,0.));
#1660 = PLANE('',#1661);
#1661 = AXIS2_PLACEMENT_3D('',#1662,#1663,#1664);
#1662 = CARTESIAN_POINT('',(0.5,-0.4,0.8));
#1663 = DIRECTION('',(0.,0.,1.));
#1664 = DIRECTION('',(1.,0.,-0.));
#1665 = ADVANCED_FACE('',(#1666),#1685,.T.);
#1666 = FACE_BOUND('',#1667,.T.);
#1667 = EDGE_LOOP('',(#1668,#1676,#1683,#1684));
#1668 = ORIENTED_EDGE('',*,*,#1669,.T.);
#1669 = EDGE_CURVE('',#1482,#1670,#1672,.T.);
#1670 = VERTEX_POINT('',#1671);
#1671 = CARTESIAN_POINT('',(0.8,0.4,3.E-02));
#1672 = LINE('',#1673,#1674);
#1673 = CARTESIAN_POINT('',(0.5,0.4,3.E-02));
#1674 = VECTOR('',#1675,1.);
#1675 = DIRECTION('',(1.,0.,0.));
#1676 = ORIENTED_EDGE('',*,*,#1677,.T.);
#1677 = EDGE_CURVE('',#1670,#1624,#1678,.T.);
#1678 = CIRCLE('',#1679,3.E-02);
#1679 = AXIS2_PLACEMENT_3D('',#1680,#1681,#1682);
#1680 = CARTESIAN_POINT('',(0.8,0.37,3.E-02));
#1681 = DIRECTION('',(-1.,0.,0.));
#1682 = DIRECTION('',(0.,0.,1.));
#1683 = ORIENTED_EDGE('',*,*,#1631,.F.);
#1684 = ORIENTED_EDGE('',*,*,#1481,.F.);
#1685 = CYLINDRICAL_SURFACE('',#1686,3.E-02);
#1686 = AXIS2_PLACEMENT_3D('',#1687,#1688,#1689);
#1687 = CARTESIAN_POINT('',(0.5,0.37,3.E-02));
#1688 = DIRECTION('',(1.,0.,0.));
#1689 = DIRECTION('',(-0.,1.,0.));
#1690 = ADVANCED_FACE('',(#1691),#1710,.T.);
#1691 = FACE_BOUND('',#1692,.T.);
#1692 = EDGE_LOOP('',(#1693,#1694,#1695,#1704));
#1693 = ORIENTED_EDGE('',*,*,#1498,.T.);
#1694 = ORIENTED_EDGE('',*,*,#1655,.T.);
#1695 = ORIENTED_EDGE('',*,*,#1696,.F.);
#1696 = EDGE_CURVE('',#1697,#1648,#1699,.T.);
#1697 = VERTEX_POINT('',#1698);
#1698 = CARTESIAN_POINT('',(0.8,0.4,0.77));
#1699 = CIRCLE('',#1700,3.E-02);
#1700 = AXIS2_PLACEMENT_3D('',#1701,#1702,#1703);
#1701 = CARTESIAN_POINT('',(0.8,0.37,0.77));
#1702 = DIRECTION('',(1.,0.,-0.));
#1703 = DIRECTION('',(0.,0.,1.));
#1704 = ORIENTED_EDGE('',*,*,#1705,.F.);
#1705 = EDGE_CURVE('',#1491,#1697,#1706,.T.);
#1706 = LINE('',#1707,#1708);
#1707 = CARTESIAN_POINT('',(0.5,0.4,0.77));
#1708 = VECTOR('',#1709,1.);
#1709 = DIRECTION('',(1.,0.,0.));
#1710 = CYLINDRICAL_SURFACE('',#1711,3.E-02);
#1711 = AXIS2_PLACEMENT_3D('',#1712,#1713,#1714);
#1712 = CARTESIAN_POINT('',(0.5,0.37,0.77));
#1713 = DIRECTION('',(1.,0.,0.));
#1714 = DIRECTION('',(-0.,1.,0.));
#1715 = ADVANCED_FACE('',(#1716),#1727,.T.);
#1716 = FACE_BOUND('',#1717,.T.);
#1717 = EDGE_LOOP('',(#1718,#1724,#1725,#1726));
#1718 = ORIENTED_EDGE('',*,*,#1719,.F.);
#1719 = EDGE_CURVE('',#1670,#1697,#1720,.T.);
#1720 = LINE('',#1721,#1722);
#1721 = CARTESIAN_POINT('',(0.8,0.4,0.));
#1722 = VECTOR('',#1723,1.);
#1723 = DIRECTION('',(0.,0.,1.));
#1724 = ORIENTED_EDGE('',*,*,#1669,.F.);
#1725 = ORIENTED_EDGE('',*,*,#1490,.T.);
#1726 = ORIENTED_EDGE('',*,*,#1705,.T.);
#1727 = PLANE('',#1728);
#1728 = AXIS2_PLACEMENT_3D('',#1729,#1730,#1731);
#1729 = CARTESIAN_POINT('',(0.5,0.4,0.));
#1730 = DIRECTION('',(0.,1.,0.));
#1731 = DIRECTION('',(0.,-0.,1.));
#1732 = ADVANCED_FACE('',(#1733),#1743,.T.);
#1733 = FACE_BOUND('',#1734,.T.);
#1734 = EDGE_LOOP('',(#1735,#1736,#1737,#1738,#1739,#1740,#1741,#1742));
#1735 = ORIENTED_EDGE('',*,*,#1540,.F.);
#1736 = ORIENTED_EDGE('',*,*,#1580,.T.);
#1737 = ORIENTED_EDGE('',*,*,#1623,.T.);
#1738 = ORIENTED_EDGE('',*,*,#1677,.F.);
#1739 = ORIENTED_EDGE('',*,*,#1719,.T.);
#1740 = ORIENTED_EDGE('',*,*,#1696,.T.);
#1741 = ORIENTED_EDGE('',*,*,#1647,.F.);
#1742 = ORIENTED_EDGE('',*,*,#1597,.F.);
#1743 = PLANE('',#1744);
#1744 = AXIS2_PLACEMENT_3D('',#1745,#1746,#1747);
#1745 = CARTESIAN_POINT('',(0.8,-0.4,0.));
#1746 = DIRECTION('',(1.,0.,0.));
#1747 = DIRECTION('',(0.,0.,1.));
#1748 = ( GEOMETRIC_REPRESENTATION_CONTEXT(3) 
GLOBAL_UNCERTAINTY_ASSIGNED_CONTEXT((#1752)) 
GLOBAL_UNIT_ASSIGNED_CONTEXT((#1749,#1750,#1751)) REPRESENTATION_CONTEXT
('Context #1','3D Context with UNIT and UNCERTAINTY') );
#1749 = ( LENGTH_UNIT() NAMED_UNIT(*) SI_UNIT(.MILLI.,.METRE.) );
#1750 = ( NAMED_UNIT(*) PLANE_ANGLE_UNIT() SI_UNIT($,.RADIAN.) );
#1751 = ( NAMED_UNIT(*) SI_UNIT($,.STERADIAN.) SOLID_ANGLE_UNIT() );
#1752 = UNCERTAINTY_MEASURE_WITH_UNIT(LENGTH_MEASURE(1.E-07),#1749,
  'distance_accuracy_value','confusion accuracy');
#1753 = CONTEXT_DEPENDENT_SHAPE_REPRESENTATION(#1754,#1756);
#1754 = ( REPRESENTATION_RELATIONSHIP('','',#893,#10) 
REPRESENTATION_RELATIONSHIP_WITH_TRANSFORMATION(#1755) 
SHAPE_REPRESENTATION_RELATIONSHIP() );
#1755 = ITEM_DEFINED_TRANSFORMATION('','',#11,#19);
#1756 = PRODUCT_DEFINITION_SHAPE('Placement','Placement of an item',
  #1757);
#1757 = NEXT_ASSEMBLY_USAGE_OCCURRENCE('2','C2','',#5,#888,$);
#1758 = PRODUCT_RELATED_PRODUCT_CATEGORY('part',$,(#890));
#1759 = CONTEXT_DEPENDENT_SHAPE_REPRESENTATION(#1760,#1762);
#1760 = ( REPRESENTATION_RELATIONSHIP('','',#84,#10) 
REPRESENTATION_RELATIONSHIP_WITH_TRANSFORMATION(#1761) 
SHAPE_REPRESENTATION_RELATIONSHIP() );
#1761 = ITEM_DEFINED_TRANSFORMATION('','',#11,#23);
#1762 = PRODUCT_DEFINITION_SHAPE('Placement','Placement of an item',
  #1763);
#1763 = NEXT_ASSEMBLY_USAGE_OCCURRENCE('3','R4','',#5,#79,$);
#1764 = CONTEXT_DEPENDENT_SHAPE_REPRESENTATION(#1765,#1767);
#1765 = ( REPRESENTATION_RELATIONSHIP('','',#893,#10) 
REPRESENTATION_RELATIONSHIP_WITH_TRANSFORMATION(#1766) 
SHAPE_REPRESENTATION_RELATIONSHIP() );
#1766 = ITEM_DEFINED_TRANSFORMATION('','',#11,#27);
#1767 = PRODUCT_DEFINITION_SHAPE('Placement','Placement of an item',
  #1768);
#1768 = NEXT_ASSEMBLY_USAGE_OCCURRENCE('4','C1','',#5,#888,$);
#1769 = SHAPE_DEFINITION_REPRESENTATION(#1770,#1776);
#1770 = PRODUCT_DEFINITION_SHAPE('','',#1771);
#1771 = PRODUCT_DEFINITION('design','',#1772,#1775);
#1772 = PRODUCT_DEFINITION_FORMATION('','',#1773);
#1773 = PRODUCT('C_1210_3225Metric','C_1210_3225Metric','',(#1774));
#1774 = PRODUCT_CONTEXT('',#2,'mechanical');
#1775 = PRODUCT_DEFINITION_CONTEXT('part definition',#2,'design');
#1776 = ADVANCED_BREP_SHAPE_REPRESENTATION('',(#11,#1777),#2631);
#1777 = MANIFOLD_SOLID_BREP('',#1778);
#1778 = CLOSED_SHELL('',(#1779,#1855,#1886,#1911,#1936,#1960,#1984,#2009
    ,#2034,#2051,#2137,#2169,#2193,#2218,#2242,#2267,#2291,#2316,#2333,
    #2419,#2450,#2475,#2500,#2524,#2548,#2573,#2598,#2615));
#1779 = ADVANCED_FACE('',(#1780),#1850,.F.);
#1780 = FACE_BOUND('',#1781,.F.);
#1781 = EDGE_LOOP('',(#1782,#1792,#1801,#1809,#1818,#1826,#1835,#1843));
#1782 = ORIENTED_EDGE('',*,*,#1783,.F.);
#1783 = EDGE_CURVE('',#1784,#1786,#1788,.T.);
#1784 = VERTEX_POINT('',#1785);
#1785 = CARTESIAN_POINT('',(-1.6,-1.25,4.E-02));
#1786 = VERTEX_POINT('',#1787);
#1787 = CARTESIAN_POINT('',(-1.6,-1.25,2.46));
#1788 = LINE('',#1789,#1790);
#1789 = CARTESIAN_POINT('',(-1.6,-1.25,0.));
#1790 = VECTOR('',#1791,1.);
#1791 = DIRECTION('',(0.,0.,1.));
#1792 = ORIENTED_EDGE('',*,*,#1793,.T.);
#1793 = EDGE_CURVE('',#1784,#1794,#1796,.T.);
#1794 = VERTEX_POINT('',#1795);
#1795 = CARTESIAN_POINT('',(-1.6,-1.21,0.));
#1796 = CIRCLE('',#1797,4.E-02);
#1797 = AXIS2_PLACEMENT_3D('',#1798,#1799,#1800);
#1798 = CARTESIAN_POINT('',(-1.6,-1.21,4.E-02));
#1799 = DIRECTION('',(1.,0.,-0.));
#1800 = DIRECTION('',(0.,0.,1.));
#1801 = ORIENTED_EDGE('',*,*,#1802,.T.);
#1802 = EDGE_CURVE('',#1794,#1803,#1805,.T.);
#1803 = VERTEX_POINT('',#1804);
#1804 = CARTESIAN_POINT('',(-1.6,1.21,0.));
#1805 = LINE('',#1806,#1807);
#1806 = CARTESIAN_POINT('',(-1.6,-1.25,0.));
#1807 = VECTOR('',#1808,1.);
#1808 = DIRECTION('',(0.,1.,0.));
#1809 = ORIENTED_EDGE('',*,*,#1810,.F.);
#1810 = EDGE_CURVE('',#1811,#1803,#1813,.T.);
#1811 = VERTEX_POINT('',#1812);
#1812 = CARTESIAN_POINT('',(-1.6,1.25,4.E-02));
#1813 = CIRCLE('',#1814,4.E-02);
#1814 = AXIS2_PLACEMENT_3D('',#1815,#1816,#1817);
#1815 = CARTESIAN_POINT('',(-1.6,1.21,4.E-02));
#1816 = DIRECTION('',(-1.,0.,0.));
#1817 = DIRECTION('',(0.,0.,1.));
#1818 = ORIENTED_EDGE('',*,*,#1819,.T.);
#1819 = EDGE_CURVE('',#1811,#1820,#1822,.T.);
#1820 = VERTEX_POINT('',#1821);
#1821 = CARTESIAN_POINT('',(-1.6,1.25,2.46));
#1822 = LINE('',#1823,#1824);
#1823 = CARTESIAN_POINT('',(-1.6,1.25,0.));
#1824 = VECTOR('',#1825,1.);
#1825 = DIRECTION('',(0.,0.,1.));
#1826 = ORIENTED_EDGE('',*,*,#1827,.T.);
#1827 = EDGE_CURVE('',#1820,#1828,#1830,.T.);
#1828 = VERTEX_POINT('',#1829);
#1829 = CARTESIAN_POINT('',(-1.6,1.21,2.5));
#1830 = CIRCLE('',#1831,4.E-02);
#1831 = AXIS2_PLACEMENT_3D('',#1832,#1833,#1834);
#1832 = CARTESIAN_POINT('',(-1.6,1.21,2.46));
#1833 = DIRECTION('',(1.,0.,-0.));
#1834 = DIRECTION('',(0.,0.,1.));
#1835 = ORIENTED_EDGE('',*,*,#1836,.F.);
#1836 = EDGE_CURVE('',#1837,#1828,#1839,.T.);
#1837 = VERTEX_POINT('',#1838);
#1838 = CARTESIAN_POINT('',(-1.6,-1.21,2.5));
#1839 = LINE('',#1840,#1841);
#1840 = CARTESIAN_POINT('',(-1.6,-1.25,2.5));
#1841 = VECTOR('',#1842,1.);
#1842 = DIRECTION('',(0.,1.,0.));
#1843 = ORIENTED_EDGE('',*,*,#1844,.F.);
#1844 = EDGE_CURVE('',#1786,#1837,#1845,.T.);
#1845 = CIRCLE('',#1846,4.E-02);
#1846 = AXIS2_PLACEMENT_3D('',#1847,#1848,#1849);
#1847 = CARTESIAN_POINT('',(-1.6,-1.21,2.46));
#1848 = DIRECTION('',(-1.,0.,0.));
#1849 = DIRECTION('',(0.,0.,1.));
#1850 = PLANE('',#1851);
#1851 = AXIS2_PLACEMENT_3D('',#1852,#1853,#1854);
#1852 = CARTESIAN_POINT('',(-1.6,-1.25,0.));
#1853 = DIRECTION('',(1.,0.,0.));
#1854 = DIRECTION('',(0.,0.,1.));
#1855 = ADVANCED_FACE('',(#1856),#1881,.F.);
#1856 = FACE_BOUND('',#1857,.F.);
#1857 = EDGE_LOOP('',(#1858,#1868,#1874,#1875));
#1858 = ORIENTED_EDGE('',*,*,#1859,.F.);
#1859 = EDGE_CURVE('',#1860,#1862,#1864,.T.);
#1860 = VERTEX_POINT('',#1861);
#1861 = CARTESIAN_POINT('',(-1.2,-1.25,4.E-02));
#1862 = VERTEX_POINT('',#1863);
#1863 = CARTESIAN_POINT('',(-1.2,-1.25,2.46));
#1864 = LINE('',#1865,#1866);
#1865 = CARTESIAN_POINT('',(-1.2,-1.25,0.));
#1866 = VECTOR('',#1867,1.);
#1867 = DIRECTION('',(0.,0.,1.));
#1868 = ORIENTED_EDGE('',*,*,#1869,.F.);
#1869 = EDGE_CURVE('',#1784,#1860,#1870,.T.);
#1870 = LINE('',#1871,#1872);
#1871 = CARTESIAN_POINT('',(-1.6,-1.25,4.E-02));
#1872 = VECTOR('',#1873,1.);
#1873 = DIRECTION('',(1.,0.,0.));
#1874 = ORIENTED_EDGE('',*,*,#1783,.T.);
#1875 = ORIENTED_EDGE('',*,*,#1876,.T.);
#1876 = EDGE_CURVE('',#1786,#1862,#1877,.T.);
#1877 = LINE('',#1878,#1879);
#1878 = CARTESIAN_POINT('',(-1.6,-1.25,2.46));
#1879 = VECTOR('',#1880,1.);
#1880 = DIRECTION('',(1.,0.,0.));
#1881 = PLANE('',#1882);
#1882 = AXIS2_PLACEMENT_3D('',#1883,#1884,#1885);
#1883 = CARTESIAN_POINT('',(-1.6,-1.25,0.));
#1884 = DIRECTION('',(0.,1.,0.));
#1885 = DIRECTION('',(0.,-0.,1.));
#1886 = ADVANCED_FACE('',(#1887),#1906,.T.);
#1887 = FACE_BOUND('',#1888,.T.);
#1888 = EDGE_LOOP('',(#1889,#1890,#1898,#1905));
#1889 = ORIENTED_EDGE('',*,*,#1793,.T.);
#1890 = ORIENTED_EDGE('',*,*,#1891,.T.);
#1891 = EDGE_CURVE('',#1794,#1892,#1894,.T.);
#1892 = VERTEX_POINT('',#1893);
#1893 = CARTESIAN_POINT('',(-1.2,-1.21,0.));
#1894 = LINE('',#1895,#1896);
#1895 = CARTESIAN_POINT('',(-1.6,-1.21,0.));
#1896 = VECTOR('',#1897,1.);
#1897 = DIRECTION('',(1.,0.,0.));
#1898 = ORIENTED_EDGE('',*,*,#1899,.F.);
#1899 = EDGE_CURVE('',#1860,#1892,#1900,.T.);
#1900 = CIRCLE('',#1901,4.E-02);
#1901 = AXIS2_PLACEMENT_3D('',#1902,#1903,#1904);
#1902 = CARTESIAN_POINT('',(-1.2,-1.21,4.E-02));
#1903 = DIRECTION('',(1.,0.,-0.));
#1904 = DIRECTION('',(0.,0.,1.));
#1905 = ORIENTED_EDGE('',*,*,#1869,.F.);
#1906 = CYLINDRICAL_SURFACE('',#1907,4.E-02);
#1907 = AXIS2_PLACEMENT_3D('',#1908,#1909,#1910);
#1908 = CARTESIAN_POINT('',(-1.6,-1.21,4.E-02));
#1909 = DIRECTION('',(1.,0.,0.));
#1910 = DIRECTION('',(0.,-1.,0.));
#1911 = ADVANCED_FACE('',(#1912),#1931,.T.);
#1912 = FACE_BOUND('',#1913,.T.);
#1913 = EDGE_LOOP('',(#1914,#1915,#1924,#1930));
#1914 = ORIENTED_EDGE('',*,*,#1876,.T.);
#1915 = ORIENTED_EDGE('',*,*,#1916,.T.);
#1916 = EDGE_CURVE('',#1862,#1917,#1919,.T.);
#1917 = VERTEX_POINT('',#1918);
#1918 = CARTESIAN_POINT('',(-1.2,-1.21,2.5));
#1919 = CIRCLE('',#1920,4.E-02);
#1920 = AXIS2_PLACEMENT_3D('',#1921,#1922,#1923);
#1921 = CARTESIAN_POINT('',(-1.2,-1.21,2.46));
#1922 = DIRECTION('',(-1.,0.,0.));
#1923 = DIRECTION('',(0.,0.,1.));
#1924 = ORIENTED_EDGE('',*,*,#1925,.F.);
#1925 = EDGE_CURVE('',#1837,#1917,#1926,.T.);
#1926 = LINE('',#1927,#1928);
#1927 = CARTESIAN_POINT('',(-1.6,-1.21,2.5));
#1928 = VECTOR('',#1929,1.);
#1929 = DIRECTION('',(1.,0.,0.));
#1930 = ORIENTED_EDGE('',*,*,#1844,.F.);
#1931 = CYLINDRICAL_SURFACE('',#1932,4.E-02);
#1932 = AXIS2_PLACEMENT_3D('',#1933,#1934,#1935);
#1933 = CARTESIAN_POINT('',(-1.6,-1.21,2.46));
#1934 = DIRECTION('',(1.,0.,0.));
#1935 = DIRECTION('',(0.,-1.,0.));
#1936 = ADVANCED_FACE('',(#1937),#1955,.F.);
#1937 = FACE_BOUND('',#1938,.F.);
#1938 = EDGE_LOOP('',(#1939,#1940,#1941,#1949));
#1939 = ORIENTED_EDGE('',*,*,#1802,.F.);
#1940 = ORIENTED_EDGE('',*,*,#1891,.T.);
#1941 = ORIENTED_EDGE('',*,*,#1942,.T.);
#1942 = EDGE_CURVE('',#1892,#1943,#1945,.T.);
#1943 = VERTEX_POINT('',#1944);
#1944 = CARTESIAN_POINT('',(-1.2,1.21,0.));
#1945 = LINE('',#1946,#1947);
#1946 = CARTESIAN_POINT('',(-1.2,-1.25,0.));
#1947 = VECTOR('',#1948,1.);
#1948 = DIRECTION('',(0.,1.,0.));
#1949 = ORIENTED_EDGE('',*,*,#1950,.F.);
#1950 = EDGE_CURVE('',#1803,#1943,#1951,.T.);
#1951 = LINE('',#1952,#1953);
#1952 = CARTESIAN_POINT('',(-1.6,1.21,0.));
#1953 = VECTOR('',#1954,1.);
#1954 = DIRECTION('',(1.,0.,0.));
#1955 = PLANE('',#1956);
#1956 = AXIS2_PLACEMENT_3D('',#1957,#1958,#1959);
#1957 = CARTESIAN_POINT('',(-1.6,-1.25,0.));
#1958 = DIRECTION('',(0.,0.,1.));
#1959 = DIRECTION('',(1.,0.,-0.));
#1960 = ADVANCED_FACE('',(#1961),#1979,.T.);
#1961 = FACE_BOUND('',#1962,.T.);
#1962 = EDGE_LOOP('',(#1963,#1964,#1965,#1973));
#1963 = ORIENTED_EDGE('',*,*,#1836,.F.);
#1964 = ORIENTED_EDGE('',*,*,#1925,.T.);
#1965 = ORIENTED_EDGE('',*,*,#1966,.T.);
#1966 = EDGE_CURVE('',#1917,#1967,#1969,.T.);
#1967 = VERTEX_POINT('',#1968);
#1968 = CARTESIAN_POINT('',(-1.2,1.21,2.5));
#1969 = LINE('',#1970,#1971);
#1970 = CARTESIAN_POINT('',(-1.2,-1.25,2.5));
#1971 = VECTOR('',#1972,1.);
#1972 = DIRECTION('',(0.,1.,0.));
#1973 = ORIENTED_EDGE('',*,*,#1974,.F.);
#1974 = EDGE_CURVE('',#1828,#1967,#1975,.T.);
#1975 = LINE('',#1976,#1977);
#1976 = CARTESIAN_POINT('',(-1.6,1.21,2.5));
#1977 = VECTOR('',#1978,1.);
#1978 = DIRECTION('',(1.,0.,0.));
#1979 = PLANE('',#1980);
#1980 = AXIS2_PLACEMENT_3D('',#1981,#1982,#1983);
#1981 = CARTESIAN_POINT('',(-1.6,-1.25,2.5));
#1982 = DIRECTION('',(0.,0.,1.));
#1983 = DIRECTION('',(1.,0.,-0.));
#1984 = ADVANCED_FACE('',(#1985),#2004,.T.);
#1985 = FACE_BOUND('',#1986,.T.);
#1986 = EDGE_LOOP('',(#1987,#1995,#2002,#2003));
#1987 = ORIENTED_EDGE('',*,*,#1988,.T.);
#1988 = EDGE_CURVE('',#1811,#1989,#1991,.T.);
#1989 = VERTEX_POINT('',#1990);
#1990 = CARTESIAN_POINT('',(-1.2,1.25,4.E-02));
#1991 = LINE('',#1992,#1993);
#1992 = CARTESIAN_POINT('',(-1.6,1.25,4.E-02));
#1993 = VECTOR('',#1994,1.);
#1994 = DIRECTION('',(1.,0.,0.));
#1995 = ORIENTED_EDGE('',*,*,#1996,.T.);
#1996 = EDGE_CURVE('',#1989,#1943,#1997,.T.);
#1997 = CIRCLE('',#1998,4.E-02);
#1998 = AXIS2_PLACEMENT_3D('',#1999,#2000,#2001);
#1999 = CARTESIAN_POINT('',(-1.2,1.21,4.E-02));
#2000 = DIRECTION('',(-1.,0.,0.));
#2001 = DIRECTION('',(0.,0.,1.));
#2002 = ORIENTED_EDGE('',*,*,#1950,.F.);
#2003 = ORIENTED_EDGE('',*,*,#1810,.F.);
#2004 = CYLINDRICAL_SURFACE('',#2005,4.E-02);
#2005 = AXIS2_PLACEMENT_3D('',#2006,#2007,#2008);
#2006 = CARTESIAN_POINT('',(-1.6,1.21,4.E-02));
#2007 = DIRECTION('',(1.,0.,0.));
#2008 = DIRECTION('',(-0.,1.,0.));
#2009 = ADVANCED_FACE('',(#2010),#2029,.T.);
#2010 = FACE_BOUND('',#2011,.T.);
#2011 = EDGE_LOOP('',(#2012,#2013,#2014,#2023));
#2012 = ORIENTED_EDGE('',*,*,#1827,.T.);
#2013 = ORIENTED_EDGE('',*,*,#1974,.T.);
#2014 = ORIENTED_EDGE('',*,*,#2015,.F.);
#2015 = EDGE_CURVE('',#2016,#1967,#2018,.T.);
#2016 = VERTEX_POINT('',#2017);
#2017 = CARTESIAN_POINT('',(-1.2,1.25,2.46));
#2018 = CIRCLE('',#2019,4.E-02);
#2019 = AXIS2_PLACEMENT_3D('',#2020,#2021,#2022);
#2020 = CARTESIAN_POINT('',(-1.2,1.21,2.46));
#2021 = DIRECTION('',(1.,0.,-0.));
#2022 = DIRECTION('',(0.,0.,1.));
#2023 = ORIENTED_EDGE('',*,*,#2024,.F.);
#2024 = EDGE_CURVE('',#1820,#2016,#2025,.T.);
#2025 = LINE('',#2026,#2027);
#2026 = CARTESIAN_POINT('',(-1.6,1.25,2.46));
#2027 = VECTOR('',#2028,1.);
#2028 = DIRECTION('',(1.,0.,0.));
#2029 = CYLINDRICAL_SURFACE('',#2030,4.E-02);
#2030 = AXIS2_PLACEMENT_3D('',#2031,#2032,#2033);
#2031 = CARTESIAN_POINT('',(-1.6,1.21,2.46));
#2032 = DIRECTION('',(1.,0.,0.));
#2033 = DIRECTION('',(-0.,1.,0.));
#2034 = ADVANCED_FACE('',(#2035),#2046,.T.);
#2035 = FACE_BOUND('',#2036,.T.);
#2036 = EDGE_LOOP('',(#2037,#2043,#2044,#2045));
#2037 = ORIENTED_EDGE('',*,*,#2038,.F.);
#2038 = EDGE_CURVE('',#1989,#2016,#2039,.T.);
#2039 = LINE('',#2040,#2041);
#2040 = CARTESIAN_POINT('',(-1.2,1.25,0.));
#2041 = VECTOR('',#2042,1.);
#2042 = DIRECTION('',(0.,0.,1.));
#2043 = ORIENTED_EDGE('',*,*,#1988,.F.);
#2044 = ORIENTED_EDGE('',*,*,#1819,.T.);
#2045 = ORIENTED_EDGE('',*,*,#2024,.T.);
#2046 = PLANE('',#2047);
#2047 = AXIS2_PLACEMENT_3D('',#2048,#2049,#2050);
#2048 = CARTESIAN_POINT('',(-1.6,1.25,0.));
#2049 = DIRECTION('',(0.,1.,0.));
#2050 = DIRECTION('',(0.,-0.,1.));
#2051 = ADVANCED_FACE('',(#2052,#2062),#2132,.T.);
#2052 = FACE_BOUND('',#2053,.T.);
#2053 = EDGE_LOOP('',(#2054,#2055,#2056,#2057,#2058,#2059,#2060,#2061));
#2054 = ORIENTED_EDGE('',*,*,#1859,.F.);
#2055 = ORIENTED_EDGE('',*,*,#1899,.T.);
#2056 = ORIENTED_EDGE('',*,*,#1942,.T.);
#2057 = ORIENTED_EDGE('',*,*,#1996,.F.);
#2058 = ORIENTED_EDGE('',*,*,#2038,.T.);
#2059 = ORIENTED_EDGE('',*,*,#2015,.T.);
#2060 = ORIENTED_EDGE('',*,*,#1966,.F.);
#2061 = ORIENTED_EDGE('',*,*,#1916,.F.);
#2062 = FACE_BOUND('',#2063,.T.);
#2063 = EDGE_LOOP('',(#2064,#2075,#2083,#2092,#2100,#2109,#2117,#2126));
#2064 = ORIENTED_EDGE('',*,*,#2065,.F.);
#2065 = EDGE_CURVE('',#2066,#2068,#2070,.T.);
#2066 = VERTEX_POINT('',#2067);
#2067 = CARTESIAN_POINT('',(-1.2,-1.21,8.E-02));
#2068 = VERTEX_POINT('',#2069);
#2069 = CARTESIAN_POINT('',(-1.2,-1.17,4.E-02));
#2070 = CIRCLE('',#2071,4.E-02);
#2071 = AXIS2_PLACEMENT_3D('',#2072,#2073,#2074);
#2072 = CARTESIAN_POINT('',(-1.2,-1.17,8.E-02));
#2073 = DIRECTION('',(1.,0.,-0.));
#2074 = DIRECTION('',(0.,0.,1.));
#2075 = ORIENTED_EDGE('',*,*,#2076,.T.);
#2076 = EDGE_CURVE('',#2066,#2077,#2079,.T.);
#2077 = VERTEX_POINT('',#2078);
#2078 = CARTESIAN_POINT('',(-1.2,-1.21,2.42));
#2079 = LINE('',#2080,#2081);
#2080 = CARTESIAN_POINT('',(-1.2,-1.21,4.E-02));
#2081 = VECTOR('',#2082,1.);
#2082 = DIRECTION('',(0.,0.,1.));
#2083 = ORIENTED_EDGE('',*,*,#2084,.T.);
#2084 = EDGE_CURVE('',#2077,#2085,#2087,.T.);
#2085 = VERTEX_POINT('',#2086);
#2086 = CARTESIAN_POINT('',(-1.2,-1.17,2.46));
#2087 = CIRCLE('',#2088,4.E-02);
#2088 = AXIS2_PLACEMENT_3D('',#2089,#2090,#2091);
#2089 = CARTESIAN_POINT('',(-1.2,-1.17,2.42));
#2090 = DIRECTION('',(-1.,0.,0.));
#2091 = DIRECTION('',(0.,0.,1.));
#2092 = ORIENTED_EDGE('',*,*,#2093,.T.);
#2093 = EDGE_CURVE('',#2085,#2094,#2096,.T.);
#2094 = VERTEX_POINT('',#2095);
#2095 = CARTESIAN_POINT('',(-1.2,1.17,2.46));
#2096 = LINE('',#2097,#2098);
#2097 = CARTESIAN_POINT('',(-1.2,-1.21,2.46));
#2098 = VECTOR('',#2099,1.);
#2099 = DIRECTION('',(0.,1.,0.));
#2100 = ORIENTED_EDGE('',*,*,#2101,.F.);
#2101 = EDGE_CURVE('',#2102,#2094,#2104,.T.);
#2102 = VERTEX_POINT('',#2103);
#2103 = CARTESIAN_POINT('',(-1.2,1.21,2.42));
#2104 = CIRCLE('',#2105,4.E-02);
#2105 = AXIS2_PLACEMENT_3D('',#2106,#2107,#2108);
#2106 = CARTESIAN_POINT('',(-1.2,1.17,2.42));
#2107 = DIRECTION('',(1.,0.,-0.));
#2108 = DIRECTION('',(0.,0.,1.));
#2109 = ORIENTED_EDGE('',*,*,#2110,.F.);
#2110 = EDGE_CURVE('',#2111,#2102,#2113,.T.);
#2111 = VERTEX_POINT('',#2112);
#2112 = CARTESIAN_POINT('',(-1.2,1.21,8.E-02));
#2113 = LINE('',#2114,#2115);
#2114 = CARTESIAN_POINT('',(-1.2,1.21,4.E-02));
#2115 = VECTOR('',#2116,1.);
#2116 = DIRECTION('',(0.,0.,1.));
#2117 = ORIENTED_EDGE('',*,*,#2118,.T.);
#2118 = EDGE_CURVE('',#2111,#2119,#2121,.T.);
#2119 = VERTEX_POINT('',#2120);
#2120 = CARTESIAN_POINT('',(-1.2,1.17,4.E-02));
#2121 = CIRCLE('',#2122,4.E-02);
#2122 = AXIS2_PLACEMENT_3D('',#2123,#2124,#2125);
#2123 = CARTESIAN_POINT('',(-1.2,1.17,8.E-02));
#2124 = DIRECTION('',(-1.,0.,0.));
#2125 = DIRECTION('',(0.,0.,1.));
#2126 = ORIENTED_EDGE('',*,*,#2127,.F.);
#2127 = EDGE_CURVE('',#2068,#2119,#2128,.T.);
#2128 = LINE('',#2129,#2130);
#2129 = CARTESIAN_POINT('',(-1.2,-1.21,4.E-02));
#2130 = VECTOR('',#2131,1.);
#2131 = DIRECTION('',(0.,1.,0.));
#2132 = PLANE('',#2133);
#2133 = AXIS2_PLACEMENT_3D('',#2134,#2135,#2136);
#2134 = CARTESIAN_POINT('',(-1.2,-1.25,0.));
#2135 = DIRECTION('',(1.,0.,0.));
#2136 = DIRECTION('',(0.,0.,1.));
#2137 = ADVANCED_FACE('',(#2138),#2164,.T.);
#2138 = FACE_BOUND('',#2139,.T.);
#2139 = EDGE_LOOP('',(#2140,#2141,#2149,#2158));
#2140 = ORIENTED_EDGE('',*,*,#2065,.T.);
#2141 = ORIENTED_EDGE('',*,*,#2142,.T.);
#2142 = EDGE_CURVE('',#2068,#2143,#2145,.T.);
#2143 = VERTEX_POINT('',#2144);
#2144 = CARTESIAN_POINT('',(1.2,-1.17,4.E-02));
#2145 = LINE('',#2146,#2147);
#2146 = CARTESIAN_POINT('',(-1.2,-1.17,4.E-02));
#2147 = VECTOR('',#2148,1.);
#2148 = DIRECTION('',(1.,0.,0.));
#2149 = ORIENTED_EDGE('',*,*,#2150,.F.);
#2150 = EDGE_CURVE('',#2151,#2143,#2153,.T.);
#2151 = VERTEX_POINT('',#2152);
#2152 = CARTESIAN_POINT('',(1.2,-1.21,8.E-02));
#2153 = CIRCLE('',#2154,4.E-02);
#2154 = AXIS2_PLACEMENT_3D('',#2155,#2156,#2157);
#2155 = CARTESIAN_POINT('',(1.2,-1.17,8.E-02));
#2156 = DIRECTION('',(1.,0.,-0.));
#2157 = DIRECTION('',(0.,0.,1.));
#2158 = ORIENTED_EDGE('',*,*,#2159,.F.);
#2159 = EDGE_CURVE('',#2066,#2151,#2160,.T.);
#2160 = LINE('',#2161,#2162);
#2161 = CARTESIAN_POINT('',(-1.2,-1.21,8.E-02));
#2162 = VECTOR('',#2163,1.);
#2163 = DIRECTION('',(1.,0.,0.));
#2164 = CYLINDRICAL_SURFACE('',#2165,4.E-02);
#2165 = AXIS2_PLACEMENT_3D('',#2166,#2167,#2168);
#2166 = CARTESIAN_POINT('',(-1.2,-1.17,8.E-02));
#2167 = DIRECTION('',(1.,0.,0.));
#2168 = DIRECTION('',(0.,-1.,0.));
#2169 = ADVANCED_FACE('',(#2170),#2188,.F.);
#2170 = FACE_BOUND('',#2171,.F.);
#2171 = EDGE_LOOP('',(#2172,#2173,#2174,#2182));
#2172 = ORIENTED_EDGE('',*,*,#2127,.F.);
#2173 = ORIENTED_EDGE('',*,*,#2142,.T.);
#2174 = ORIENTED_EDGE('',*,*,#2175,.T.);
#2175 = EDGE_CURVE('',#2143,#2176,#2178,.T.);
#2176 = VERTEX_POINT('',#2177);
#2177 = CARTESIAN_POINT('',(1.2,1.17,4.E-02));
#2178 = LINE('',#2179,#2180);
#2179 = CARTESIAN_POINT('',(1.2,-1.21,4.E-02));
#2180 = VECTOR('',#2181,1.);
#2181 = DIRECTION('',(0.,1.,0.));
#2182 = ORIENTED_EDGE('',*,*,#2183,.F.);
#2183 = EDGE_CURVE('',#2119,#2176,#2184,.T.);
#2184 = LINE('',#2185,#2186);
#2185 = CARTESIAN_POINT('',(-1.2,1.17,4.E-02));
#2186 = VECTOR('',#2187,1.);
#2187 = DIRECTION('',(1.,0.,0.));
#2188 = PLANE('',#2189);
#2189 = AXIS2_PLACEMENT_3D('',#2190,#2191,#2192);
#2190 = CARTESIAN_POINT('',(-1.2,-1.21,4.E-02));
#2191 = DIRECTION('',(0.,0.,1.));
#2192 = DIRECTION('',(1.,0.,-0.));
#2193 = ADVANCED_FACE('',(#2194),#2213,.T.);
#2194 = FACE_BOUND('',#2195,.T.);
#2195 = EDGE_LOOP('',(#2196,#2204,#2211,#2212));
#2196 = ORIENTED_EDGE('',*,*,#2197,.T.);
#2197 = EDGE_CURVE('',#2111,#2198,#2200,.T.);
#2198 = VERTEX_POINT('',#2199);
#2199 = CARTESIAN_POINT('',(1.2,1.21,8.E-02));
#2200 = LINE('',#2201,#2202);
#2201 = CARTESIAN_POINT('',(-1.2,1.21,8.E-02));
#2202 = VECTOR('',#2203,1.);
#2203 = DIRECTION('',(1.,0.,0.));
#2204 = ORIENTED_EDGE('',*,*,#2205,.T.);
#2205 = EDGE_CURVE('',#2198,#2176,#2206,.T.);
#2206 = CIRCLE('',#2207,4.E-02);
#2207 = AXIS2_PLACEMENT_3D('',#2208,#2209,#2210);
#2208 = CARTESIAN_POINT('',(1.2,1.17,8.E-02));
#2209 = DIRECTION('',(-1.,0.,0.));
#2210 = DIRECTION('',(0.,0.,1.));
#2211 = ORIENTED_EDGE('',*,*,#2183,.F.);
#2212 = ORIENTED_EDGE('',*,*,#2118,.F.);
#2213 = CYLINDRICAL_SURFACE('',#2214,4.E-02);
#2214 = AXIS2_PLACEMENT_3D('',#2215,#2216,#2217);
#2215 = CARTESIAN_POINT('',(-1.2,1.17,8.E-02));
#2216 = DIRECTION('',(1.,0.,0.));
#2217 = DIRECTION('',(-0.,1.,0.));
#2218 = ADVANCED_FACE('',(#2219),#2237,.T.);
#2219 = FACE_BOUND('',#2220,.T.);
#2220 = EDGE_LOOP('',(#2221,#2229,#2230,#2231));
#2221 = ORIENTED_EDGE('',*,*,#2222,.F.);
#2222 = EDGE_CURVE('',#2198,#2223,#2225,.T.);
#2223 = VERTEX_POINT('',#2224);
#2224 = CARTESIAN_POINT('',(1.2,1.21,2.42));
#2225 = LINE('',#2226,#2227);
#2226 = CARTESIAN_POINT('',(1.2,1.21,4.E-02));
#2227 = VECTOR('',#2228,1.);
#2228 = DIRECTION('',(0.,0.,1.));
#2229 = ORIENTED_EDGE('',*,*,#2197,.F.);
#2230 = ORIENTED_EDGE('',*,*,#2110,.T.);
#2231 = ORIENTED_EDGE('',*,*,#2232,.T.);
#2232 = EDGE_CURVE('',#2102,#2223,#2233,.T.);
#2233 = LINE('',#2234,#2235);
#2234 = CARTESIAN_POINT('',(-1.2,1.21,2.42));
#2235 = VECTOR('',#2236,1.);
#2236 = DIRECTION('',(1.,0.,0.));
#2237 = PLANE('',#2238);
#2238 = AXIS2_PLACEMENT_3D('',#2239,#2240,#2241);
#2239 = CARTESIAN_POINT('',(-1.2,1.21,4.E-02));
#2240 = DIRECTION('',(0.,1.,0.));
#2241 = DIRECTION('',(0.,-0.,1.));
#2242 = ADVANCED_FACE('',(#2243),#2262,.T.);
#2243 = FACE_BOUND('',#2244,.T.);
#2244 = EDGE_LOOP('',(#2245,#2246,#2254,#2261));
#2245 = ORIENTED_EDGE('',*,*,#2101,.T.);
#2246 = ORIENTED_EDGE('',*,*,#2247,.T.);
#2247 = EDGE_CURVE('',#2094,#2248,#2250,.T.);
#2248 = VERTEX_POINT('',#2249);
#2249 = CARTESIAN_POINT('',(1.2,1.17,2.46));
#2250 = LINE('',#2251,#2252);
#2251 = CARTESIAN_POINT('',(-1.2,1.17,2.46));
#2252 = VECTOR('',#2253,1.);
#2253 = DIRECTION('',(1.,0.,0.));
#2254 = ORIENTED_EDGE('',*,*,#2255,.F.);
#2255 = EDGE_CURVE('',#2223,#2248,#2256,.T.);
#2256 = CIRCLE('',#2257,4.E-02);
#2257 = AXIS2_PLACEMENT_3D('',#2258,#2259,#2260);
#2258 = CARTESIAN_POINT('',(1.2,1.17,2.42));
#2259 = DIRECTION('',(1.,0.,-0.));
#2260 = DIRECTION('',(0.,0.,1.));
#2261 = ORIENTED_EDGE('',*,*,#2232,.F.);
#2262 = CYLINDRICAL_SURFACE('',#2263,4.E-02);
#2263 = AXIS2_PLACEMENT_3D('',#2264,#2265,#2266);
#2264 = CARTESIAN_POINT('',(-1.2,1.17,2.42));
#2265 = DIRECTION('',(1.,0.,0.));
#2266 = DIRECTION('',(-0.,1.,0.));
#2267 = ADVANCED_FACE('',(#2268),#2286,.T.);
#2268 = FACE_BOUND('',#2269,.T.);
#2269 = EDGE_LOOP('',(#2270,#2271,#2279,#2285));
#2270 = ORIENTED_EDGE('',*,*,#2093,.F.);
#2271 = ORIENTED_EDGE('',*,*,#2272,.T.);
#2272 = EDGE_CURVE('',#2085,#2273,#2275,.T.);
#2273 = VERTEX_POINT('',#2274);
#2274 = CARTESIAN_POINT('',(1.2,-1.17,2.46));
#2275 = LINE('',#2276,#2277);
#2276 = CARTESIAN_POINT('',(-1.2,-1.17,2.46));
#2277 = VECTOR('',#2278,1.);
#2278 = DIRECTION('',(1.,0.,0.));
#2279 = ORIENTED_EDGE('',*,*,#2280,.T.);
#2280 = EDGE_CURVE('',#2273,#2248,#2281,.T.);
#2281 = LINE('',#2282,#2283);
#2282 = CARTESIAN_POINT('',(1.2,-1.21,2.46));
#2283 = VECTOR('',#2284,1.);
#2284 = DIRECTION('',(0.,1.,0.));
#2285 = ORIENTED_EDGE('',*,*,#2247,.F.);
#2286 = PLANE('',#2287);
#2287 = AXIS2_PLACEMENT_3D('',#2288,#2289,#2290);
#2288 = CARTESIAN_POINT('',(-1.2,-1.21,2.46));
#2289 = DIRECTION('',(0.,0.,1.));
#2290 = DIRECTION('',(1.,0.,-0.));
#2291 = ADVANCED_FACE('',(#2292),#2311,.T.);
#2292 = FACE_BOUND('',#2293,.T.);
#2293 = EDGE_LOOP('',(#2294,#2302,#2309,#2310));
#2294 = ORIENTED_EDGE('',*,*,#2295,.T.);
#2295 = EDGE_CURVE('',#2077,#2296,#2298,.T.);
#2296 = VERTEX_POINT('',#2297);
#2297 = CARTESIAN_POINT('',(1.2,-1.21,2.42));
#2298 = LINE('',#2299,#2300);
#2299 = CARTESIAN_POINT('',(-1.2,-1.21,2.42));
#2300 = VECTOR('',#2301,1.);
#2301 = DIRECTION('',(1.,0.,0.));
#2302 = ORIENTED_EDGE('',*,*,#2303,.T.);
#2303 = EDGE_CURVE('',#2296,#2273,#2304,.T.);
#2304 = CIRCLE('',#2305,4.E-02);
#2305 = AXIS2_PLACEMENT_3D('',#2306,#2307,#2308);
#2306 = CARTESIAN_POINT('',(1.2,-1.17,2.42));
#2307 = DIRECTION('',(-1.,0.,0.));
#2308 = DIRECTION('',(0.,0.,1.));
#2309 = ORIENTED_EDGE('',*,*,#2272,.F.);
#2310 = ORIENTED_EDGE('',*,*,#2084,.F.);
#2311 = CYLINDRICAL_SURFACE('',#2312,4.E-02);
#2312 = AXIS2_PLACEMENT_3D('',#2313,#2314,#2315);
#2313 = CARTESIAN_POINT('',(-1.2,-1.17,2.42));
#2314 = DIRECTION('',(1.,0.,0.));
#2315 = DIRECTION('',(0.,-1.,0.));
#2316 = ADVANCED_FACE('',(#2317),#2328,.F.);
#2317 = FACE_BOUND('',#2318,.F.);
#2318 = EDGE_LOOP('',(#2319,#2325,#2326,#2327));
#2319 = ORIENTED_EDGE('',*,*,#2320,.F.);
#2320 = EDGE_CURVE('',#2151,#2296,#2321,.T.);
#2321 = LINE('',#2322,#2323);
#2322 = CARTESIAN_POINT('',(1.2,-1.21,4.E-02));
#2323 = VECTOR('',#2324,1.);
#2324 = DIRECTION('',(0.,0.,1.));
#2325 = ORIENTED_EDGE('',*,*,#2159,.F.);
#2326 = ORIENTED_EDGE('',*,*,#2076,.T.);
#2327 = ORIENTED_EDGE('',*,*,#2295,.T.);
#2328 = PLANE('',#2329);
#2329 = AXIS2_PLACEMENT_3D('',#2330,#2331,#2332);
#2330 = CARTESIAN_POINT('',(-1.2,-1.21,4.E-02));
#2331 = DIRECTION('',(0.,1.,0.));
#2332 = DIRECTION('',(0.,-0.,1.));
#2333 = ADVANCED_FACE('',(#2334,#2404),#2414,.F.);
#2334 = FACE_BOUND('',#2335,.F.);
#2335 = EDGE_LOOP('',(#2336,#2346,#2355,#2363,#2372,#2380,#2389,#2397));
#2336 = ORIENTED_EDGE('',*,*,#2337,.F.);
#2337 = EDGE_CURVE('',#2338,#2340,#2342,.T.);
#2338 = VERTEX_POINT('',#2339);
#2339 = CARTESIAN_POINT('',(1.2,-1.25,4.E-02));
#2340 = VERTEX_POINT('',#2341);
#2341 = CARTESIAN_POINT('',(1.2,-1.25,2.46));
#2342 = LINE('',#2343,#2344);
#2343 = CARTESIAN_POINT('',(1.2,-1.25,0.));
#2344 = VECTOR('',#2345,1.);
#2345 = DIRECTION('',(0.,0.,1.));
#2346 = ORIENTED_EDGE('',*,*,#2347,.T.);
#2347 = EDGE_CURVE('',#2338,#2348,#2350,.T.);
#2348 = VERTEX_POINT('',#2349);
#2349 = CARTESIAN_POINT('',(1.2,-1.21,0.));
#2350 = CIRCLE('',#2351,4.E-02);
#2351 = AXIS2_PLACEMENT_3D('',#2352,#2353,#2354);
#2352 = CARTESIAN_POINT('',(1.2,-1.21,4.E-02));
#2353 = DIRECTION('',(1.,0.,-0.));
#2354 = DIRECTION('',(0.,0.,1.));
#2355 = ORIENTED_EDGE('',*,*,#2356,.T.);
#2356 = EDGE_CURVE('',#2348,#2357,#2359,.T.);
#2357 = VERTEX_POINT('',#2358);
#2358 = CARTESIAN_POINT('',(1.2,1.21,0.));
#2359 = LINE('',#2360,#2361);
#2360 = CARTESIAN_POINT('',(1.2,-1.25,0.));
#2361 = VECTOR('',#2362,1.);
#2362 = DIRECTION('',(0.,1.,0.));
#2363 = ORIENTED_EDGE('',*,*,#2364,.F.);
#2364 = EDGE_CURVE('',#2365,#2357,#2367,.T.);
#2365 = VERTEX_POINT('',#2366);
#2366 = CARTESIAN_POINT('',(1.2,1.25,4.E-02));
#2367 = CIRCLE('',#2368,4.E-02);
#2368 = AXIS2_PLACEMENT_3D('',#2369,#2370,#2371);
#2369 = CARTESIAN_POINT('',(1.2,1.21,4.E-02));
#2370 = DIRECTION('',(-1.,0.,0.));
#2371 = DIRECTION('',(0.,0.,1.));
#2372 = ORIENTED_EDGE('',*,*,#2373,.T.);
#2373 = EDGE_CURVE('',#2365,#2374,#2376,.T.);
#2374 = VERTEX_POINT('',#2375);
#2375 = CARTESIAN_POINT('',(1.2,1.25,2.46));
#2376 = LINE('',#2377,#2378);
#2377 = CARTESIAN_POINT('',(1.2,1.25,0.));
#2378 = VECTOR('',#2379,1.);
#2379 = DIRECTION('',(0.,0.,1.));
#2380 = ORIENTED_EDGE('',*,*,#2381,.T.);
#2381 = EDGE_CURVE('',#2374,#2382,#2384,.T.);
#2382 = VERTEX_POINT('',#2383);
#2383 = CARTESIAN_POINT('',(1.2,1.21,2.5));
#2384 = CIRCLE('',#2385,4.E-02);
#2385 = AXIS2_PLACEMENT_3D('',#2386,#2387,#2388);
#2386 = CARTESIAN_POINT('',(1.2,1.21,2.46));
#2387 = DIRECTION('',(1.,0.,-0.));
#2388 = DIRECTION('',(0.,0.,1.));
#2389 = ORIENTED_EDGE('',*,*,#2390,.F.);
#2390 = EDGE_CURVE('',#2391,#2382,#2393,.T.);
#2391 = VERTEX_POINT('',#2392);
#2392 = CARTESIAN_POINT('',(1.2,-1.21,2.5));
#2393 = LINE('',#2394,#2395);
#2394 = CARTESIAN_POINT('',(1.2,-1.25,2.5));
#2395 = VECTOR('',#2396,1.);
#2396 = DIRECTION('',(0.,1.,0.));
#2397 = ORIENTED_EDGE('',*,*,#2398,.F.);
#2398 = EDGE_CURVE('',#2340,#2391,#2399,.T.);
#2399 = CIRCLE('',#2400,4.E-02);
#2400 = AXIS2_PLACEMENT_3D('',#2401,#2402,#2403);
#2401 = CARTESIAN_POINT('',(1.2,-1.21,2.46));
#2402 = DIRECTION('',(-1.,0.,0.));
#2403 = DIRECTION('',(0.,0.,1.));
#2404 = FACE_BOUND('',#2405,.F.);
#2405 = EDGE_LOOP('',(#2406,#2407,#2408,#2409,#2410,#2411,#2412,#2413));
#2406 = ORIENTED_EDGE('',*,*,#2150,.F.);
#2407 = ORIENTED_EDGE('',*,*,#2320,.T.);
#2408 = ORIENTED_EDGE('',*,*,#2303,.T.);
#2409 = ORIENTED_EDGE('',*,*,#2280,.T.);
#2410 = ORIENTED_EDGE('',*,*,#2255,.F.);
#2411 = ORIENTED_EDGE('',*,*,#2222,.F.);
#2412 = ORIENTED_EDGE('',*,*,#2205,.T.);
#2413 = ORIENTED_EDGE('',*,*,#2175,.F.);
#2414 = PLANE('',#2415);
#2415 = AXIS2_PLACEMENT_3D('',#2416,#2417,#2418);
#2416 = CARTESIAN_POINT('',(1.2,-1.25,0.));
#2417 = DIRECTION('',(1.,0.,0.));
#2418 = DIRECTION('',(0.,0.,1.));
#2419 = ADVANCED_FACE('',(#2420),#2445,.F.);
#2420 = FACE_BOUND('',#2421,.F.);
#2421 = EDGE_LOOP('',(#2422,#2432,#2438,#2439));
#2422 = ORIENTED_EDGE('',*,*,#2423,.F.);
#2423 = EDGE_CURVE('',#2424,#2426,#2428,.T.);
#2424 = VERTEX_POINT('',#2425);
#2425 = CARTESIAN_POINT('',(1.6,-1.25,4.E-02));
#2426 = VERTEX_POINT('',#2427);
#2427 = CARTESIAN_POINT('',(1.6,-1.25,2.46));
#2428 = LINE('',#2429,#2430);
#2429 = CARTESIAN_POINT('',(1.6,-1.25,0.));
#2430 = VECTOR('',#2431,1.);
#2431 = DIRECTION('',(0.,0.,1.));
#2432 = ORIENTED_EDGE('',*,*,#2433,.F.);
#2433 = EDGE_CURVE('',#2338,#2424,#2434,.T.);
#2434 = LINE('',#2435,#2436);
#2435 = CARTESIAN_POINT('',(1.2,-1.25,4.E-02));
#2436 = VECTOR('',#2437,1.);
#2437 = DIRECTION('',(1.,0.,0.));
#2438 = ORIENTED_EDGE('',*,*,#2337,.T.);
#2439 = ORIENTED_EDGE('',*,*,#2440,.T.);
#2440 = EDGE_CURVE('',#2340,#2426,#2441,.T.);
#2441 = LINE('',#2442,#2443);
#2442 = CARTESIAN_POINT('',(1.2,-1.25,2.46));
#2443 = VECTOR('',#2444,1.);
#2444 = DIRECTION('',(1.,0.,0.));
#2445 = PLANE('',#2446);
#2446 = AXIS2_PLACEMENT_3D('',#2447,#2448,#2449);
#2447 = CARTESIAN_POINT('',(1.2,-1.25,0.));
#2448 = DIRECTION('',(0.,1.,0.));
#2449 = DIRECTION('',(0.,-0.,1.));
#2450 = ADVANCED_FACE('',(#2451),#2470,.T.);
#2451 = FACE_BOUND('',#2452,.T.);
#2452 = EDGE_LOOP('',(#2453,#2454,#2462,#2469));
#2453 = ORIENTED_EDGE('',*,*,#2347,.T.);
#2454 = ORIENTED_EDGE('',*,*,#2455,.T.);
#2455 = EDGE_CURVE('',#2348,#2456,#2458,.T.);
#2456 = VERTEX_POINT('',#2457);
#2457 = CARTESIAN_POINT('',(1.6,-1.21,0.));
#2458 = LINE('',#2459,#2460);
#2459 = CARTESIAN_POINT('',(1.2,-1.21,0.));
#2460 = VECTOR('',#2461,1.);
#2461 = DIRECTION('',(1.,0.,0.));
#2462 = ORIENTED_EDGE('',*,*,#2463,.F.);
#2463 = EDGE_CURVE('',#2424,#2456,#2464,.T.);
#2464 = CIRCLE('',#2465,4.E-02);
#2465 = AXIS2_PLACEMENT_3D('',#2466,#2467,#2468);
#2466 = CARTESIAN_POINT('',(1.6,-1.21,4.E-02));
#2467 = DIRECTION('',(1.,0.,-0.));
#2468 = DIRECTION('',(0.,0.,1.));
#2469 = ORIENTED_EDGE('',*,*,#2433,.F.);
#2470 = CYLINDRICAL_SURFACE('',#2471,4.E-02);
#2471 = AXIS2_PLACEMENT_3D('',#2472,#2473,#2474);
#2472 = CARTESIAN_POINT('',(1.2,-1.21,4.E-02));
#2473 = DIRECTION('',(1.,0.,0.));
#2474 = DIRECTION('',(0.,-1.,0.));
#2475 = ADVANCED_FACE('',(#2476),#2495,.T.);
#2476 = FACE_BOUND('',#2477,.T.);
#2477 = EDGE_LOOP('',(#2478,#2479,#2488,#2494));
#2478 = ORIENTED_EDGE('',*,*,#2440,.T.);
#2479 = ORIENTED_EDGE('',*,*,#2480,.T.);
#2480 = EDGE_CURVE('',#2426,#2481,#2483,.T.);
#2481 = VERTEX_POINT('',#2482);
#2482 = CARTESIAN_POINT('',(1.6,-1.21,2.5));
#2483 = CIRCLE('',#2484,4.E-02);
#2484 = AXIS2_PLACEMENT_3D('',#2485,#2486,#2487);
#2485 = CARTESIAN_POINT('',(1.6,-1.21,2.46));
#2486 = DIRECTION('',(-1.,0.,0.));
#2487 = DIRECTION('',(0.,0.,1.));
#2488 = ORIENTED_EDGE('',*,*,#2489,.F.);
#2489 = EDGE_CURVE('',#2391,#2481,#2490,.T.);
#2490 = LINE('',#2491,#2492);
#2491 = CARTESIAN_POINT('',(1.2,-1.21,2.5));
#2492 = VECTOR('',#2493,1.);
#2493 = DIRECTION('',(1.,0.,0.));
#2494 = ORIENTED_EDGE('',*,*,#2398,.F.);
#2495 = CYLINDRICAL_SURFACE('',#2496,4.E-02);
#2496 = AXIS2_PLACEMENT_3D('',#2497,#2498,#2499);
#2497 = CARTESIAN_POINT('',(1.2,-1.21,2.46));
#2498 = DIRECTION('',(1.,0.,0.));
#2499 = DIRECTION('',(0.,-1.,0.));
#2500 = ADVANCED_FACE('',(#2501),#2519,.F.);
#2501 = FACE_BOUND('',#2502,.F.);
#2502 = EDGE_LOOP('',(#2503,#2504,#2505,#2513));
#2503 = ORIENTED_EDGE('',*,*,#2356,.F.);
#2504 = ORIENTED_EDGE('',*,*,#2455,.T.);
#2505 = ORIENTED_EDGE('',*,*,#2506,.T.);
#2506 = EDGE_CURVE('',#2456,#2507,#2509,.T.);
#2507 = VERTEX_POINT('',#2508);
#2508 = CARTESIAN_POINT('',(1.6,1.21,0.));
#2509 = LINE('',#2510,#2511);
#2510 = CARTESIAN_POINT('',(1.6,-1.25,0.));
#2511 = VECTOR('',#2512,1.);
#2512 = DIRECTION('',(0.,1.,0.));
#2513 = ORIENTED_EDGE('',*,*,#2514,.F.);
#2514 = EDGE_CURVE('',#2357,#2507,#2515,.T.);
#2515 = LINE('',#2516,#2517);
#2516 = CARTESIAN_POINT('',(1.2,1.21,0.));
#2517 = VECTOR('',#2518,1.);
#2518 = DIRECTION('',(1.,0.,0.));
#2519 = PLANE('',#2520);
#2520 = AXIS2_PLACEMENT_3D('',#2521,#2522,#2523);
#2521 = CARTESIAN_POINT('',(1.2,-1.25,0.));
#2522 = DIRECTION('',(0.,0.,1.));
#2523 = DIRECTION('',(1.,0.,-0.));
#2524 = ADVANCED_FACE('',(#2525),#2543,.T.);
#2525 = FACE_BOUND('',#2526,.T.);
#2526 = EDGE_LOOP('',(#2527,#2528,#2529,#2537));
#2527 = ORIENTED_EDGE('',*,*,#2390,.F.);
#2528 = ORIENTED_EDGE('',*,*,#2489,.T.);
#2529 = ORIENTED_EDGE('',*,*,#2530,.T.);
#2530 = EDGE_CURVE('',#2481,#2531,#2533,.T.);
#2531 = VERTEX_POINT('',#2532);
#2532 = CARTESIAN_POINT('',(1.6,1.21,2.5));
#2533 = LINE('',#2534,#2535);
#2534 = CARTESIAN_POINT('',(1.6,-1.25,2.5));
#2535 = VECTOR('',#2536,1.);
#2536 = DIRECTION('',(0.,1.,0.));
#2537 = ORIENTED_EDGE('',*,*,#2538,.F.);
#2538 = EDGE_CURVE('',#2382,#2531,#2539,.T.);
#2539 = LINE('',#2540,#2541);
#2540 = CARTESIAN_POINT('',(1.2,1.21,2.5));
#2541 = VECTOR('',#2542,1.);
#2542 = DIRECTION('',(1.,0.,0.));
#2543 = PLANE('',#2544);
#2544 = AXIS2_PLACEMENT_3D('',#2545,#2546,#2547);
#2545 = CARTESIAN_POINT('',(1.2,-1.25,2.5));
#2546 = DIRECTION('',(0.,0.,1.));
#2547 = DIRECTION('',(1.,0.,-0.));
#2548 = ADVANCED_FACE('',(#2549),#2568,.T.);
#2549 = FACE_BOUND('',#2550,.T.);
#2550 = EDGE_LOOP('',(#2551,#2559,#2566,#2567));
#2551 = ORIENTED_EDGE('',*,*,#2552,.T.);
#2552 = EDGE_CURVE('',#2365,#2553,#2555,.T.);
#2553 = VERTEX_POINT('',#2554);
#2554 = CARTESIAN_POINT('',(1.6,1.25,4.E-02));
#2555 = LINE('',#2556,#2557);
#2556 = CARTESIAN_POINT('',(1.2,1.25,4.E-02));
#2557 = VECTOR('',#2558,1.);
#2558 = DIRECTION('',(1.,0.,0.));
#2559 = ORIENTED_EDGE('',*,*,#2560,.T.);
#2560 = EDGE_CURVE('',#2553,#2507,#2561,.T.);
#2561 = CIRCLE('',#2562,4.E-02);
#2562 = AXIS2_PLACEMENT_3D('',#2563,#2564,#2565);
#2563 = CARTESIAN_POINT('',(1.6,1.21,4.E-02));
#2564 = DIRECTION('',(-1.,0.,0.));
#2565 = DIRECTION('',(0.,0.,1.));
#2566 = ORIENTED_EDGE('',*,*,#2514,.F.);
#2567 = ORIENTED_EDGE('',*,*,#2364,.F.);
#2568 = CYLINDRICAL_SURFACE('',#2569,4.E-02);
#2569 = AXIS2_PLACEMENT_3D('',#2570,#2571,#2572);
#2570 = CARTESIAN_POINT('',(1.2,1.21,4.E-02));
#2571 = DIRECTION('',(1.,0.,0.));
#2572 = DIRECTION('',(-0.,1.,0.));
#2573 = ADVANCED_FACE('',(#2574),#2593,.T.);
#2574 = FACE_BOUND('',#2575,.T.);
#2575 = EDGE_LOOP('',(#2576,#2577,#2578,#2587));
#2576 = ORIENTED_EDGE('',*,*,#2381,.T.);
#2577 = ORIENTED_EDGE('',*,*,#2538,.T.);
#2578 = ORIENTED_EDGE('',*,*,#2579,.F.);
#2579 = EDGE_CURVE('',#2580,#2531,#2582,.T.);
#2580 = VERTEX_POINT('',#2581);
#2581 = CARTESIAN_POINT('',(1.6,1.25,2.46));
#2582 = CIRCLE('',#2583,4.E-02);
#2583 = AXIS2_PLACEMENT_3D('',#2584,#2585,#2586);
#2584 = CARTESIAN_POINT('',(1.6,1.21,2.46));
#2585 = DIRECTION('',(1.,0.,-0.));
#2586 = DIRECTION('',(0.,0.,1.));
#2587 = ORIENTED_EDGE('',*,*,#2588,.F.);
#2588 = EDGE_CURVE('',#2374,#2580,#2589,.T.);
#2589 = LINE('',#2590,#2591);
#2590 = CARTESIAN_POINT('',(1.2,1.25,2.46));
#2591 = VECTOR('',#2592,1.);
#2592 = DIRECTION('',(1.,0.,0.));
#2593 = CYLINDRICAL_SURFACE('',#2594,4.E-02);
#2594 = AXIS2_PLACEMENT_3D('',#2595,#2596,#2597);
#2595 = CARTESIAN_POINT('',(1.2,1.21,2.46));
#2596 = DIRECTION('',(1.,0.,0.));
#2597 = DIRECTION('',(-0.,1.,0.));
#2598 = ADVANCED_FACE('',(#2599),#2610,.T.);
#2599 = FACE_BOUND('',#2600,.T.);
#2600 = EDGE_LOOP('',(#2601,#2607,#2608,#2609));
#2601 = ORIENTED_EDGE('',*,*,#2602,.F.);
#2602 = EDGE_CURVE('',#2553,#2580,#2603,.T.);
#2603 = LINE('',#2604,#2605);
#2604 = CARTESIAN_POINT('',(1.6,1.25,0.));
#2605 = VECTOR('',#2606,1.);
#2606 = DIRECTION('',(0.,0.,1.));
#2607 = ORIENTED_EDGE('',*,*,#2552,.F.);
#2608 = ORIENTED_EDGE('',*,*,#2373,.T.);
#2609 = ORIENTED_EDGE('',*,*,#2588,.T.);
#2610 = PLANE('',#2611);
#2611 = AXIS2_PLACEMENT_3D('',#2612,#2613,#2614);
#2612 = CARTESIAN_POINT('',(1.2,1.25,0.));
#2613 = DIRECTION('',(0.,1.,0.));
#2614 = DIRECTION('',(0.,-0.,1.));
#2615 = ADVANCED_FACE('',(#2616),#2626,.T.);
#2616 = FACE_BOUND('',#2617,.T.);
#2617 = EDGE_LOOP('',(#2618,#2619,#2620,#2621,#2622,#2623,#2624,#2625));
#2618 = ORIENTED_EDGE('',*,*,#2423,.F.);
#2619 = ORIENTED_EDGE('',*,*,#2463,.T.);
#2620 = ORIENTED_EDGE('',*,*,#2506,.T.);
#2621 = ORIENTED_EDGE('',*,*,#2560,.F.);
#2622 = ORIENTED_EDGE('',*,*,#2602,.T.);
#2623 = ORIENTED_EDGE('',*,*,#2579,.T.);
#2624 = ORIENTED_EDGE('',*,*,#2530,.F.);
#2625 = ORIENTED_EDGE('',*,*,#2480,.F.);
#2626 = PLANE('',#2627);
#2627 = AXIS2_PLACEMENT_3D('',#2628,#2629,#2630);
#2628 = CARTESIAN_POINT('',(1.6,-1.25,0.));
#2629 = DIRECTION('',(1.,0.,0.));
#2630 = DIRECTION('',(0.,0.,1.));
#2631 = ( GEOMETRIC_REPRESENTATION_CONTEXT(3) 
GLOBAL_UNCERTAINTY_ASSIGNED_CONTEXT((#2635)) 
GLOBAL_UNIT_ASSIGNED_CONTEXT((#2632,#2633,#2634)) REPRESENTATION_CONTEXT
('Context #1','3D Context with UNIT and UNCERTAINTY') );
#2632 = ( LENGTH_UNIT() NAMED_UNIT(*) SI_UNIT(.MILLI.,.METRE.) );
#2633 = ( NAMED_UNIT(*) PLANE_ANGLE_UNIT() SI_UNIT($,.RADIAN.) );
#2634 = ( NAMED_UNIT(*) SI_UNIT($,.STERADIAN.) SOLID_ANGLE_UNIT() );
#2635 = UNCERTAINTY_MEASURE_WITH_UNIT(LENGTH_MEASURE(1.E-07),#2632,
  'distance_accuracy_value','confusion accuracy');
#2636 = CONTEXT_DEPENDENT_SHAPE_REPRESENTATION(#2637,#2639);
#2637 = ( REPRESENTATION_RELATIONSHIP('','',#1776,#10) 
REPRESENTATION_RELATIONSHIP_WITH_TRANSFORMATION(#2638) 
SHAPE_REPRESENTATION_RELATIONSHIP() );
#2638 = ITEM_DEFINED_TRANSFORMATION('','',#11,#31);
#2639 = PRODUCT_DEFINITION_SHAPE('Placement','Placement of an item',
  #2640);
#2640 = NEXT_ASSEMBLY_USAGE_OCCURRENCE('5','C3','',#5,#1771,$);
#2641 = PRODUCT_RELATED_PRODUCT_CATEGORY('part',$,(#1773));
#2642 = SHAPE_DEFINITION_REPRESENTATION(#2643,#2649);
#2643 = PRODUCT_DEFINITION_SHAPE('','',#2644);
#2644 = PRODUCT_DEFINITION('design','',#2645,#2648);
#2645 = PRODUCT_DEFINITION_FORMATION('','',#2646);
#2646 = PRODUCT('JST_XH_B2B-XH-A_1x02_P2.50mm_Vertical',
  'JST_XH_B2B-XH-A_1x02_P2.50mm_Vertical','',(#2647));
#2647 = PRODUCT_CONTEXT('',#2,'mechanical');
#2648 = PRODUCT_DEFINITION_CONTEXT('part definition',#2,'design');
#2649 = ADVANCED_BREP_SHAPE_REPRESENTATION('',(#11,#2650),#5365);
#2650 = MANIFOLD_SOLID_BREP('',#2651);
#2651 = CLOSED_SHELL('',(#2652,#2724,#2763,#2787,#2852,#2876,#2964,#2988
    ,#3053,#3078,#3127,#3144,#3168,#3185,#3323,#3347,#3517,#3541,#3574,
    #3598,#3629,#3646,#3679,#3703,#3734,#3746,#3779,#3796,#3813,#3825,
    #3905,#3922,#3939,#3956,#3973,#3990,#4007,#4024,#4041,#4058,#4075,
    #4087,#4104,#4121,#4167,#4213,#4244,#4268,#4292,#4309,#4340,#4364,
    #4388,#4405,#4468,#4492,#4548,#4565,#4628,#4652,#4708,#4725,#4756,
    #4780,#4804,#4821,#4852,#4876,#4900,#4917,#4964,#4995,#5007,#5024,
    #5050,#5083,#5130,#5161,#5173,#5190,#5216,#5249,#5261,#5273,#5290,
    #5307,#5319,#5336,#5353));
#2652 = ADVANCED_FACE('',(#2653),#2719,.T.);
#2653 = FACE_BOUND('',#2654,.T.);
#2654 = EDGE_LOOP('',(#2655,#2665,#2673,#2681,#2689,#2697,#2705,#2713));
#2655 = ORIENTED_EDGE('',*,*,#2656,.T.);
#2656 = EDGE_CURVE('',#2657,#2659,#2661,.T.);
#2657 = VERTEX_POINT('',#2658);
#2658 = CARTESIAN_POINT('',(-1.8,0.5,7.));
#2659 = VERTEX_POINT('',#2660);
#2660 = CARTESIAN_POINT('',(-2.45,0.5,7.));
#2661 = LINE('',#2662,#2663);
#2662 = CARTESIAN_POINT('',(4.95,0.5,7.));
#2663 = VECTOR('',#2664,1.);
#2664 = DIRECTION('',(-1.,1.224646799147E-16,0.));
#2665 = ORIENTED_EDGE('',*,*,#2666,.T.);
#2666 = EDGE_CURVE('',#2659,#2667,#2669,.T.);
#2667 = VERTEX_POINT('',#2668);
#2668 = CARTESIAN_POINT('',(-2.45,-3.4,7.));
#2669 = LINE('',#2670,#2671);
#2670 = CARTESIAN_POINT('',(-2.45,2.35,7.));
#2671 = VECTOR('',#2672,1.);
#2672 = DIRECTION('',(-1.224646799147E-16,-1.,0.));
#2673 = ORIENTED_EDGE('',*,*,#2674,.T.);
#2674 = EDGE_CURVE('',#2667,#2675,#2677,.T.);
#2675 = VERTEX_POINT('',#2676);
#2676 = CARTESIAN_POINT('',(4.95,-3.4,7.));
#2677 = LINE('',#2678,#2679);
#2678 = CARTESIAN_POINT('',(-2.45,-3.4,7.));
#2679 = VECTOR('',#2680,1.);
#2680 = DIRECTION('',(1.,-1.224646799147E-16,0.));
#2681 = ORIENTED_EDGE('',*,*,#2682,.T.);
#2682 = EDGE_CURVE('',#2675,#2683,#2685,.T.);
#2683 = VERTEX_POINT('',#2684);
#2684 = CARTESIAN_POINT('',(4.95,0.5,7.));
#2685 = LINE('',#2686,#2687);
#2686 = CARTESIAN_POINT('',(4.95,-3.4,7.));
#2687 = VECTOR('',#2688,1.);
#2688 = DIRECTION('',(1.224646799147E-16,1.,0.));
#2689 = ORIENTED_EDGE('',*,*,#2690,.T.);
#2690 = EDGE_CURVE('',#2683,#2691,#2693,.T.);
#2691 = VERTEX_POINT('',#2692);
#2692 = CARTESIAN_POINT('',(4.3,0.5,7.));
#2693 = LINE('',#2694,#2695);
#2694 = CARTESIAN_POINT('',(4.95,0.5,7.));
#2695 = VECTOR('',#2696,1.);
#2696 = DIRECTION('',(-1.,1.224646799147E-16,0.));
#2697 = ORIENTED_EDGE('',*,*,#2698,.F.);
#2698 = EDGE_CURVE('',#2699,#2691,#2701,.T.);
#2699 = VERTEX_POINT('',#2700);
#2700 = CARTESIAN_POINT('',(4.3,-2.85,7.));
#2701 = LINE('',#2702,#2703);
#2702 = CARTESIAN_POINT('',(4.3,-2.65,7.));
#2703 = VECTOR('',#2704,1.);
#2704 = DIRECTION('',(1.224646799147E-16,1.,0.));
#2705 = ORIENTED_EDGE('',*,*,#2706,.F.);
#2706 = EDGE_CURVE('',#2707,#2699,#2709,.T.);
#2707 = VERTEX_POINT('',#2708);
#2708 = CARTESIAN_POINT('',(-1.8,-2.85,7.));
#2709 = LINE('',#2710,#2711);
#2710 = CARTESIAN_POINT('',(-1.6,-2.85,7.));
#2711 = VECTOR('',#2712,1.);
#2712 = DIRECTION('',(1.,-1.224646799147E-16,0.));
#2713 = ORIENTED_EDGE('',*,*,#2714,.F.);
#2714 = EDGE_CURVE('',#2657,#2707,#2715,.T.);
#2715 = LINE('',#2716,#2717);
#2716 = CARTESIAN_POINT('',(-1.8,0.5,7.));
#2717 = VECTOR('',#2718,1.);
#2718 = DIRECTION('',(-1.224646799147E-16,-1.,0.));
#2719 = PLANE('',#2720);
#2720 = AXIS2_PLACEMENT_3D('',#2721,#2722,#2723);
#2721 = CARTESIAN_POINT('',(1.25,-0.525,7.));
#2722 = DIRECTION('',(0.,0.,1.));
#2723 = DIRECTION('',(-1.,1.224646799147E-16,0.));
#2724 = ADVANCED_FACE('',(#2725),#2758,.T.);
#2725 = FACE_BOUND('',#2726,.T.);
#2726 = EDGE_LOOP('',(#2727,#2737,#2745,#2751,#2752));
#2727 = ORIENTED_EDGE('',*,*,#2728,.T.);
#2728 = EDGE_CURVE('',#2729,#2731,#2733,.T.);
#2729 = VERTEX_POINT('',#2730);
#2730 = CARTESIAN_POINT('',(-1.6,0.5,6.8));
#2731 = VERTEX_POINT('',#2732);
#2732 = CARTESIAN_POINT('',(-1.6,0.5,3.65));
#2733 = LINE('',#2734,#2735);
#2734 = CARTESIAN_POINT('',(-1.6,0.5,5.325));
#2735 = VECTOR('',#2736,1.);
#2736 = DIRECTION('',(-0.,0.,-1.));
#2737 = ORIENTED_EDGE('',*,*,#2738,.T.);
#2738 = EDGE_CURVE('',#2731,#2739,#2741,.T.);
#2739 = VERTEX_POINT('',#2740);
#2740 = CARTESIAN_POINT('',(-2.45,0.5,3.65));
#2741 = LINE('',#2742,#2743);
#2742 = CARTESIAN_POINT('',(4.95,0.5,3.65));
#2743 = VECTOR('',#2744,1.);
#2744 = DIRECTION('',(-1.,1.224646799147E-16,0.));
#2745 = ORIENTED_EDGE('',*,*,#2746,.T.);
#2746 = EDGE_CURVE('',#2739,#2659,#2747,.T.);
#2747 = LINE('',#2748,#2749);
#2748 = CARTESIAN_POINT('',(-2.45,0.5,1.825));
#2749 = VECTOR('',#2750,1.);
#2750 = DIRECTION('',(0.,0.,1.));
#2751 = ORIENTED_EDGE('',*,*,#2656,.F.);
#2752 = ORIENTED_EDGE('',*,*,#2753,.T.);
#2753 = EDGE_CURVE('',#2657,#2729,#2754,.T.);
#2754 = LINE('',#2755,#2756);
#2755 = CARTESIAN_POINT('',(0.775,0.5,4.425));
#2756 = VECTOR('',#2757,1.);
#2757 = DIRECTION('',(0.707106781187,-8.659560562349E-17,-0.707106781187
    ));
#2758 = PLANE('',#2759);
#2759 = AXIS2_PLACEMENT_3D('',#2760,#2761,#2762);
#2760 = CARTESIAN_POINT('',(4.95,0.5,3.65));
#2761 = DIRECTION('',(1.224646799147E-16,1.,0.));
#2762 = DIRECTION('',(0.,-0.,1.));
#2763 = ADVANCED_FACE('',(#2764),#2782,.F.);
#2764 = FACE_BOUND('',#2765,.T.);
#2765 = EDGE_LOOP('',(#2766,#2767,#2768,#2776));
#2766 = ORIENTED_EDGE('',*,*,#2753,.F.);
#2767 = ORIENTED_EDGE('',*,*,#2714,.T.);
#2768 = ORIENTED_EDGE('',*,*,#2769,.T.);
#2769 = EDGE_CURVE('',#2707,#2770,#2772,.T.);
#2770 = VERTEX_POINT('',#2771);
#2771 = CARTESIAN_POINT('',(-1.6,-2.65,6.8));
#2772 = LINE('',#2773,#2774);
#2773 = CARTESIAN_POINT('',(-1.141666666667,-2.191666666667,
    6.341666666667));
#2774 = VECTOR('',#2775,1.);
#2775 = DIRECTION('',(0.57735026919,0.57735026919,-0.57735026919));
#2776 = ORIENTED_EDGE('',*,*,#2777,.F.);
#2777 = EDGE_CURVE('',#2729,#2770,#2778,.T.);
#2778 = LINE('',#2779,#2780);
#2779 = CARTESIAN_POINT('',(-1.6,0.5,6.8));
#2780 = VECTOR('',#2781,1.);
#2781 = DIRECTION('',(-1.224646799147E-16,-1.,0.));
#2782 = PLANE('',#2783);
#2783 = AXIS2_PLACEMENT_3D('',#2784,#2785,#2786);
#2784 = CARTESIAN_POINT('',(-1.7,0.5,6.9));
#2785 = DIRECTION('',(-0.707106781187,8.659560562349E-17,-0.707106781187
    ));
#2786 = DIRECTION('',(1.224646799147E-16,1.,-2.105272540809E-29));
#2787 = ADVANCED_FACE('',(#2788),#2847,.F.);
#2788 = FACE_BOUND('',#2789,.F.);
#2789 = EDGE_LOOP('',(#2790,#2800,#2808,#2816,#2824,#2833,#2839,#2840,
    #2841));
#2790 = ORIENTED_EDGE('',*,*,#2791,.F.);
#2791 = EDGE_CURVE('',#2792,#2794,#2796,.T.);
#2792 = VERTEX_POINT('',#2793);
#2793 = CARTESIAN_POINT('',(-2.45,2.35,0.));
#2794 = VERTEX_POINT('',#2795);
#2795 = CARTESIAN_POINT('',(-2.45,-3.4,0.));
#2796 = LINE('',#2797,#2798);
#2797 = CARTESIAN_POINT('',(-2.45,2.35,0.));
#2798 = VECTOR('',#2799,1.);
#2799 = DIRECTION('',(-1.224646799147E-16,-1.,0.));
#2800 = ORIENTED_EDGE('',*,*,#2801,.T.);
#2801 = EDGE_CURVE('',#2792,#2802,#2804,.T.);
#2802 = VERTEX_POINT('',#2803);
#2803 = CARTESIAN_POINT('',(-2.45,2.35,7.));
#2804 = LINE('',#2805,#2806);
#2805 = CARTESIAN_POINT('',(-2.45,2.35,0.));
#2806 = VECTOR('',#2807,1.);
#2807 = DIRECTION('',(0.,0.,1.));
#2808 = ORIENTED_EDGE('',*,*,#2809,.T.);
#2809 = EDGE_CURVE('',#2802,#2810,#2812,.T.);
#2810 = VERTEX_POINT('',#2811);
#2811 = CARTESIAN_POINT('',(-2.45,1.5,7.));
#2812 = LINE('',#2813,#2814);
#2813 = CARTESIAN_POINT('',(-2.45,2.35,7.));
#2814 = VECTOR('',#2815,1.);
#2815 = DIRECTION('',(-1.224646799147E-16,-1.,0.));
#2816 = ORIENTED_EDGE('',*,*,#2817,.T.);
#2817 = EDGE_CURVE('',#2810,#2818,#2820,.T.);
#2818 = VERTEX_POINT('',#2819);
#2819 = CARTESIAN_POINT('',(-2.45,1.5,4.15));
#2820 = LINE('',#2821,#2822);
#2821 = CARTESIAN_POINT('',(-2.45,1.5,3.5));
#2822 = VECTOR('',#2823,1.);
#2823 = DIRECTION('',(-0.,0.,-1.));
#2824 = ORIENTED_EDGE('',*,*,#2825,.F.);
#2825 = EDGE_CURVE('',#2826,#2818,#2828,.T.);
#2826 = VERTEX_POINT('',#2827);
#2827 = CARTESIAN_POINT('',(-2.45,1.,3.65));
#2828 = CIRCLE('',#2829,0.5);
#2829 = AXIS2_PLACEMENT_3D('',#2830,#2831,#2832);
#2830 = CARTESIAN_POINT('',(-2.45,1.,4.15));
#2831 = DIRECTION('',(1.,-1.224646799147E-16,0.));
#2832 = DIRECTION('',(1.224646799147E-16,1.,0.));
#2833 = ORIENTED_EDGE('',*,*,#2834,.T.);
#2834 = EDGE_CURVE('',#2826,#2739,#2835,.T.);
#2835 = LINE('',#2836,#2837);
#2836 = CARTESIAN_POINT('',(-2.45,1.675,3.65));
#2837 = VECTOR('',#2838,1.);
#2838 = DIRECTION('',(-1.224646799147E-16,-1.,0.));
#2839 = ORIENTED_EDGE('',*,*,#2746,.T.);
#2840 = ORIENTED_EDGE('',*,*,#2666,.T.);
#2841 = ORIENTED_EDGE('',*,*,#2842,.F.);
#2842 = EDGE_CURVE('',#2794,#2667,#2843,.T.);
#2843 = LINE('',#2844,#2845);
#2844 = CARTESIAN_POINT('',(-2.45,-3.4,0.));
#2845 = VECTOR('',#2846,1.);
#2846 = DIRECTION('',(0.,0.,1.));
#2847 = PLANE('',#2848);
#2848 = AXIS2_PLACEMENT_3D('',#2849,#2850,#2851);
#2849 = CARTESIAN_POINT('',(-2.45,2.35,0.));
#2850 = DIRECTION('',(1.,-1.224646799147E-16,0.));
#2851 = DIRECTION('',(-1.224646799147E-16,-1.,0.));
#2852 = ADVANCED_FACE('',(#2853),#2871,.F.);
#2853 = FACE_BOUND('',#2854,.T.);
#2854 = EDGE_LOOP('',(#2855,#2856,#2857,#2865));
#2855 = ORIENTED_EDGE('',*,*,#2769,.F.);
#2856 = ORIENTED_EDGE('',*,*,#2706,.T.);
#2857 = ORIENTED_EDGE('',*,*,#2858,.T.);
#2858 = EDGE_CURVE('',#2699,#2859,#2861,.T.);
#2859 = VERTEX_POINT('',#2860);
#2860 = CARTESIAN_POINT('',(4.1,-2.65,6.8));
#2861 = LINE('',#2862,#2863);
#2862 = CARTESIAN_POINT('',(3.216666666667,-1.766666666667,
    5.916666666667));
#2863 = VECTOR('',#2864,1.);
#2864 = DIRECTION('',(-0.57735026919,0.57735026919,-0.57735026919));
#2865 = ORIENTED_EDGE('',*,*,#2866,.F.);
#2866 = EDGE_CURVE('',#2770,#2859,#2867,.T.);
#2867 = LINE('',#2868,#2869);
#2868 = CARTESIAN_POINT('',(-1.6,-2.65,6.8));
#2869 = VECTOR('',#2870,1.);
#2870 = DIRECTION('',(1.,-1.224646799147E-16,0.));
#2871 = PLANE('',#2872);
#2872 = AXIS2_PLACEMENT_3D('',#2873,#2874,#2875);
#2873 = CARTESIAN_POINT('',(-1.6,-2.75,6.9));
#2874 = DIRECTION('',(-8.659560562349E-17,-0.707106781187,
    -0.707106781187));
#2875 = DIRECTION('',(-1.,1.224646799147E-16,-2.105272540809E-29));
#2876 = ADVANCED_FACE('',(#2877),#2959,.F.);
#2877 = FACE_BOUND('',#2878,.F.);
#2878 = EDGE_LOOP('',(#2879,#2887,#2888,#2889,#2897,#2905,#2913,#2921,
    #2929,#2937,#2945,#2953));
#2879 = ORIENTED_EDGE('',*,*,#2880,.F.);
#2880 = EDGE_CURVE('',#2794,#2881,#2883,.T.);
#2881 = VERTEX_POINT('',#2882);
#2882 = CARTESIAN_POINT('',(-0.75,-3.4,0.));
#2883 = LINE('',#2884,#2885);
#2884 = CARTESIAN_POINT('',(-2.45,-3.4,0.));
#2885 = VECTOR('',#2886,1.);
#2886 = DIRECTION('',(1.,-1.224646799147E-16,0.));
#2887 = ORIENTED_EDGE('',*,*,#2842,.T.);
#2888 = ORIENTED_EDGE('',*,*,#2674,.T.);
#2889 = ORIENTED_EDGE('',*,*,#2890,.F.);
#2890 = EDGE_CURVE('',#2891,#2675,#2893,.T.);
#2891 = VERTEX_POINT('',#2892);
#2892 = CARTESIAN_POINT('',(4.95,-3.4,0.));
#2893 = LINE('',#2894,#2895);
#2894 = CARTESIAN_POINT('',(4.95,-3.4,0.));
#2895 = VECTOR('',#2896,1.);
#2896 = DIRECTION('',(0.,0.,1.));
#2897 = ORIENTED_EDGE('',*,*,#2898,.F.);
#2898 = EDGE_CURVE('',#2899,#2891,#2901,.T.);
#2899 = VERTEX_POINT('',#2900);
#2900 = CARTESIAN_POINT('',(3.25,-3.4,0.));
#2901 = LINE('',#2902,#2903);
#2902 = CARTESIAN_POINT('',(-2.45,-3.4,0.));
#2903 = VECTOR('',#2904,1.);
#2904 = DIRECTION('',(1.,-1.224646799147E-16,0.));
#2905 = ORIENTED_EDGE('',*,*,#2906,.F.);
#2906 = EDGE_CURVE('',#2907,#2899,#2909,.T.);
#2907 = VERTEX_POINT('',#2908);
#2908 = CARTESIAN_POINT('',(3.25,-3.4,1.));
#2909 = LINE('',#2910,#2911);
#2910 = CARTESIAN_POINT('',(3.25,-3.4,1.));
#2911 = VECTOR('',#2912,1.);
#2912 = DIRECTION('',(-0.,0.,-1.));
#2913 = ORIENTED_EDGE('',*,*,#2914,.T.);
#2914 = EDGE_CURVE('',#2907,#2915,#2917,.T.);
#2915 = VERTEX_POINT('',#2916);
#2916 = CARTESIAN_POINT('',(1.75,-3.4,1.));
#2917 = LINE('',#2918,#2919);
#2918 = CARTESIAN_POINT('',(3.25,-3.4,1.));
#2919 = VECTOR('',#2920,1.);
#2920 = DIRECTION('',(-1.,1.224646799147E-16,0.));
#2921 = ORIENTED_EDGE('',*,*,#2922,.T.);
#2922 = EDGE_CURVE('',#2915,#2923,#2925,.T.);
#2923 = VERTEX_POINT('',#2924);
#2924 = CARTESIAN_POINT('',(1.75,-3.4,0.));
#2925 = LINE('',#2926,#2927);
#2926 = CARTESIAN_POINT('',(1.75,-3.4,1.));
#2927 = VECTOR('',#2928,1.);
#2928 = DIRECTION('',(-0.,0.,-1.));
#2929 = ORIENTED_EDGE('',*,*,#2930,.F.);
#2930 = EDGE_CURVE('',#2931,#2923,#2933,.T.);
#2931 = VERTEX_POINT('',#2932);
#2932 = CARTESIAN_POINT('',(0.75,-3.4,0.));
#2933 = LINE('',#2934,#2935);
#2934 = CARTESIAN_POINT('',(-2.45,-3.4,0.));
#2935 = VECTOR('',#2936,1.);
#2936 = DIRECTION('',(1.,-1.224646799147E-16,0.));
#2937 = ORIENTED_EDGE('',*,*,#2938,.F.);
#2938 = EDGE_CURVE('',#2939,#2931,#2941,.T.);
#2939 = VERTEX_POINT('',#2940);
#2940 = CARTESIAN_POINT('',(0.75,-3.4,1.));
#2941 = LINE('',#2942,#2943);
#2942 = CARTESIAN_POINT('',(0.75,-3.4,1.));
#2943 = VECTOR('',#2944,1.);
#2944 = DIRECTION('',(-0.,0.,-1.));
#2945 = ORIENTED_EDGE('',*,*,#2946,.T.);
#2946 = EDGE_CURVE('',#2939,#2947,#2949,.T.);
#2947 = VERTEX_POINT('',#2948);
#2948 = CARTESIAN_POINT('',(-0.75,-3.4,1.));
#2949 = LINE('',#2950,#2951);
#2950 = CARTESIAN_POINT('',(0.75,-3.4,1.));
#2951 = VECTOR('',#2952,1.);
#2952 = DIRECTION('',(-1.,1.224646799147E-16,0.));
#2953 = ORIENTED_EDGE('',*,*,#2954,.T.);
#2954 = EDGE_CURVE('',#2947,#2881,#2955,.T.);
#2955 = LINE('',#2956,#2957);
#2956 = CARTESIAN_POINT('',(-0.75,-3.4,1.));
#2957 = VECTOR('',#2958,1.);
#2958 = DIRECTION('',(-0.,0.,-1.));
#2959 = PLANE('',#2960);
#2960 = AXIS2_PLACEMENT_3D('',#2961,#2962,#2963);
#2961 = CARTESIAN_POINT('',(-2.45,-3.4,0.));
#2962 = DIRECTION('',(1.224646799147E-16,1.,0.));
#2963 = DIRECTION('',(1.,-1.224646799147E-16,0.));
#2964 = ADVANCED_FACE('',(#2965),#2983,.F.);
#2965 = FACE_BOUND('',#2966,.T.);
#2966 = EDGE_LOOP('',(#2967,#2968,#2969,#2977));
#2967 = ORIENTED_EDGE('',*,*,#2858,.F.);
#2968 = ORIENTED_EDGE('',*,*,#2698,.T.);
#2969 = ORIENTED_EDGE('',*,*,#2970,.T.);
#2970 = EDGE_CURVE('',#2691,#2971,#2973,.T.);
#2971 = VERTEX_POINT('',#2972);
#2972 = CARTESIAN_POINT('',(4.1,0.5,6.8));
#2973 = LINE('',#2974,#2975);
#2974 = CARTESIAN_POINT('',(3.575,0.5,6.275));
#2975 = VECTOR('',#2976,1.);
#2976 = DIRECTION('',(-0.707106781187,8.659560562349E-17,-0.707106781187
    ));
#2977 = ORIENTED_EDGE('',*,*,#2978,.F.);
#2978 = EDGE_CURVE('',#2859,#2971,#2979,.T.);
#2979 = LINE('',#2980,#2981);
#2980 = CARTESIAN_POINT('',(4.1,-2.65,6.8));
#2981 = VECTOR('',#2982,1.);
#2982 = DIRECTION('',(1.224646799147E-16,1.,0.));
#2983 = PLANE('',#2984);
#2984 = AXIS2_PLACEMENT_3D('',#2985,#2986,#2987);
#2985 = CARTESIAN_POINT('',(4.2,-2.65,6.9));
#2986 = DIRECTION('',(0.707106781187,-8.659560562349E-17,-0.707106781187
    ));
#2987 = DIRECTION('',(-1.224646799147E-16,-1.,-2.105272540809E-29));
#2988 = ADVANCED_FACE('',(#2989),#3048,.F.);
#2989 = FACE_BOUND('',#2990,.F.);
#2990 = EDGE_LOOP('',(#2991,#2999,#3000,#3001,#3009,#3017,#3026,#3034,
    #3042));
#2991 = ORIENTED_EDGE('',*,*,#2992,.F.);
#2992 = EDGE_CURVE('',#2891,#2993,#2995,.T.);
#2993 = VERTEX_POINT('',#2994);
#2994 = CARTESIAN_POINT('',(4.95,2.35,0.));
#2995 = LINE('',#2996,#2997);
#2996 = CARTESIAN_POINT('',(4.95,-3.4,0.));
#2997 = VECTOR('',#2998,1.);
#2998 = DIRECTION('',(1.224646799147E-16,1.,0.));
#2999 = ORIENTED_EDGE('',*,*,#2890,.T.);
#3000 = ORIENTED_EDGE('',*,*,#2682,.T.);
#3001 = ORIENTED_EDGE('',*,*,#3002,.F.);
#3002 = EDGE_CURVE('',#3003,#2683,#3005,.T.);
#3003 = VERTEX_POINT('',#3004);
#3004 = CARTESIAN_POINT('',(4.95,0.5,3.65));
#3005 = LINE('',#3006,#3007);
#3006 = CARTESIAN_POINT('',(4.95,0.5,3.65));
#3007 = VECTOR('',#3008,1.);
#3008 = DIRECTION('',(0.,0.,1.));
#3009 = ORIENTED_EDGE('',*,*,#3010,.F.);
#3010 = EDGE_CURVE('',#3011,#3003,#3013,.T.);
#3011 = VERTEX_POINT('',#3012);
#3012 = CARTESIAN_POINT('',(4.95,1.,3.65));
#3013 = LINE('',#3014,#3015);
#3014 = CARTESIAN_POINT('',(4.95,1.,3.65));
#3015 = VECTOR('',#3016,1.);
#3016 = DIRECTION('',(-1.224646799147E-16,-1.,0.));
#3017 = ORIENTED_EDGE('',*,*,#3018,.F.);
#3018 = EDGE_CURVE('',#3019,#3011,#3021,.T.);
#3019 = VERTEX_POINT('',#3020);
#3020 = CARTESIAN_POINT('',(4.95,1.5,4.15));
#3021 = CIRCLE('',#3022,0.5);
#3022 = AXIS2_PLACEMENT_3D('',#3023,#3024,#3025);
#3023 = CARTESIAN_POINT('',(4.95,1.,4.15));
#3024 = DIRECTION('',(-1.,1.224646799147E-16,0.));
#3025 = DIRECTION('',(1.224646799147E-16,1.,0.));
#3026 = ORIENTED_EDGE('',*,*,#3027,.F.);
#3027 = EDGE_CURVE('',#3028,#3019,#3030,.T.);
#3028 = VERTEX_POINT('',#3029);
#3029 = CARTESIAN_POINT('',(4.95,1.5,7.));
#3030 = LINE('',#3031,#3032);
#3031 = CARTESIAN_POINT('',(4.95,1.5,7.));
#3032 = VECTOR('',#3033,1.);
#3033 = DIRECTION('',(-0.,0.,-1.));
#3034 = ORIENTED_EDGE('',*,*,#3035,.T.);
#3035 = EDGE_CURVE('',#3028,#3036,#3038,.T.);
#3036 = VERTEX_POINT('',#3037);
#3037 = CARTESIAN_POINT('',(4.95,2.35,7.));
#3038 = LINE('',#3039,#3040);
#3039 = CARTESIAN_POINT('',(4.95,-3.4,7.));
#3040 = VECTOR('',#3041,1.);
#3041 = DIRECTION('',(1.224646799147E-16,1.,0.));
#3042 = ORIENTED_EDGE('',*,*,#3043,.F.);
#3043 = EDGE_CURVE('',#2993,#3036,#3044,.T.);
#3044 = LINE('',#3045,#3046);
#3045 = CARTESIAN_POINT('',(4.95,2.35,0.));
#3046 = VECTOR('',#3047,1.);
#3047 = DIRECTION('',(0.,0.,1.));
#3048 = PLANE('',#3049);
#3049 = AXIS2_PLACEMENT_3D('',#3050,#3051,#3052);
#3050 = CARTESIAN_POINT('',(4.95,-3.4,0.));
#3051 = DIRECTION('',(-1.,1.224646799147E-16,0.));
#3052 = DIRECTION('',(1.224646799147E-16,1.,0.));
#3053 = ADVANCED_FACE('',(#3054),#3073,.T.);
#3054 = FACE_BOUND('',#3055,.T.);
#3055 = EDGE_LOOP('',(#3056,#3057,#3058,#3066,#3072));
#3056 = ORIENTED_EDGE('',*,*,#2690,.F.);
#3057 = ORIENTED_EDGE('',*,*,#3002,.F.);
#3058 = ORIENTED_EDGE('',*,*,#3059,.T.);
#3059 = EDGE_CURVE('',#3003,#3060,#3062,.T.);
#3060 = VERTEX_POINT('',#3061);
#3061 = CARTESIAN_POINT('',(4.1,0.5,3.65));
#3062 = LINE('',#3063,#3064);
#3063 = CARTESIAN_POINT('',(4.95,0.5,3.65));
#3064 = VECTOR('',#3065,1.);
#3065 = DIRECTION('',(-1.,1.224646799147E-16,0.));
#3066 = ORIENTED_EDGE('',*,*,#3067,.T.);
#3067 = EDGE_CURVE('',#3060,#2971,#3068,.T.);
#3068 = LINE('',#3069,#3070);
#3069 = CARTESIAN_POINT('',(4.1,0.5,5.325));
#3070 = VECTOR('',#3071,1.);
#3071 = DIRECTION('',(0.,0.,1.));
#3072 = ORIENTED_EDGE('',*,*,#2970,.F.);
#3073 = PLANE('',#3074);
#3074 = AXIS2_PLACEMENT_3D('',#3075,#3076,#3077);
#3075 = CARTESIAN_POINT('',(4.95,0.5,3.65));
#3076 = DIRECTION('',(1.224646799147E-16,1.,0.));
#3077 = DIRECTION('',(0.,-0.,1.));
#3078 = ADVANCED_FACE('',(#3079),#3122,.F.);
#3079 = FACE_BOUND('',#3080,.F.);
#3080 = EDGE_LOOP('',(#3081,#3082,#3090,#3099,#3107,#3115,#3121));
#3081 = ORIENTED_EDGE('',*,*,#2728,.T.);
#3082 = ORIENTED_EDGE('',*,*,#3083,.T.);
#3083 = EDGE_CURVE('',#2731,#3084,#3086,.T.);
#3084 = VERTEX_POINT('',#3085);
#3085 = CARTESIAN_POINT('',(-1.6,1.,3.65));
#3086 = LINE('',#3087,#3088);
#3087 = CARTESIAN_POINT('',(-1.6,1.25,3.65));
#3088 = VECTOR('',#3089,1.);
#3089 = DIRECTION('',(1.224646799147E-16,1.,0.));
#3090 = ORIENTED_EDGE('',*,*,#3091,.T.);
#3091 = EDGE_CURVE('',#3084,#3092,#3094,.T.);
#3092 = VERTEX_POINT('',#3093);
#3093 = CARTESIAN_POINT('',(-1.6,1.5,4.15));
#3094 = CIRCLE('',#3095,0.5);
#3095 = AXIS2_PLACEMENT_3D('',#3096,#3097,#3098);
#3096 = CARTESIAN_POINT('',(-1.6,1.,4.15));
#3097 = DIRECTION('',(1.,-1.224646799147E-16,0.));
#3098 = DIRECTION('',(1.224646799147E-16,1.,0.));
#3099 = ORIENTED_EDGE('',*,*,#3100,.T.);
#3100 = EDGE_CURVE('',#3092,#3101,#3103,.T.);
#3101 = VERTEX_POINT('',#3102);
#3102 = CARTESIAN_POINT('',(-1.6,1.5,1.85));
#3103 = LINE('',#3104,#3105);
#3104 = CARTESIAN_POINT('',(-1.6,1.5,7.));
#3105 = VECTOR('',#3106,1.);
#3106 = DIRECTION('',(0.,0.,-1.));
#3107 = ORIENTED_EDGE('',*,*,#3108,.T.);
#3108 = EDGE_CURVE('',#3101,#3109,#3111,.T.);
#3109 = VERTEX_POINT('',#3110);
#3110 = CARTESIAN_POINT('',(-1.6,-2.65,1.85));
#3111 = LINE('',#3112,#3113);
#3112 = CARTESIAN_POINT('',(-1.6,1.5,1.85));
#3113 = VECTOR('',#3114,1.);
#3114 = DIRECTION('',(-1.224646799147E-16,-1.,0.));
#3115 = ORIENTED_EDGE('',*,*,#3116,.F.);
#3116 = EDGE_CURVE('',#2770,#3109,#3117,.T.);
#3117 = LINE('',#3118,#3119);
#3118 = CARTESIAN_POINT('',(-1.6,-2.65,7.));
#3119 = VECTOR('',#3120,1.);
#3120 = DIRECTION('',(0.,0.,-1.));
#3121 = ORIENTED_EDGE('',*,*,#2777,.F.);
#3122 = PLANE('',#3123);
#3123 = AXIS2_PLACEMENT_3D('',#3124,#3125,#3126);
#3124 = CARTESIAN_POINT('',(-1.6,1.5,7.));
#3125 = DIRECTION('',(-1.,1.224646799147E-16,0.));
#3126 = DIRECTION('',(-1.224646799147E-16,-1.,0.));
#3127 = ADVANCED_FACE('',(#3128),#3139,.T.);
#3128 = FACE_BOUND('',#3129,.T.);
#3129 = EDGE_LOOP('',(#3130,#3131,#3137,#3138));
#3130 = ORIENTED_EDGE('',*,*,#3083,.T.);
#3131 = ORIENTED_EDGE('',*,*,#3132,.T.);
#3132 = EDGE_CURVE('',#3084,#2826,#3133,.T.);
#3133 = LINE('',#3134,#3135);
#3134 = CARTESIAN_POINT('',(4.95,1.,3.65));
#3135 = VECTOR('',#3136,1.);
#3136 = DIRECTION('',(-1.,1.224646799147E-16,0.));
#3137 = ORIENTED_EDGE('',*,*,#2834,.T.);
#3138 = ORIENTED_EDGE('',*,*,#2738,.F.);
#3139 = PLANE('',#3140);
#3140 = AXIS2_PLACEMENT_3D('',#3141,#3142,#3143);
#3141 = CARTESIAN_POINT('',(4.95,1.,3.65));
#3142 = DIRECTION('',(0.,0.,1.));
#3143 = DIRECTION('',(-1.224646799147E-16,-1.,0.));
#3144 = ADVANCED_FACE('',(#3145),#3163,.F.);
#3145 = FACE_BOUND('',#3146,.F.);
#3146 = EDGE_LOOP('',(#3147,#3148,#3156,#3162));
#3147 = ORIENTED_EDGE('',*,*,#2880,.T.);
#3148 = ORIENTED_EDGE('',*,*,#3149,.T.);
#3149 = EDGE_CURVE('',#2881,#3150,#3152,.T.);
#3150 = VERTEX_POINT('',#3151);
#3151 = CARTESIAN_POINT('',(-0.75,2.35,0.));
#3152 = LINE('',#3153,#3154);
#3153 = CARTESIAN_POINT('',(-0.75,-3.4,0.));
#3154 = VECTOR('',#3155,1.);
#3155 = DIRECTION('',(1.224646799147E-16,1.,0.));
#3156 = ORIENTED_EDGE('',*,*,#3157,.T.);
#3157 = EDGE_CURVE('',#3150,#2792,#3158,.T.);
#3158 = LINE('',#3159,#3160);
#3159 = CARTESIAN_POINT('',(4.95,2.35,0.));
#3160 = VECTOR('',#3161,1.);
#3161 = DIRECTION('',(-1.,1.224646799147E-16,0.));
#3162 = ORIENTED_EDGE('',*,*,#2791,.T.);
#3163 = PLANE('',#3164);
#3164 = AXIS2_PLACEMENT_3D('',#3165,#3166,#3167);
#3165 = CARTESIAN_POINT('',(1.25,-0.525,0.));
#3166 = DIRECTION('',(0.,0.,1.));
#3167 = DIRECTION('',(-1.,1.224646799147E-16,0.));
#3168 = ADVANCED_FACE('',(#3169),#3180,.F.);
#3169 = FACE_BOUND('',#3170,.F.);
#3170 = EDGE_LOOP('',(#3171,#3172,#3173,#3179));
#3171 = ORIENTED_EDGE('',*,*,#3132,.T.);
#3172 = ORIENTED_EDGE('',*,*,#2825,.T.);
#3173 = ORIENTED_EDGE('',*,*,#3174,.F.);
#3174 = EDGE_CURVE('',#3092,#2818,#3175,.T.);
#3175 = LINE('',#3176,#3177);
#3176 = CARTESIAN_POINT('',(4.95,1.5,4.15));
#3177 = VECTOR('',#3178,1.);
#3178 = DIRECTION('',(-1.,1.224646799147E-16,0.));
#3179 = ORIENTED_EDGE('',*,*,#3091,.F.);
#3180 = CYLINDRICAL_SURFACE('',#3181,0.5);
#3181 = AXIS2_PLACEMENT_3D('',#3182,#3183,#3184);
#3182 = CARTESIAN_POINT('',(4.95,1.,4.15));
#3183 = DIRECTION('',(1.,-1.224646799147E-16,-0.));
#3184 = DIRECTION('',(1.224646799147E-16,1.,0.));
#3185 = ADVANCED_FACE('',(#3186),#3318,.T.);
#3186 = FACE_BOUND('',#3187,.T.);
#3187 = EDGE_LOOP('',(#3188,#3189,#3197,#3205,#3213,#3221,#3229,#3238,
    #3246,#3255,#3263,#3271,#3279,#3287,#3293,#3294,#3295,#3296,#3304,
    #3312));
#3188 = ORIENTED_EDGE('',*,*,#3027,.F.);
#3189 = ORIENTED_EDGE('',*,*,#3190,.T.);
#3190 = EDGE_CURVE('',#3028,#3191,#3193,.T.);
#3191 = VERTEX_POINT('',#3192);
#3192 = CARTESIAN_POINT('',(3.,1.5,7.));
#3193 = LINE('',#3194,#3195);
#3194 = CARTESIAN_POINT('',(4.95,1.5,7.));
#3195 = VECTOR('',#3196,1.);
#3196 = DIRECTION('',(-1.,1.224646799147E-16,0.));
#3197 = ORIENTED_EDGE('',*,*,#3198,.T.);
#3198 = EDGE_CURVE('',#3191,#3199,#3201,.T.);
#3199 = VERTEX_POINT('',#3200);
#3200 = CARTESIAN_POINT('',(3.,1.5,6.1));
#3201 = LINE('',#3202,#3203);
#3202 = CARTESIAN_POINT('',(3.,1.5,5.340388446215));
#3203 = VECTOR('',#3204,1.);
#3204 = DIRECTION('',(-2.467162276945E-16,8.387236609414E-17,-1.));
#3205 = ORIENTED_EDGE('',*,*,#3206,.T.);
#3206 = EDGE_CURVE('',#3199,#3207,#3209,.T.);
#3207 = VERTEX_POINT('',#3208);
#3208 = CARTESIAN_POINT('',(2.75,1.5,5.85));
#3209 = LINE('',#3210,#3211);
#3210 = CARTESIAN_POINT('',(2.057694223108,1.5,5.157694223108));
#3211 = VECTOR('',#3212,1.);
#3212 = DIRECTION('',(-0.707106781187,1.459023244428E-16,-0.707106781187
    ));
#3213 = ORIENTED_EDGE('',*,*,#3214,.T.);
#3214 = EDGE_CURVE('',#3207,#3215,#3217,.T.);
#3215 = VERTEX_POINT('',#3216);
#3216 = CARTESIAN_POINT('',(3.,1.5,5.6));
#3217 = LINE('',#3218,#3219);
#3218 = CARTESIAN_POINT('',(2.817305776892,1.5,5.782694223108));
#3219 = VECTOR('',#3220,1.);
#3220 = DIRECTION('',(0.707106781187,-2.72888868042E-17,-0.707106781187)
  );
#3221 = ORIENTED_EDGE('',*,*,#3222,.T.);
#3222 = EDGE_CURVE('',#3215,#3223,#3225,.T.);
#3223 = VERTEX_POINT('',#3224);
#3224 = CARTESIAN_POINT('',(3.,1.5,3.85));
#3225 = LINE('',#3226,#3227);
#3226 = CARTESIAN_POINT('',(3.,1.5,3.840388446215));
#3227 = VECTOR('',#3228,1.);
#3228 = DIRECTION('',(1.027140246741E-32,8.387236609414E-17,-1.));
#3229 = ORIENTED_EDGE('',*,*,#3230,.F.);
#3230 = EDGE_CURVE('',#3231,#3223,#3233,.T.);
#3231 = VERTEX_POINT('',#3232);
#3232 = CARTESIAN_POINT('',(2.25,1.5,3.1));
#3233 = CIRCLE('',#3234,0.75);
#3234 = AXIS2_PLACEMENT_3D('',#3235,#3236,#3237);
#3235 = CARTESIAN_POINT('',(2.25,1.5,3.85));
#3236 = DIRECTION('',(-1.224646799147E-16,-1.,0.));
#3237 = DIRECTION('',(-0.,0.,-1.));
#3238 = ORIENTED_EDGE('',*,*,#3239,.F.);
#3239 = EDGE_CURVE('',#3240,#3231,#3242,.T.);
#3240 = VERTEX_POINT('',#3241);
#3241 = CARTESIAN_POINT('',(0.25,1.5,3.1));
#3242 = LINE('',#3243,#3244);
#3243 = CARTESIAN_POINT('',(1.25,1.5,3.1));
#3244 = VECTOR('',#3245,1.);
#3245 = DIRECTION('',(1.,-1.224646799147E-16,6.189508478766E-63));
#3246 = ORIENTED_EDGE('',*,*,#3247,.F.);
#3247 = EDGE_CURVE('',#3248,#3240,#3250,.T.);
#3248 = VERTEX_POINT('',#3249);
#3249 = CARTESIAN_POINT('',(-0.5,1.5,3.85));
#3250 = CIRCLE('',#3251,0.75);
#3251 = AXIS2_PLACEMENT_3D('',#3252,#3253,#3254);
#3252 = CARTESIAN_POINT('',(0.25,1.5,3.85));
#3253 = DIRECTION('',(-1.224646799147E-16,-1.,0.));
#3254 = DIRECTION('',(-0.,0.,-1.));
#3255 = ORIENTED_EDGE('',*,*,#3256,.F.);
#3256 = EDGE_CURVE('',#3257,#3248,#3259,.T.);
#3257 = VERTEX_POINT('',#3258);
#3258 = CARTESIAN_POINT('',(-0.5,1.5,5.6));
#3259 = LINE('',#3260,#3261);
#3260 = CARTESIAN_POINT('',(-0.5,1.5,3.840388446215));
#3261 = VECTOR('',#3262,1.);
#3262 = DIRECTION('',(1.027140246741E-32,8.387236609414E-17,-1.));
#3263 = ORIENTED_EDGE('',*,*,#3264,.F.);
#3264 = EDGE_CURVE('',#3265,#3257,#3267,.T.);
#3265 = VERTEX_POINT('',#3266);
#3266 = CARTESIAN_POINT('',(-0.25,1.5,5.85));
#3267 = LINE('',#3268,#3269);
#3268 = CARTESIAN_POINT('',(-0.317305776892,1.5,5.782694223108));
#3269 = VECTOR('',#3270,1.);
#3270 = DIRECTION('',(-0.707106781187,1.459023244428E-16,-0.707106781187
    ));
#3271 = ORIENTED_EDGE('',*,*,#3272,.F.);
#3272 = EDGE_CURVE('',#3273,#3265,#3275,.T.);
#3273 = VERTEX_POINT('',#3274);
#3274 = CARTESIAN_POINT('',(-0.5,1.5,6.1));
#3275 = LINE('',#3276,#3277);
#3276 = CARTESIAN_POINT('',(0.442305776892,1.5,5.157694223108));
#3277 = VECTOR('',#3278,1.);
#3278 = DIRECTION('',(0.707106781187,-2.72888868042E-17,-0.707106781187)
  );
#3279 = ORIENTED_EDGE('',*,*,#3280,.F.);
#3280 = EDGE_CURVE('',#3281,#3273,#3283,.T.);
#3281 = VERTEX_POINT('',#3282);
#3282 = CARTESIAN_POINT('',(-0.5,1.5,7.));
#3283 = LINE('',#3284,#3285);
#3284 = CARTESIAN_POINT('',(-0.5,1.5,5.340388446215));
#3285 = VECTOR('',#3286,1.);
#3286 = DIRECTION('',(1.027140246741E-32,8.387236609414E-17,-1.));
#3287 = ORIENTED_EDGE('',*,*,#3288,.T.);
#3288 = EDGE_CURVE('',#3281,#2810,#3289,.T.);
#3289 = LINE('',#3290,#3291);
#3290 = CARTESIAN_POINT('',(4.95,1.5,7.));
#3291 = VECTOR('',#3292,1.);
#3292 = DIRECTION('',(-1.,1.224646799147E-16,0.));
#3293 = ORIENTED_EDGE('',*,*,#2817,.T.);
#3294 = ORIENTED_EDGE('',*,*,#3174,.F.);
#3295 = ORIENTED_EDGE('',*,*,#3100,.T.);
#3296 = ORIENTED_EDGE('',*,*,#3297,.F.);
#3297 = EDGE_CURVE('',#3298,#3101,#3300,.T.);
#3298 = VERTEX_POINT('',#3299);
#3299 = CARTESIAN_POINT('',(4.1,1.5,1.85));
#3300 = LINE('',#3301,#3302);
#3301 = CARTESIAN_POINT('',(4.1,1.5,1.85));
#3302 = VECTOR('',#3303,1.);
#3303 = DIRECTION('',(-1.,1.224646799147E-16,0.));
#3304 = ORIENTED_EDGE('',*,*,#3305,.F.);
#3305 = EDGE_CURVE('',#3306,#3298,#3308,.T.);
#3306 = VERTEX_POINT('',#3307);
#3307 = CARTESIAN_POINT('',(4.1,1.5,4.15));
#3308 = LINE('',#3309,#3310);
#3309 = CARTESIAN_POINT('',(4.1,1.5,7.));
#3310 = VECTOR('',#3311,1.);
#3311 = DIRECTION('',(0.,0.,-1.));
#3312 = ORIENTED_EDGE('',*,*,#3313,.F.);
#3313 = EDGE_CURVE('',#3019,#3306,#3314,.T.);
#3314 = LINE('',#3315,#3316);
#3315 = CARTESIAN_POINT('',(4.95,1.5,4.15));
#3316 = VECTOR('',#3317,1.);
#3317 = DIRECTION('',(-1.,1.224646799147E-16,0.));
#3318 = PLANE('',#3319);
#3319 = AXIS2_PLACEMENT_3D('',#3320,#3321,#3322);
#3320 = CARTESIAN_POINT('',(1.25,1.5,4.58077689243));
#3321 = DIRECTION('',(-1.224646799147E-16,-1.,-8.387236609414E-17));
#3322 = DIRECTION('',(-1.027140246741E-32,-8.387236609414E-17,1.));
#3323 = ADVANCED_FACE('',(#3324),#3342,.T.);
#3324 = FACE_BOUND('',#3325,.T.);
#3325 = EDGE_LOOP('',(#3326,#3327,#3335,#3341));
#3326 = ORIENTED_EDGE('',*,*,#3288,.F.);
#3327 = ORIENTED_EDGE('',*,*,#3328,.F.);
#3328 = EDGE_CURVE('',#3329,#3281,#3331,.T.);
#3329 = VERTEX_POINT('',#3330);
#3330 = CARTESIAN_POINT('',(-0.5,2.35,7.));
#3331 = LINE('',#3332,#3333);
#3332 = CARTESIAN_POINT('',(-0.5,2.35,7.));
#3333 = VECTOR('',#3334,1.);
#3334 = DIRECTION('',(-1.224646799147E-16,-1.,0.));
#3335 = ORIENTED_EDGE('',*,*,#3336,.T.);
#3336 = EDGE_CURVE('',#3329,#2802,#3337,.T.);
#3337 = LINE('',#3338,#3339);
#3338 = CARTESIAN_POINT('',(4.95,2.35,7.));
#3339 = VECTOR('',#3340,1.);
#3340 = DIRECTION('',(-1.,1.224646799147E-16,0.));
#3341 = ORIENTED_EDGE('',*,*,#2809,.T.);
#3342 = PLANE('',#3343);
#3343 = AXIS2_PLACEMENT_3D('',#3344,#3345,#3346);
#3344 = CARTESIAN_POINT('',(1.25,-0.525,7.));
#3345 = DIRECTION('',(0.,0.,1.));
#3346 = DIRECTION('',(-1.,1.224646799147E-16,0.));
#3347 = ADVANCED_FACE('',(#3348),#3512,.F.);
#3348 = FACE_BOUND('',#3349,.F.);
#3349 = EDGE_LOOP('',(#3350,#3358,#3359,#3367,#3375,#3383,#3391,#3399,
    #3408,#3416,#3425,#3433,#3441,#3449,#3455,#3456,#3457,#3458,#3466,
    #3474,#3482,#3490,#3498,#3506));
#3350 = ORIENTED_EDGE('',*,*,#3351,.F.);
#3351 = EDGE_CURVE('',#2993,#3352,#3354,.T.);
#3352 = VERTEX_POINT('',#3353);
#3353 = CARTESIAN_POINT('',(3.25,2.35,0.));
#3354 = LINE('',#3355,#3356);
#3355 = CARTESIAN_POINT('',(4.95,2.35,0.));
#3356 = VECTOR('',#3357,1.);
#3357 = DIRECTION('',(-1.,1.224646799147E-16,0.));
#3358 = ORIENTED_EDGE('',*,*,#3043,.T.);
#3359 = ORIENTED_EDGE('',*,*,#3360,.T.);
#3360 = EDGE_CURVE('',#3036,#3361,#3363,.T.);
#3361 = VERTEX_POINT('',#3362);
#3362 = CARTESIAN_POINT('',(3.,2.35,7.));
#3363 = LINE('',#3364,#3365);
#3364 = CARTESIAN_POINT('',(4.95,2.35,7.));
#3365 = VECTOR('',#3366,1.);
#3366 = DIRECTION('',(-1.,1.224646799147E-16,0.));
#3367 = ORIENTED_EDGE('',*,*,#3368,.F.);
#3368 = EDGE_CURVE('',#3369,#3361,#3371,.T.);
#3369 = VERTEX_POINT('',#3370);
#3370 = CARTESIAN_POINT('',(3.,2.35,6.1));
#3371 = LINE('',#3372,#3373);
#3372 = CARTESIAN_POINT('',(3.,2.35,6.1));
#3373 = VECTOR('',#3374,1.);
#3374 = DIRECTION('',(2.467162276945E-16,-3.021402385438E-32,1.));
#3375 = ORIENTED_EDGE('',*,*,#3376,.F.);
#3376 = EDGE_CURVE('',#3377,#3369,#3379,.T.);
#3377 = VERTEX_POINT('',#3378);
#3378 = CARTESIAN_POINT('',(2.75,2.35,5.85));
#3379 = LINE('',#3380,#3381);
#3380 = CARTESIAN_POINT('',(2.75,2.35,5.85));
#3381 = VECTOR('',#3382,1.);
#3382 = DIRECTION('',(0.707106781187,-8.659560562349E-17,0.707106781187)
  );
#3383 = ORIENTED_EDGE('',*,*,#3384,.F.);
#3384 = EDGE_CURVE('',#3385,#3377,#3387,.T.);
#3385 = VERTEX_POINT('',#3386);
#3386 = CARTESIAN_POINT('',(3.,2.35,5.6));
#3387 = LINE('',#3388,#3389);
#3388 = CARTESIAN_POINT('',(3.,2.35,5.6));
#3389 = VECTOR('',#3390,1.);
#3390 = DIRECTION('',(-0.707106781187,8.659560562349E-17,0.707106781187)
  );
#3391 = ORIENTED_EDGE('',*,*,#3392,.F.);
#3392 = EDGE_CURVE('',#3393,#3385,#3395,.T.);
#3393 = VERTEX_POINT('',#3394);
#3394 = CARTESIAN_POINT('',(3.,2.35,3.85));
#3395 = LINE('',#3396,#3397);
#3396 = CARTESIAN_POINT('',(3.,2.35,3.1));
#3397 = VECTOR('',#3398,1.);
#3398 = DIRECTION('',(0.,0.,1.));
#3399 = ORIENTED_EDGE('',*,*,#3400,.F.);
#3400 = EDGE_CURVE('',#3401,#3393,#3403,.T.);
#3401 = VERTEX_POINT('',#3402);
#3402 = CARTESIAN_POINT('',(2.25,2.35,3.1));
#3403 = CIRCLE('',#3404,0.75);
#3404 = AXIS2_PLACEMENT_3D('',#3405,#3406,#3407);
#3405 = CARTESIAN_POINT('',(2.25,2.35,3.85));
#3406 = DIRECTION('',(-1.224646799147E-16,-1.,0.));
#3407 = DIRECTION('',(0.,0.,1.));
#3408 = ORIENTED_EDGE('',*,*,#3409,.F.);
#3409 = EDGE_CURVE('',#3410,#3401,#3412,.T.);
#3410 = VERTEX_POINT('',#3411);
#3411 = CARTESIAN_POINT('',(0.25,2.35,3.1));
#3412 = LINE('',#3413,#3414);
#3413 = CARTESIAN_POINT('',(1.25,2.35,3.1));
#3414 = VECTOR('',#3415,1.);
#3415 = DIRECTION('',(1.,-1.224646799147E-16,0.));
#3416 = ORIENTED_EDGE('',*,*,#3417,.T.);
#3417 = EDGE_CURVE('',#3410,#3418,#3420,.T.);
#3418 = VERTEX_POINT('',#3419);
#3419 = CARTESIAN_POINT('',(-0.5,2.35,3.85));
#3420 = CIRCLE('',#3421,0.75);
#3421 = AXIS2_PLACEMENT_3D('',#3422,#3423,#3424);
#3422 = CARTESIAN_POINT('',(0.25,2.35,3.85));
#3423 = DIRECTION('',(1.224646799147E-16,1.,-0.));
#3424 = DIRECTION('',(0.,0.,1.));
#3425 = ORIENTED_EDGE('',*,*,#3426,.T.);
#3426 = EDGE_CURVE('',#3418,#3427,#3429,.T.);
#3427 = VERTEX_POINT('',#3428);
#3428 = CARTESIAN_POINT('',(-0.5,2.35,5.6));
#3429 = LINE('',#3430,#3431);
#3430 = CARTESIAN_POINT('',(-0.5,2.35,3.1));
#3431 = VECTOR('',#3432,1.);
#3432 = DIRECTION('',(0.,0.,1.));
#3433 = ORIENTED_EDGE('',*,*,#3434,.T.);
#3434 = EDGE_CURVE('',#3427,#3435,#3437,.T.);
#3435 = VERTEX_POINT('',#3436);
#3436 = CARTESIAN_POINT('',(-0.25,2.35,5.85));
#3437 = LINE('',#3438,#3439);
#3438 = CARTESIAN_POINT('',(-0.5,2.35,5.6));
#3439 = VECTOR('',#3440,1.);
#3440 = DIRECTION('',(0.707106781187,-8.659560562349E-17,0.707106781187)
  );
#3441 = ORIENTED_EDGE('',*,*,#3442,.T.);
#3442 = EDGE_CURVE('',#3435,#3443,#3445,.T.);
#3443 = VERTEX_POINT('',#3444);
#3444 = CARTESIAN_POINT('',(-0.5,2.35,6.1));
#3445 = LINE('',#3446,#3447);
#3446 = CARTESIAN_POINT('',(-0.25,2.35,5.85));
#3447 = VECTOR('',#3448,1.);
#3448 = DIRECTION('',(-0.707106781187,8.659560562349E-17,0.707106781187)
  );
#3449 = ORIENTED_EDGE('',*,*,#3450,.T.);
#3450 = EDGE_CURVE('',#3443,#3329,#3451,.T.);
#3451 = LINE('',#3452,#3453);
#3452 = CARTESIAN_POINT('',(-0.5,2.35,6.1));
#3453 = VECTOR('',#3454,1.);
#3454 = DIRECTION('',(0.,0.,1.));
#3455 = ORIENTED_EDGE('',*,*,#3336,.T.);
#3456 = ORIENTED_EDGE('',*,*,#2801,.F.);
#3457 = ORIENTED_EDGE('',*,*,#3157,.F.);
#3458 = ORIENTED_EDGE('',*,*,#3459,.T.);
#3459 = EDGE_CURVE('',#3150,#3460,#3462,.T.);
#3460 = VERTEX_POINT('',#3461);
#3461 = CARTESIAN_POINT('',(-0.75,2.35,1.));
#3462 = LINE('',#3463,#3464);
#3463 = CARTESIAN_POINT('',(-0.75,2.35,0.));
#3464 = VECTOR('',#3465,1.);
#3465 = DIRECTION('',(0.,0.,1.));
#3466 = ORIENTED_EDGE('',*,*,#3467,.F.);
#3467 = EDGE_CURVE('',#3468,#3460,#3470,.T.);
#3468 = VERTEX_POINT('',#3469);
#3469 = CARTESIAN_POINT('',(0.75,2.35,1.));
#3470 = LINE('',#3471,#3472);
#3471 = CARTESIAN_POINT('',(0.75,2.35,1.));
#3472 = VECTOR('',#3473,1.);
#3473 = DIRECTION('',(-1.,1.224646799147E-16,0.));
#3474 = ORIENTED_EDGE('',*,*,#3475,.F.);
#3475 = EDGE_CURVE('',#3476,#3468,#3478,.T.);
#3476 = VERTEX_POINT('',#3477);
#3477 = CARTESIAN_POINT('',(0.75,2.35,0.));
#3478 = LINE('',#3479,#3480);
#3479 = CARTESIAN_POINT('',(0.75,2.35,0.));
#3480 = VECTOR('',#3481,1.);
#3481 = DIRECTION('',(0.,0.,1.));
#3482 = ORIENTED_EDGE('',*,*,#3483,.F.);
#3483 = EDGE_CURVE('',#3484,#3476,#3486,.T.);
#3484 = VERTEX_POINT('',#3485);
#3485 = CARTESIAN_POINT('',(1.75,2.35,0.));
#3486 = LINE('',#3487,#3488);
#3487 = CARTESIAN_POINT('',(4.95,2.35,0.));
#3488 = VECTOR('',#3489,1.);
#3489 = DIRECTION('',(-1.,1.224646799147E-16,0.));
#3490 = ORIENTED_EDGE('',*,*,#3491,.T.);
#3491 = EDGE_CURVE('',#3484,#3492,#3494,.T.);
#3492 = VERTEX_POINT('',#3493);
#3493 = CARTESIAN_POINT('',(1.75,2.35,1.));
#3494 = LINE('',#3495,#3496);
#3495 = CARTESIAN_POINT('',(1.75,2.35,0.));
#3496 = VECTOR('',#3497,1.);
#3497 = DIRECTION('',(0.,0.,1.));
#3498 = ORIENTED_EDGE('',*,*,#3499,.F.);
#3499 = EDGE_CURVE('',#3500,#3492,#3502,.T.);
#3500 = VERTEX_POINT('',#3501);
#3501 = CARTESIAN_POINT('',(3.25,2.35,1.));
#3502 = LINE('',#3503,#3504);
#3503 = CARTESIAN_POINT('',(3.25,2.35,1.));
#3504 = VECTOR('',#3505,1.);
#3505 = DIRECTION('',(-1.,1.224646799147E-16,0.));
#3506 = ORIENTED_EDGE('',*,*,#3507,.F.);
#3507 = EDGE_CURVE('',#3352,#3500,#3508,.T.);
#3508 = LINE('',#3509,#3510);
#3509 = CARTESIAN_POINT('',(3.25,2.35,0.));
#3510 = VECTOR('',#3511,1.);
#3511 = DIRECTION('',(0.,0.,1.));
#3512 = PLANE('',#3513);
#3513 = AXIS2_PLACEMENT_3D('',#3514,#3515,#3516);
#3514 = CARTESIAN_POINT('',(4.95,2.35,0.));
#3515 = DIRECTION('',(-1.224646799147E-16,-1.,0.));
#3516 = DIRECTION('',(-1.,1.224646799147E-16,0.));
#3517 = ADVANCED_FACE('',(#3518),#3536,.F.);
#3518 = FACE_BOUND('',#3519,.F.);
#3519 = EDGE_LOOP('',(#3520,#3521,#3529,#3535));
#3520 = ORIENTED_EDGE('',*,*,#3116,.T.);
#3521 = ORIENTED_EDGE('',*,*,#3522,.T.);
#3522 = EDGE_CURVE('',#3109,#3523,#3525,.T.);
#3523 = VERTEX_POINT('',#3524);
#3524 = CARTESIAN_POINT('',(4.1,-2.65,1.85));
#3525 = LINE('',#3526,#3527);
#3526 = CARTESIAN_POINT('',(-1.6,-2.65,1.85));
#3527 = VECTOR('',#3528,1.);
#3528 = DIRECTION('',(1.,-1.224646799147E-16,0.));
#3529 = ORIENTED_EDGE('',*,*,#3530,.F.);
#3530 = EDGE_CURVE('',#2859,#3523,#3531,.T.);
#3531 = LINE('',#3532,#3533);
#3532 = CARTESIAN_POINT('',(4.1,-2.65,7.));
#3533 = VECTOR('',#3534,1.);
#3534 = DIRECTION('',(0.,0.,-1.));
#3535 = ORIENTED_EDGE('',*,*,#2866,.F.);
#3536 = PLANE('',#3537);
#3537 = AXIS2_PLACEMENT_3D('',#3538,#3539,#3540);
#3538 = CARTESIAN_POINT('',(-1.6,-2.65,7.));
#3539 = DIRECTION('',(-1.224646799147E-16,-1.,0.));
#3540 = DIRECTION('',(1.,-1.224646799147E-16,0.));
#3541 = ADVANCED_FACE('',(#3542),#3569,.T.);
#3542 = FACE_BOUND('',#3543,.T.);
#3543 = EDGE_LOOP('',(#3544,#3545,#3553,#3561,#3567,#3568));
#3544 = ORIENTED_EDGE('',*,*,#3459,.T.);
#3545 = ORIENTED_EDGE('',*,*,#3546,.T.);
#3546 = EDGE_CURVE('',#3460,#3547,#3549,.T.);
#3547 = VERTEX_POINT('',#3548);
#3548 = CARTESIAN_POINT('',(-0.75,0.5,0.3));
#3549 = LINE('',#3550,#3551);
#3550 = CARTESIAN_POINT('',(-0.75,2.35,1.));
#3551 = VECTOR('',#3552,1.);
#3552 = DIRECTION('',(-1.14539532148E-16,-0.935286257456,-0.353892097416
    ));
#3553 = ORIENTED_EDGE('',*,*,#3554,.T.);
#3554 = EDGE_CURVE('',#3547,#3555,#3557,.T.);
#3555 = VERTEX_POINT('',#3556);
#3556 = CARTESIAN_POINT('',(-0.75,-0.5,0.3));
#3557 = LINE('',#3558,#3559);
#3558 = CARTESIAN_POINT('',(-0.75,0.5,0.3));
#3559 = VECTOR('',#3560,1.);
#3560 = DIRECTION('',(-1.224646799147E-16,-1.,0.));
#3561 = ORIENTED_EDGE('',*,*,#3562,.T.);
#3562 = EDGE_CURVE('',#3555,#2947,#3563,.T.);
#3563 = LINE('',#3564,#3565);
#3564 = CARTESIAN_POINT('',(-0.75,-0.5,0.3));
#3565 = VECTOR('',#3566,1.);
#3566 = DIRECTION('',(-1.190457365237E-16,-0.972082208573,0.234640533104
    ));
#3567 = ORIENTED_EDGE('',*,*,#2954,.T.);
#3568 = ORIENTED_EDGE('',*,*,#3149,.T.);
#3569 = PLANE('',#3570);
#3570 = AXIS2_PLACEMENT_3D('',#3571,#3572,#3573);
#3571 = CARTESIAN_POINT('',(-0.75,-0.515451356496,0.330008245993));
#3572 = DIRECTION('',(1.,-1.224646799147E-16,-1.256256073143E-32));
#3573 = DIRECTION('',(-1.256256073143E-32,1.538469978883E-48,-1.));
#3574 = ADVANCED_FACE('',(#3575),#3593,.F.);
#3575 = FACE_BOUND('',#3576,.F.);
#3576 = EDGE_LOOP('',(#3577,#3585,#3586,#3587));
#3577 = ORIENTED_EDGE('',*,*,#3578,.T.);
#3578 = EDGE_CURVE('',#3579,#3555,#3581,.T.);
#3579 = VERTEX_POINT('',#3580);
#3580 = CARTESIAN_POINT('',(0.75,-0.5,0.3));
#3581 = LINE('',#3582,#3583);
#3582 = CARTESIAN_POINT('',(0.75,-0.5,0.3));
#3583 = VECTOR('',#3584,1.);
#3584 = DIRECTION('',(-1.,1.224646799147E-16,0.));
#3585 = ORIENTED_EDGE('',*,*,#3562,.T.);
#3586 = ORIENTED_EDGE('',*,*,#2946,.F.);
#3587 = ORIENTED_EDGE('',*,*,#3588,.F.);
#3588 = EDGE_CURVE('',#3579,#2939,#3589,.T.);
#3589 = LINE('',#3590,#3591);
#3590 = CARTESIAN_POINT('',(0.75,-0.5,0.3));
#3591 = VECTOR('',#3592,1.);
#3592 = DIRECTION('',(-1.190457365237E-16,-0.972082208573,0.234640533104
    ));
#3593 = PLANE('',#3594);
#3594 = AXIS2_PLACEMENT_3D('',#3595,#3596,#3597);
#3595 = CARTESIAN_POINT('',(0.75,-0.5,0.3));
#3596 = DIRECTION('',(2.87351777816E-17,0.234640533104,0.972082208573));
#3597 = DIRECTION('',(-1.190457365237E-16,-0.972082208573,0.234640533104
    ));
#3598 = ADVANCED_FACE('',(#3599),#3624,.F.);
#3599 = FACE_BOUND('',#3600,.F.);
#3600 = EDGE_LOOP('',(#3601,#3602,#3610,#3616,#3617,#3618));
#3601 = ORIENTED_EDGE('',*,*,#3475,.T.);
#3602 = ORIENTED_EDGE('',*,*,#3603,.T.);
#3603 = EDGE_CURVE('',#3468,#3604,#3606,.T.);
#3604 = VERTEX_POINT('',#3605);
#3605 = CARTESIAN_POINT('',(0.75,0.5,0.3));
#3606 = LINE('',#3607,#3608);
#3607 = CARTESIAN_POINT('',(0.75,2.35,1.));
#3608 = VECTOR('',#3609,1.);
#3609 = DIRECTION('',(-1.14539532148E-16,-0.935286257456,-0.353892097416
    ));
#3610 = ORIENTED_EDGE('',*,*,#3611,.T.);
#3611 = EDGE_CURVE('',#3604,#3579,#3612,.T.);
#3612 = LINE('',#3613,#3614);
#3613 = CARTESIAN_POINT('',(0.75,0.5,0.3));
#3614 = VECTOR('',#3615,1.);
#3615 = DIRECTION('',(-1.224646799147E-16,-1.,0.));
#3616 = ORIENTED_EDGE('',*,*,#3588,.T.);
#3617 = ORIENTED_EDGE('',*,*,#2938,.T.);
#3618 = ORIENTED_EDGE('',*,*,#3619,.T.);
#3619 = EDGE_CURVE('',#2931,#3476,#3620,.T.);
#3620 = LINE('',#3621,#3622);
#3621 = CARTESIAN_POINT('',(0.75,-3.4,0.));
#3622 = VECTOR('',#3623,1.);
#3623 = DIRECTION('',(1.224646799147E-16,1.,0.));
#3624 = PLANE('',#3625);
#3625 = AXIS2_PLACEMENT_3D('',#3626,#3627,#3628);
#3626 = CARTESIAN_POINT('',(0.75,-0.515451356496,0.330008245993));
#3627 = DIRECTION('',(1.,-1.224646799147E-16,-1.256256073143E-32));
#3628 = DIRECTION('',(-1.256256073143E-32,1.538469978883E-48,-1.));
#3629 = ADVANCED_FACE('',(#3630),#3641,.F.);
#3630 = FACE_BOUND('',#3631,.F.);
#3631 = EDGE_LOOP('',(#3632,#3633,#3639,#3640));
#3632 = ORIENTED_EDGE('',*,*,#2930,.T.);
#3633 = ORIENTED_EDGE('',*,*,#3634,.T.);
#3634 = EDGE_CURVE('',#2923,#3484,#3635,.T.);
#3635 = LINE('',#3636,#3637);
#3636 = CARTESIAN_POINT('',(1.75,-3.4,0.));
#3637 = VECTOR('',#3638,1.);
#3638 = DIRECTION('',(1.224646799147E-16,1.,0.));
#3639 = ORIENTED_EDGE('',*,*,#3483,.T.);
#3640 = ORIENTED_EDGE('',*,*,#3619,.F.);
#3641 = PLANE('',#3642);
#3642 = AXIS2_PLACEMENT_3D('',#3643,#3644,#3645);
#3643 = CARTESIAN_POINT('',(1.25,-0.525,0.));
#3644 = DIRECTION('',(0.,0.,1.));
#3645 = DIRECTION('',(-1.,1.224646799147E-16,0.));
#3646 = ADVANCED_FACE('',(#3647),#3674,.T.);
#3647 = FACE_BOUND('',#3648,.T.);
#3648 = EDGE_LOOP('',(#3649,#3650,#3658,#3666,#3672,#3673));
#3649 = ORIENTED_EDGE('',*,*,#3491,.T.);
#3650 = ORIENTED_EDGE('',*,*,#3651,.T.);
#3651 = EDGE_CURVE('',#3492,#3652,#3654,.T.);
#3652 = VERTEX_POINT('',#3653);
#3653 = CARTESIAN_POINT('',(1.75,0.5,0.3));
#3654 = LINE('',#3655,#3656);
#3655 = CARTESIAN_POINT('',(1.75,2.35,1.));
#3656 = VECTOR('',#3657,1.);
#3657 = DIRECTION('',(-1.14539532148E-16,-0.935286257456,-0.353892097416
    ));
#3658 = ORIENTED_EDGE('',*,*,#3659,.T.);
#3659 = EDGE_CURVE('',#3652,#3660,#3662,.T.);
#3660 = VERTEX_POINT('',#3661);
#3661 = CARTESIAN_POINT('',(1.75,-0.5,0.3));
#3662 = LINE('',#3663,#3664);
#3663 = CARTESIAN_POINT('',(1.75,0.5,0.3));
#3664 = VECTOR('',#3665,1.);
#3665 = DIRECTION('',(-1.224646799147E-16,-1.,0.));
#3666 = ORIENTED_EDGE('',*,*,#3667,.T.);
#3667 = EDGE_CURVE('',#3660,#2915,#3668,.T.);
#3668 = LINE('',#3669,#3670);
#3669 = CARTESIAN_POINT('',(1.75,-0.5,0.3));
#3670 = VECTOR('',#3671,1.);
#3671 = DIRECTION('',(-1.190457365237E-16,-0.972082208573,0.234640533104
    ));
#3672 = ORIENTED_EDGE('',*,*,#2922,.T.);
#3673 = ORIENTED_EDGE('',*,*,#3634,.T.);
#3674 = PLANE('',#3675);
#3675 = AXIS2_PLACEMENT_3D('',#3676,#3677,#3678);
#3676 = CARTESIAN_POINT('',(1.75,-0.515451356496,0.330008245993));
#3677 = DIRECTION('',(1.,-1.224646799147E-16,-1.256256073143E-32));
#3678 = DIRECTION('',(-1.256256073143E-32,1.538469978883E-48,-1.));
#3679 = ADVANCED_FACE('',(#3680),#3698,.F.);
#3680 = FACE_BOUND('',#3681,.F.);
#3681 = EDGE_LOOP('',(#3682,#3690,#3691,#3692));
#3682 = ORIENTED_EDGE('',*,*,#3683,.T.);
#3683 = EDGE_CURVE('',#3684,#3660,#3686,.T.);
#3684 = VERTEX_POINT('',#3685);
#3685 = CARTESIAN_POINT('',(3.25,-0.5,0.3));
#3686 = LINE('',#3687,#3688);
#3687 = CARTESIAN_POINT('',(3.25,-0.5,0.3));
#3688 = VECTOR('',#3689,1.);
#3689 = DIRECTION('',(-1.,1.224646799147E-16,0.));
#3690 = ORIENTED_EDGE('',*,*,#3667,.T.);
#3691 = ORIENTED_EDGE('',*,*,#2914,.F.);
#3692 = ORIENTED_EDGE('',*,*,#3693,.F.);
#3693 = EDGE_CURVE('',#3684,#2907,#3694,.T.);
#3694 = LINE('',#3695,#3696);
#3695 = CARTESIAN_POINT('',(3.25,-0.5,0.3));
#3696 = VECTOR('',#3697,1.);
#3697 = DIRECTION('',(-1.190457365237E-16,-0.972082208573,0.234640533104
    ));
#3698 = PLANE('',#3699);
#3699 = AXIS2_PLACEMENT_3D('',#3700,#3701,#3702);
#3700 = CARTESIAN_POINT('',(3.25,-0.5,0.3));
#3701 = DIRECTION('',(2.87351777816E-17,0.234640533104,0.972082208573));
#3702 = DIRECTION('',(-1.190457365237E-16,-0.972082208573,0.234640533104
    ));
#3703 = ADVANCED_FACE('',(#3704),#3729,.F.);
#3704 = FACE_BOUND('',#3705,.F.);
#3705 = EDGE_LOOP('',(#3706,#3707,#3715,#3721,#3722,#3723));
#3706 = ORIENTED_EDGE('',*,*,#3507,.T.);
#3707 = ORIENTED_EDGE('',*,*,#3708,.T.);
#3708 = EDGE_CURVE('',#3500,#3709,#3711,.T.);
#3709 = VERTEX_POINT('',#3710);
#3710 = CARTESIAN_POINT('',(3.25,0.5,0.3));
#3711 = LINE('',#3712,#3713);
#3712 = CARTESIAN_POINT('',(3.25,2.35,1.));
#3713 = VECTOR('',#3714,1.);
#3714 = DIRECTION('',(-1.14539532148E-16,-0.935286257456,-0.353892097416
    ));
#3715 = ORIENTED_EDGE('',*,*,#3716,.T.);
#3716 = EDGE_CURVE('',#3709,#3684,#3717,.T.);
#3717 = LINE('',#3718,#3719);
#3718 = CARTESIAN_POINT('',(3.25,0.5,0.3));
#3719 = VECTOR('',#3720,1.);
#3720 = DIRECTION('',(-1.224646799147E-16,-1.,0.));
#3721 = ORIENTED_EDGE('',*,*,#3693,.T.);
#3722 = ORIENTED_EDGE('',*,*,#2906,.T.);
#3723 = ORIENTED_EDGE('',*,*,#3724,.T.);
#3724 = EDGE_CURVE('',#2899,#3352,#3725,.T.);
#3725 = LINE('',#3726,#3727);
#3726 = CARTESIAN_POINT('',(3.25,-3.4,0.));
#3727 = VECTOR('',#3728,1.);
#3728 = DIRECTION('',(1.224646799147E-16,1.,0.));
#3729 = PLANE('',#3730);
#3730 = AXIS2_PLACEMENT_3D('',#3731,#3732,#3733);
#3731 = CARTESIAN_POINT('',(3.25,-0.515451356496,0.330008245993));
#3732 = DIRECTION('',(1.,-1.224646799147E-16,-1.256256073143E-32));
#3733 = DIRECTION('',(-1.256256073143E-32,1.538469978883E-48,-1.));
#3734 = ADVANCED_FACE('',(#3735),#3741,.F.);
#3735 = FACE_BOUND('',#3736,.F.);
#3736 = EDGE_LOOP('',(#3737,#3738,#3739,#3740));
#3737 = ORIENTED_EDGE('',*,*,#2992,.T.);
#3738 = ORIENTED_EDGE('',*,*,#3351,.T.);
#3739 = ORIENTED_EDGE('',*,*,#3724,.F.);
#3740 = ORIENTED_EDGE('',*,*,#2898,.T.);
#3741 = PLANE('',#3742);
#3742 = AXIS2_PLACEMENT_3D('',#3743,#3744,#3745);
#3743 = CARTESIAN_POINT('',(1.25,-0.525,0.));
#3744 = DIRECTION('',(0.,0.,1.));
#3745 = DIRECTION('',(-1.,1.224646799147E-16,0.));
#3746 = ADVANCED_FACE('',(#3747),#3774,.F.);
#3747 = FACE_BOUND('',#3748,.F.);
#3748 = EDGE_LOOP('',(#3749,#3750,#3751,#3752,#3758,#3759,#3768));
#3749 = ORIENTED_EDGE('',*,*,#3067,.T.);
#3750 = ORIENTED_EDGE('',*,*,#2978,.F.);
#3751 = ORIENTED_EDGE('',*,*,#3530,.T.);
#3752 = ORIENTED_EDGE('',*,*,#3753,.T.);
#3753 = EDGE_CURVE('',#3523,#3298,#3754,.T.);
#3754 = LINE('',#3755,#3756);
#3755 = CARTESIAN_POINT('',(4.1,-2.65,1.85));
#3756 = VECTOR('',#3757,1.);
#3757 = DIRECTION('',(1.224646799147E-16,1.,0.));
#3758 = ORIENTED_EDGE('',*,*,#3305,.F.);
#3759 = ORIENTED_EDGE('',*,*,#3760,.F.);
#3760 = EDGE_CURVE('',#3761,#3306,#3763,.T.);
#3761 = VERTEX_POINT('',#3762);
#3762 = CARTESIAN_POINT('',(4.1,1.,3.65));
#3763 = CIRCLE('',#3764,0.5);
#3764 = AXIS2_PLACEMENT_3D('',#3765,#3766,#3767);
#3765 = CARTESIAN_POINT('',(4.1,1.,4.15));
#3766 = DIRECTION('',(1.,-1.224646799147E-16,0.));
#3767 = DIRECTION('',(1.224646799147E-16,1.,0.));
#3768 = ORIENTED_EDGE('',*,*,#3769,.T.);
#3769 = EDGE_CURVE('',#3761,#3060,#3770,.T.);
#3770 = LINE('',#3771,#3772);
#3771 = CARTESIAN_POINT('',(4.1,-0.825,3.65));
#3772 = VECTOR('',#3773,1.);
#3773 = DIRECTION('',(-1.224646799147E-16,-1.,0.));
#3774 = PLANE('',#3775);
#3775 = AXIS2_PLACEMENT_3D('',#3776,#3777,#3778);
#3776 = CARTESIAN_POINT('',(4.1,-2.65,7.));
#3777 = DIRECTION('',(1.,-1.224646799147E-16,0.));
#3778 = DIRECTION('',(1.224646799147E-16,1.,0.));
#3779 = ADVANCED_FACE('',(#3780),#3791,.T.);
#3780 = FACE_BOUND('',#3781,.T.);
#3781 = EDGE_LOOP('',(#3782,#3783,#3784,#3785));
#3782 = ORIENTED_EDGE('',*,*,#3190,.F.);
#3783 = ORIENTED_EDGE('',*,*,#3035,.T.);
#3784 = ORIENTED_EDGE('',*,*,#3360,.T.);
#3785 = ORIENTED_EDGE('',*,*,#3786,.T.);
#3786 = EDGE_CURVE('',#3361,#3191,#3787,.T.);
#3787 = LINE('',#3788,#3789);
#3788 = CARTESIAN_POINT('',(3.,2.35,7.));
#3789 = VECTOR('',#3790,1.);
#3790 = DIRECTION('',(-1.224646799147E-16,-1.,0.));
#3791 = PLANE('',#3792);
#3792 = AXIS2_PLACEMENT_3D('',#3793,#3794,#3795);
#3793 = CARTESIAN_POINT('',(1.25,-0.525,7.));
#3794 = DIRECTION('',(0.,0.,1.));
#3795 = DIRECTION('',(-1.,1.224646799147E-16,0.));
#3796 = ADVANCED_FACE('',(#3797),#3808,.F.);
#3797 = FACE_BOUND('',#3798,.F.);
#3798 = EDGE_LOOP('',(#3799,#3805,#3806,#3807));
#3799 = ORIENTED_EDGE('',*,*,#3800,.T.);
#3800 = EDGE_CURVE('',#3011,#3761,#3801,.T.);
#3801 = LINE('',#3802,#3803);
#3802 = CARTESIAN_POINT('',(4.95,1.,3.65));
#3803 = VECTOR('',#3804,1.);
#3804 = DIRECTION('',(-1.,1.224646799147E-16,0.));
#3805 = ORIENTED_EDGE('',*,*,#3760,.T.);
#3806 = ORIENTED_EDGE('',*,*,#3313,.F.);
#3807 = ORIENTED_EDGE('',*,*,#3018,.T.);
#3808 = CYLINDRICAL_SURFACE('',#3809,0.5);
#3809 = AXIS2_PLACEMENT_3D('',#3810,#3811,#3812);
#3810 = CARTESIAN_POINT('',(4.95,1.,4.15));
#3811 = DIRECTION('',(1.,-1.224646799147E-16,-0.));
#3812 = DIRECTION('',(1.224646799147E-16,1.,0.));
#3813 = ADVANCED_FACE('',(#3814),#3820,.T.);
#3814 = FACE_BOUND('',#3815,.T.);
#3815 = EDGE_LOOP('',(#3816,#3817,#3818,#3819));
#3816 = ORIENTED_EDGE('',*,*,#3010,.F.);
#3817 = ORIENTED_EDGE('',*,*,#3800,.T.);
#3818 = ORIENTED_EDGE('',*,*,#3769,.T.);
#3819 = ORIENTED_EDGE('',*,*,#3059,.F.);
#3820 = PLANE('',#3821);
#3821 = AXIS2_PLACEMENT_3D('',#3822,#3823,#3824);
#3822 = CARTESIAN_POINT('',(4.95,1.,3.65));
#3823 = DIRECTION('',(0.,0.,1.));
#3824 = DIRECTION('',(-1.224646799147E-16,-1.,0.));
#3825 = ADVANCED_FACE('',(#3826,#3832,#3866),#3900,.T.);
#3826 = FACE_BOUND('',#3827,.T.);
#3827 = EDGE_LOOP('',(#3828,#3829,#3830,#3831));
#3828 = ORIENTED_EDGE('',*,*,#3297,.T.);
#3829 = ORIENTED_EDGE('',*,*,#3108,.T.);
#3830 = ORIENTED_EDGE('',*,*,#3522,.T.);
#3831 = ORIENTED_EDGE('',*,*,#3753,.T.);
#3832 = FACE_BOUND('',#3833,.T.);
#3833 = EDGE_LOOP('',(#3834,#3844,#3852,#3860));
#3834 = ORIENTED_EDGE('',*,*,#3835,.F.);
#3835 = EDGE_CURVE('',#3836,#3838,#3840,.T.);
#3836 = VERTEX_POINT('',#3837);
#3837 = CARTESIAN_POINT('',(-0.32,0.32,1.85));
#3838 = VERTEX_POINT('',#3839);
#3839 = CARTESIAN_POINT('',(-0.32,-0.32,1.85));
#3840 = LINE('',#3841,#3842);
#3841 = CARTESIAN_POINT('',(-0.32,-0.26920299558,1.85));
#3842 = VECTOR('',#3843,1.);
#3843 = DIRECTION('',(-1.224646799147E-16,-1.,0.));
#3844 = ORIENTED_EDGE('',*,*,#3845,.T.);
#3845 = EDGE_CURVE('',#3836,#3846,#3848,.T.);
#3846 = VERTEX_POINT('',#3847);
#3847 = CARTESIAN_POINT('',(0.32,0.32,1.85));
#3848 = LINE('',#3849,#3850);
#3849 = CARTESIAN_POINT('',(0.785,0.32,1.85));
#3850 = VECTOR('',#3851,1.);
#3851 = DIRECTION('',(1.,-1.224646799147E-16,0.));
#3852 = ORIENTED_EDGE('',*,*,#3853,.T.);
#3853 = EDGE_CURVE('',#3846,#3854,#3856,.T.);
#3854 = VERTEX_POINT('',#3855);
#3855 = CARTESIAN_POINT('',(0.32,-0.32,1.85));
#3856 = LINE('',#3857,#3858);
#3857 = CARTESIAN_POINT('',(0.32,-0.26920299558,1.85));
#3858 = VECTOR('',#3859,1.);
#3859 = DIRECTION('',(-1.224646799147E-16,-1.,0.));
#3860 = ORIENTED_EDGE('',*,*,#3861,.T.);
#3861 = EDGE_CURVE('',#3854,#3838,#3862,.T.);
#3862 = LINE('',#3863,#3864);
#3863 = CARTESIAN_POINT('',(0.785,-0.32,1.85));
#3864 = VECTOR('',#3865,1.);
#3865 = DIRECTION('',(-1.,1.224646799147E-16,0.));
#3866 = FACE_BOUND('',#3867,.T.);
#3867 = EDGE_LOOP('',(#3868,#3878,#3886,#3894));
#3868 = ORIENTED_EDGE('',*,*,#3869,.F.);
#3869 = EDGE_CURVE('',#3870,#3872,#3874,.T.);
#3870 = VERTEX_POINT('',#3871);
#3871 = CARTESIAN_POINT('',(2.18,0.32,1.85));
#3872 = VERTEX_POINT('',#3873);
#3873 = CARTESIAN_POINT('',(2.18,-0.32,1.85));
#3874 = LINE('',#3875,#3876);
#3875 = CARTESIAN_POINT('',(2.18,-0.26920299558,1.85));
#3876 = VECTOR('',#3877,1.);
#3877 = DIRECTION('',(-1.224646799147E-16,-1.,0.));
#3878 = ORIENTED_EDGE('',*,*,#3879,.T.);
#3879 = EDGE_CURVE('',#3870,#3880,#3882,.T.);
#3880 = VERTEX_POINT('',#3881);
#3881 = CARTESIAN_POINT('',(2.82,0.32,1.85));
#3882 = LINE('',#3883,#3884);
#3883 = CARTESIAN_POINT('',(2.035,0.32,1.85));
#3884 = VECTOR('',#3885,1.);
#3885 = DIRECTION('',(1.,-1.224646799147E-16,0.));
#3886 = ORIENTED_EDGE('',*,*,#3887,.T.);
#3887 = EDGE_CURVE('',#3880,#3888,#3890,.T.);
#3888 = VERTEX_POINT('',#3889);
#3889 = CARTESIAN_POINT('',(2.82,-0.32,1.85));
#3890 = LINE('',#3891,#3892);
#3891 = CARTESIAN_POINT('',(2.82,-0.26920299558,1.85));
#3892 = VECTOR('',#3893,1.);
#3893 = DIRECTION('',(-1.224646799147E-16,-1.,0.));
#3894 = ORIENTED_EDGE('',*,*,#3895,.T.);
#3895 = EDGE_CURVE('',#3888,#3872,#3896,.T.);
#3896 = LINE('',#3897,#3898);
#3897 = CARTESIAN_POINT('',(2.035,-0.32,1.85));
#3898 = VECTOR('',#3899,1.);
#3899 = DIRECTION('',(-1.,1.224646799147E-16,0.));
#3900 = PLANE('',#3901);
#3901 = AXIS2_PLACEMENT_3D('',#3902,#3903,#3904);
#3902 = CARTESIAN_POINT('',(1.25,-0.575,1.85));
#3903 = DIRECTION('',(0.,0.,1.));
#3904 = DIRECTION('',(-1.,1.224646799147E-16,0.));
#3905 = ADVANCED_FACE('',(#3906),#3917,.F.);
#3906 = FACE_BOUND('',#3907,.F.);
#3907 = EDGE_LOOP('',(#3908,#3909,#3915,#3916));
#3908 = ORIENTED_EDGE('',*,*,#3450,.F.);
#3909 = ORIENTED_EDGE('',*,*,#3910,.T.);
#3910 = EDGE_CURVE('',#3443,#3273,#3911,.T.);
#3911 = LINE('',#3912,#3913);
#3912 = CARTESIAN_POINT('',(-0.5,2.35,6.1));
#3913 = VECTOR('',#3914,1.);
#3914 = DIRECTION('',(-1.224646799147E-16,-1.,0.));
#3915 = ORIENTED_EDGE('',*,*,#3280,.F.);
#3916 = ORIENTED_EDGE('',*,*,#3328,.F.);
#3917 = PLANE('',#3918);
#3918 = AXIS2_PLACEMENT_3D('',#3919,#3920,#3921);
#3919 = CARTESIAN_POINT('',(-0.5,2.35,6.1));
#3920 = DIRECTION('',(-1.,1.224646799147E-16,0.));
#3921 = DIRECTION('',(0.,0.,1.));
#3922 = ADVANCED_FACE('',(#3923),#3934,.F.);
#3923 = FACE_BOUND('',#3924,.F.);
#3924 = EDGE_LOOP('',(#3925,#3926,#3932,#3933));
#3925 = ORIENTED_EDGE('',*,*,#3442,.F.);
#3926 = ORIENTED_EDGE('',*,*,#3927,.T.);
#3927 = EDGE_CURVE('',#3435,#3265,#3928,.T.);
#3928 = LINE('',#3929,#3930);
#3929 = CARTESIAN_POINT('',(-0.25,2.35,5.85));
#3930 = VECTOR('',#3931,1.);
#3931 = DIRECTION('',(-1.224646799147E-16,-1.,0.));
#3932 = ORIENTED_EDGE('',*,*,#3272,.F.);
#3933 = ORIENTED_EDGE('',*,*,#3910,.F.);
#3934 = PLANE('',#3935);
#3935 = AXIS2_PLACEMENT_3D('',#3936,#3937,#3938);
#3936 = CARTESIAN_POINT('',(-0.25,2.35,5.85));
#3937 = DIRECTION('',(-0.707106781187,8.659560562349E-17,-0.707106781187
    ));
#3938 = DIRECTION('',(-0.707106781187,8.659560562349E-17,0.707106781187)
  );
#3939 = ADVANCED_FACE('',(#3940),#3951,.F.);
#3940 = FACE_BOUND('',#3941,.F.);
#3941 = EDGE_LOOP('',(#3942,#3943,#3949,#3950));
#3942 = ORIENTED_EDGE('',*,*,#3434,.F.);
#3943 = ORIENTED_EDGE('',*,*,#3944,.T.);
#3944 = EDGE_CURVE('',#3427,#3257,#3945,.T.);
#3945 = LINE('',#3946,#3947);
#3946 = CARTESIAN_POINT('',(-0.5,2.35,5.6));
#3947 = VECTOR('',#3948,1.);
#3948 = DIRECTION('',(-1.224646799147E-16,-1.,0.));
#3949 = ORIENTED_EDGE('',*,*,#3264,.F.);
#3950 = ORIENTED_EDGE('',*,*,#3927,.F.);
#3951 = PLANE('',#3952);
#3952 = AXIS2_PLACEMENT_3D('',#3953,#3954,#3955);
#3953 = CARTESIAN_POINT('',(-0.5,2.35,5.6));
#3954 = DIRECTION('',(-0.707106781187,8.659560562349E-17,0.707106781187)
  );
#3955 = DIRECTION('',(0.707106781187,-8.659560562349E-17,0.707106781187)
  );
#3956 = ADVANCED_FACE('',(#3957),#3968,.F.);
#3957 = FACE_BOUND('',#3958,.F.);
#3958 = EDGE_LOOP('',(#3959,#3960,#3966,#3967));
#3959 = ORIENTED_EDGE('',*,*,#3426,.F.);
#3960 = ORIENTED_EDGE('',*,*,#3961,.T.);
#3961 = EDGE_CURVE('',#3418,#3248,#3962,.T.);
#3962 = LINE('',#3963,#3964);
#3963 = CARTESIAN_POINT('',(-0.5,2.35,3.85));
#3964 = VECTOR('',#3965,1.);
#3965 = DIRECTION('',(-1.224646799147E-16,-1.,0.));
#3966 = ORIENTED_EDGE('',*,*,#3256,.F.);
#3967 = ORIENTED_EDGE('',*,*,#3944,.F.);
#3968 = PLANE('',#3969);
#3969 = AXIS2_PLACEMENT_3D('',#3970,#3971,#3972);
#3970 = CARTESIAN_POINT('',(-0.5,2.35,3.1));
#3971 = DIRECTION('',(-1.,1.224646799147E-16,0.));
#3972 = DIRECTION('',(0.,0.,1.));
#3973 = ADVANCED_FACE('',(#3974),#3985,.F.);
#3974 = FACE_BOUND('',#3975,.F.);
#3975 = EDGE_LOOP('',(#3976,#3977,#3978,#3979));
#3976 = ORIENTED_EDGE('',*,*,#3247,.F.);
#3977 = ORIENTED_EDGE('',*,*,#3961,.F.);
#3978 = ORIENTED_EDGE('',*,*,#3417,.F.);
#3979 = ORIENTED_EDGE('',*,*,#3980,.T.);
#3980 = EDGE_CURVE('',#3410,#3240,#3981,.T.);
#3981 = LINE('',#3982,#3983);
#3982 = CARTESIAN_POINT('',(0.25,2.35,3.1));
#3983 = VECTOR('',#3984,1.);
#3984 = DIRECTION('',(-1.224646799147E-16,-1.,0.));
#3985 = CYLINDRICAL_SURFACE('',#3986,0.75);
#3986 = AXIS2_PLACEMENT_3D('',#3987,#3988,#3989);
#3987 = CARTESIAN_POINT('',(0.25,2.35,3.85));
#3988 = DIRECTION('',(-1.224646799147E-16,-1.,0.));
#3989 = DIRECTION('',(-0.,0.,-1.));
#3990 = ADVANCED_FACE('',(#3991),#4002,.F.);
#3991 = FACE_BOUND('',#3992,.F.);
#3992 = EDGE_LOOP('',(#3993,#3994,#3995,#4001));
#3993 = ORIENTED_EDGE('',*,*,#3980,.F.);
#3994 = ORIENTED_EDGE('',*,*,#3409,.T.);
#3995 = ORIENTED_EDGE('',*,*,#3996,.T.);
#3996 = EDGE_CURVE('',#3401,#3231,#3997,.T.);
#3997 = LINE('',#3998,#3999);
#3998 = CARTESIAN_POINT('',(2.25,2.35,3.1));
#3999 = VECTOR('',#4000,1.);
#4000 = DIRECTION('',(-1.224646799147E-16,-1.,0.));
#4001 = ORIENTED_EDGE('',*,*,#3239,.F.);
#4002 = PLANE('',#4003);
#4003 = AXIS2_PLACEMENT_3D('',#4004,#4005,#4006);
#4004 = CARTESIAN_POINT('',(1.25,1.85,3.1));
#4005 = DIRECTION('',(1.288101310069E-46,1.051814540295E-30,-1.));
#4006 = DIRECTION('',(1.224646799147E-16,1.,1.051814540295E-30));
#4007 = ADVANCED_FACE('',(#4008),#4019,.F.);
#4008 = FACE_BOUND('',#4009,.F.);
#4009 = EDGE_LOOP('',(#4010,#4011,#4012,#4018));
#4010 = ORIENTED_EDGE('',*,*,#3996,.F.);
#4011 = ORIENTED_EDGE('',*,*,#3400,.T.);
#4012 = ORIENTED_EDGE('',*,*,#4013,.T.);
#4013 = EDGE_CURVE('',#3393,#3223,#4014,.T.);
#4014 = LINE('',#4015,#4016);
#4015 = CARTESIAN_POINT('',(3.,2.35,3.85));
#4016 = VECTOR('',#4017,1.);
#4017 = DIRECTION('',(-1.224646799147E-16,-1.,0.));
#4018 = ORIENTED_EDGE('',*,*,#3230,.F.);
#4019 = CYLINDRICAL_SURFACE('',#4020,0.75);
#4020 = AXIS2_PLACEMENT_3D('',#4021,#4022,#4023);
#4021 = CARTESIAN_POINT('',(2.25,2.35,3.85));
#4022 = DIRECTION('',(-1.224646799147E-16,-1.,0.));
#4023 = DIRECTION('',(0.,-0.,-1.));
#4024 = ADVANCED_FACE('',(#4025),#4036,.T.);
#4025 = FACE_BOUND('',#4026,.T.);
#4026 = EDGE_LOOP('',(#4027,#4028,#4029,#4030));
#4027 = ORIENTED_EDGE('',*,*,#3392,.F.);
#4028 = ORIENTED_EDGE('',*,*,#4013,.T.);
#4029 = ORIENTED_EDGE('',*,*,#3222,.F.);
#4030 = ORIENTED_EDGE('',*,*,#4031,.F.);
#4031 = EDGE_CURVE('',#3385,#3215,#4032,.T.);
#4032 = LINE('',#4033,#4034);
#4033 = CARTESIAN_POINT('',(3.,2.35,5.6));
#4034 = VECTOR('',#4035,1.);
#4035 = DIRECTION('',(-1.224646799147E-16,-1.,0.));
#4036 = PLANE('',#4037);
#4037 = AXIS2_PLACEMENT_3D('',#4038,#4039,#4040);
#4038 = CARTESIAN_POINT('',(3.,2.35,3.1));
#4039 = DIRECTION('',(-1.,1.224646799147E-16,0.));
#4040 = DIRECTION('',(0.,0.,1.));
#4041 = ADVANCED_FACE('',(#4042),#4053,.T.);
#4042 = FACE_BOUND('',#4043,.T.);
#4043 = EDGE_LOOP('',(#4044,#4045,#4046,#4047));
#4044 = ORIENTED_EDGE('',*,*,#3384,.F.);
#4045 = ORIENTED_EDGE('',*,*,#4031,.T.);
#4046 = ORIENTED_EDGE('',*,*,#3214,.F.);
#4047 = ORIENTED_EDGE('',*,*,#4048,.F.);
#4048 = EDGE_CURVE('',#3377,#3207,#4049,.T.);
#4049 = LINE('',#4050,#4051);
#4050 = CARTESIAN_POINT('',(2.75,2.35,5.85));
#4051 = VECTOR('',#4052,1.);
#4052 = DIRECTION('',(-1.224646799147E-16,-1.,0.));
#4053 = PLANE('',#4054);
#4054 = AXIS2_PLACEMENT_3D('',#4055,#4056,#4057);
#4055 = CARTESIAN_POINT('',(3.,2.35,5.6));
#4056 = DIRECTION('',(-0.707106781187,8.659560562349E-17,-0.707106781187
    ));
#4057 = DIRECTION('',(-0.707106781187,8.659560562349E-17,0.707106781187)
  );
#4058 = ADVANCED_FACE('',(#4059),#4070,.T.);
#4059 = FACE_BOUND('',#4060,.T.);
#4060 = EDGE_LOOP('',(#4061,#4062,#4063,#4064));
#4061 = ORIENTED_EDGE('',*,*,#3376,.F.);
#4062 = ORIENTED_EDGE('',*,*,#4048,.T.);
#4063 = ORIENTED_EDGE('',*,*,#3206,.F.);
#4064 = ORIENTED_EDGE('',*,*,#4065,.F.);
#4065 = EDGE_CURVE('',#3369,#3199,#4066,.T.);
#4066 = LINE('',#4067,#4068);
#4067 = CARTESIAN_POINT('',(3.,2.35,6.1));
#4068 = VECTOR('',#4069,1.);
#4069 = DIRECTION('',(-1.224646799147E-16,-1.,0.));
#4070 = PLANE('',#4071);
#4071 = AXIS2_PLACEMENT_3D('',#4072,#4073,#4074);
#4072 = CARTESIAN_POINT('',(2.75,2.35,5.85));
#4073 = DIRECTION('',(-0.707106781187,8.659560562349E-17,0.707106781187)
  );
#4074 = DIRECTION('',(0.707106781187,-8.659560562349E-17,0.707106781187)
  );
#4075 = ADVANCED_FACE('',(#4076),#4082,.T.);
#4076 = FACE_BOUND('',#4077,.T.);
#4077 = EDGE_LOOP('',(#4078,#4079,#4080,#4081));
#4078 = ORIENTED_EDGE('',*,*,#3368,.F.);
#4079 = ORIENTED_EDGE('',*,*,#4065,.T.);
#4080 = ORIENTED_EDGE('',*,*,#3198,.F.);
#4081 = ORIENTED_EDGE('',*,*,#3786,.F.);
#4082 = PLANE('',#4083);
#4083 = AXIS2_PLACEMENT_3D('',#4084,#4085,#4086);
#4084 = CARTESIAN_POINT('',(3.,2.35,6.1));
#4085 = DIRECTION('',(-1.,1.224646799147E-16,2.467162276945E-16));
#4086 = DIRECTION('',(2.467162276945E-16,-3.021402385438E-32,1.));
#4087 = ADVANCED_FACE('',(#4088),#4099,.F.);
#4088 = FACE_BOUND('',#4089,.F.);
#4089 = EDGE_LOOP('',(#4090,#4091,#4092,#4098));
#4090 = ORIENTED_EDGE('',*,*,#3499,.T.);
#4091 = ORIENTED_EDGE('',*,*,#3651,.T.);
#4092 = ORIENTED_EDGE('',*,*,#4093,.F.);
#4093 = EDGE_CURVE('',#3709,#3652,#4094,.T.);
#4094 = LINE('',#4095,#4096);
#4095 = CARTESIAN_POINT('',(3.25,0.5,0.3));
#4096 = VECTOR('',#4097,1.);
#4097 = DIRECTION('',(-1.,1.224646799147E-16,0.));
#4098 = ORIENTED_EDGE('',*,*,#3708,.F.);
#4099 = PLANE('',#4100);
#4100 = AXIS2_PLACEMENT_3D('',#4101,#4102,#4103);
#4101 = CARTESIAN_POINT('',(3.25,2.35,1.));
#4102 = DIRECTION('',(-4.33392824344E-17,-0.353892097416,0.935286257456)
  );
#4103 = DIRECTION('',(-1.14539532148E-16,-0.935286257456,-0.353892097416
    ));
#4104 = ADVANCED_FACE('',(#4105),#4116,.F.);
#4105 = FACE_BOUND('',#4106,.F.);
#4106 = EDGE_LOOP('',(#4107,#4108,#4109,#4115));
#4107 = ORIENTED_EDGE('',*,*,#3467,.T.);
#4108 = ORIENTED_EDGE('',*,*,#3546,.T.);
#4109 = ORIENTED_EDGE('',*,*,#4110,.F.);
#4110 = EDGE_CURVE('',#3604,#3547,#4111,.T.);
#4111 = LINE('',#4112,#4113);
#4112 = CARTESIAN_POINT('',(0.75,0.5,0.3));
#4113 = VECTOR('',#4114,1.);
#4114 = DIRECTION('',(-1.,1.224646799147E-16,0.));
#4115 = ORIENTED_EDGE('',*,*,#3603,.F.);
#4116 = PLANE('',#4117);
#4117 = AXIS2_PLACEMENT_3D('',#4118,#4119,#4120);
#4118 = CARTESIAN_POINT('',(0.75,2.35,1.));
#4119 = DIRECTION('',(-4.33392824344E-17,-0.353892097416,0.935286257456)
  );
#4120 = DIRECTION('',(-1.14539532148E-16,-0.935286257456,-0.353892097416
    ));
#4121 = ADVANCED_FACE('',(#4122,#4128),#4162,.F.);
#4122 = FACE_BOUND('',#4123,.F.);
#4123 = EDGE_LOOP('',(#4124,#4125,#4126,#4127));
#4124 = ORIENTED_EDGE('',*,*,#4110,.T.);
#4125 = ORIENTED_EDGE('',*,*,#3554,.T.);
#4126 = ORIENTED_EDGE('',*,*,#3578,.F.);
#4127 = ORIENTED_EDGE('',*,*,#3611,.F.);
#4128 = FACE_BOUND('',#4129,.F.);
#4129 = EDGE_LOOP('',(#4130,#4140,#4148,#4156));
#4130 = ORIENTED_EDGE('',*,*,#4131,.F.);
#4131 = EDGE_CURVE('',#4132,#4134,#4136,.T.);
#4132 = VERTEX_POINT('',#4133);
#4133 = CARTESIAN_POINT('',(-0.32,0.32,0.3));
#4134 = VERTEX_POINT('',#4135);
#4135 = CARTESIAN_POINT('',(-0.32,-0.32,0.3));
#4136 = LINE('',#4137,#4138);
#4137 = CARTESIAN_POINT('',(-0.32,0.26829700442,0.3));
#4138 = VECTOR('',#4139,1.);
#4139 = DIRECTION('',(-1.224646799147E-16,-1.,0.));
#4140 = ORIENTED_EDGE('',*,*,#4141,.T.);
#4141 = EDGE_CURVE('',#4132,#4142,#4144,.T.);
#4142 = VERTEX_POINT('',#4143);
#4143 = CARTESIAN_POINT('',(0.32,0.32,0.3));
#4144 = LINE('',#4145,#4146);
#4145 = CARTESIAN_POINT('',(0.535,0.32,0.3));
#4146 = VECTOR('',#4147,1.);
#4147 = DIRECTION('',(1.,-1.224646799147E-16,0.));
#4148 = ORIENTED_EDGE('',*,*,#4149,.T.);
#4149 = EDGE_CURVE('',#4142,#4150,#4152,.T.);
#4150 = VERTEX_POINT('',#4151);
#4151 = CARTESIAN_POINT('',(0.32,-0.32,0.3));
#4152 = LINE('',#4153,#4154);
#4153 = CARTESIAN_POINT('',(0.32,0.26829700442,0.3));
#4154 = VECTOR('',#4155,1.);
#4155 = DIRECTION('',(-1.224646799147E-16,-1.,0.));
#4156 = ORIENTED_EDGE('',*,*,#4157,.T.);
#4157 = EDGE_CURVE('',#4150,#4134,#4158,.T.);
#4158 = LINE('',#4159,#4160);
#4159 = CARTESIAN_POINT('',(0.535,-0.32,0.3));
#4160 = VECTOR('',#4161,1.);
#4161 = DIRECTION('',(-1.,1.224646799147E-16,0.));
#4162 = PLANE('',#4163);
#4163 = AXIS2_PLACEMENT_3D('',#4164,#4165,#4166);
#4164 = CARTESIAN_POINT('',(0.75,0.5,0.3));
#4165 = DIRECTION('',(0.,0.,1.));
#4166 = DIRECTION('',(-1.224646799147E-16,-1.,0.));
#4167 = ADVANCED_FACE('',(#4168,#4174),#4208,.F.);
#4168 = FACE_BOUND('',#4169,.F.);
#4169 = EDGE_LOOP('',(#4170,#4171,#4172,#4173));
#4170 = ORIENTED_EDGE('',*,*,#4093,.T.);
#4171 = ORIENTED_EDGE('',*,*,#3659,.T.);
#4172 = ORIENTED_EDGE('',*,*,#3683,.F.);
#4173 = ORIENTED_EDGE('',*,*,#3716,.F.);
#4174 = FACE_BOUND('',#4175,.F.);
#4175 = EDGE_LOOP('',(#4176,#4186,#4194,#4202));
#4176 = ORIENTED_EDGE('',*,*,#4177,.F.);
#4177 = EDGE_CURVE('',#4178,#4180,#4182,.T.);
#4178 = VERTEX_POINT('',#4179);
#4179 = CARTESIAN_POINT('',(2.18,0.32,0.3));
#4180 = VERTEX_POINT('',#4181);
#4181 = CARTESIAN_POINT('',(2.18,-0.32,0.3));
#4182 = LINE('',#4183,#4184);
#4183 = CARTESIAN_POINT('',(2.18,0.26829700442,0.3));
#4184 = VECTOR('',#4185,1.);
#4185 = DIRECTION('',(-1.224646799147E-16,-1.,0.));
#4186 = ORIENTED_EDGE('',*,*,#4187,.T.);
#4187 = EDGE_CURVE('',#4178,#4188,#4190,.T.);
#4188 = VERTEX_POINT('',#4189);
#4189 = CARTESIAN_POINT('',(2.82,0.32,0.3));
#4190 = LINE('',#4191,#4192);
#4191 = CARTESIAN_POINT('',(3.035,0.32,0.3));
#4192 = VECTOR('',#4193,1.);
#4193 = DIRECTION('',(1.,-1.224646799147E-16,0.));
#4194 = ORIENTED_EDGE('',*,*,#4195,.T.);
#4195 = EDGE_CURVE('',#4188,#4196,#4198,.T.);
#4196 = VERTEX_POINT('',#4197);
#4197 = CARTESIAN_POINT('',(2.82,-0.32,0.3));
#4198 = LINE('',#4199,#4200);
#4199 = CARTESIAN_POINT('',(2.82,0.26829700442,0.3));
#4200 = VECTOR('',#4201,1.);
#4201 = DIRECTION('',(-1.224646799147E-16,-1.,0.));
#4202 = ORIENTED_EDGE('',*,*,#4203,.T.);
#4203 = EDGE_CURVE('',#4196,#4180,#4204,.T.);
#4204 = LINE('',#4205,#4206);
#4205 = CARTESIAN_POINT('',(3.035,-0.32,0.3));
#4206 = VECTOR('',#4207,1.);
#4207 = DIRECTION('',(-1.,1.224646799147E-16,0.));
#4208 = PLANE('',#4209);
#4209 = AXIS2_PLACEMENT_3D('',#4210,#4211,#4212);
#4210 = CARTESIAN_POINT('',(3.25,0.5,0.3));
#4211 = DIRECTION('',(0.,0.,1.));
#4212 = DIRECTION('',(-1.224646799147E-16,-1.,0.));
#4213 = ADVANCED_FACE('',(#4214),#4239,.T.);
#4214 = FACE_BOUND('',#4215,.T.);
#4215 = EDGE_LOOP('',(#4216,#4217,#4225,#4233));
#4216 = ORIENTED_EDGE('',*,*,#3835,.T.);
#4217 = ORIENTED_EDGE('',*,*,#4218,.T.);
#4218 = EDGE_CURVE('',#3838,#4219,#4221,.T.);
#4219 = VERTEX_POINT('',#4220);
#4220 = CARTESIAN_POINT('',(-0.32,-0.32,6.3));
#4221 = LINE('',#4222,#4223);
#4222 = CARTESIAN_POINT('',(-0.32,-0.32,-0.9));
#4223 = VECTOR('',#4224,1.);
#4224 = DIRECTION('',(0.,0.,1.));
#4225 = ORIENTED_EDGE('',*,*,#4226,.T.);
#4226 = EDGE_CURVE('',#4219,#4227,#4229,.T.);
#4227 = VERTEX_POINT('',#4228);
#4228 = CARTESIAN_POINT('',(-0.32,0.32,6.3));
#4229 = LINE('',#4230,#4231);
#4230 = CARTESIAN_POINT('',(-0.32,-0.32,6.3));
#4231 = VECTOR('',#4232,1.);
#4232 = DIRECTION('',(1.224646799147E-16,1.,0.));
#4233 = ORIENTED_EDGE('',*,*,#4234,.T.);
#4234 = EDGE_CURVE('',#4227,#3836,#4235,.T.);
#4235 = LINE('',#4236,#4237);
#4236 = CARTESIAN_POINT('',(-0.32,0.32,6.5));
#4237 = VECTOR('',#4238,1.);
#4238 = DIRECTION('',(-0.,0.,-1.));
#4239 = PLANE('',#4240);
#4240 = AXIS2_PLACEMENT_3D('',#4241,#4242,#4243);
#4241 = CARTESIAN_POINT('',(-0.32,3.65940088399E-02,1.522832428212));
#4242 = DIRECTION('',(-1.,1.224646799147E-16,0.));
#4243 = DIRECTION('',(0.,0.,1.));
#4244 = ADVANCED_FACE('',(#4245),#4263,.F.);
#4245 = FACE_BOUND('',#4246,.F.);
#4246 = EDGE_LOOP('',(#4247,#4255,#4256,#4257));
#4247 = ORIENTED_EDGE('',*,*,#4248,.F.);
#4248 = EDGE_CURVE('',#3854,#4249,#4251,.T.);
#4249 = VERTEX_POINT('',#4250);
#4250 = CARTESIAN_POINT('',(0.32,-0.32,6.3));
#4251 = LINE('',#4252,#4253);
#4252 = CARTESIAN_POINT('',(0.32,-0.32,-0.9));
#4253 = VECTOR('',#4254,1.);
#4254 = DIRECTION('',(0.,0.,1.));
#4255 = ORIENTED_EDGE('',*,*,#3861,.T.);
#4256 = ORIENTED_EDGE('',*,*,#4218,.T.);
#4257 = ORIENTED_EDGE('',*,*,#4258,.F.);
#4258 = EDGE_CURVE('',#4249,#4219,#4259,.T.);
#4259 = LINE('',#4260,#4261);
#4260 = CARTESIAN_POINT('',(0.32,-0.32,6.3));
#4261 = VECTOR('',#4262,1.);
#4262 = DIRECTION('',(-1.,1.224646799147E-16,0.));
#4263 = PLANE('',#4264);
#4264 = AXIS2_PLACEMENT_3D('',#4265,#4266,#4267);
#4265 = CARTESIAN_POINT('',(0.32,-0.32,-0.9));
#4266 = DIRECTION('',(1.224646799147E-16,1.,0.));
#4267 = DIRECTION('',(0.,-0.,1.));
#4268 = ADVANCED_FACE('',(#4269),#4287,.F.);
#4269 = FACE_BOUND('',#4270,.F.);
#4270 = EDGE_LOOP('',(#4271,#4272,#4273,#4281));
#4271 = ORIENTED_EDGE('',*,*,#3853,.T.);
#4272 = ORIENTED_EDGE('',*,*,#4248,.T.);
#4273 = ORIENTED_EDGE('',*,*,#4274,.T.);
#4274 = EDGE_CURVE('',#4249,#4275,#4277,.T.);
#4275 = VERTEX_POINT('',#4276);
#4276 = CARTESIAN_POINT('',(0.32,0.32,6.3));
#4277 = LINE('',#4278,#4279);
#4278 = CARTESIAN_POINT('',(0.32,-0.32,6.3));
#4279 = VECTOR('',#4280,1.);
#4280 = DIRECTION('',(1.224646799147E-16,1.,0.));
#4281 = ORIENTED_EDGE('',*,*,#4282,.T.);
#4282 = EDGE_CURVE('',#4275,#3846,#4283,.T.);
#4283 = LINE('',#4284,#4285);
#4284 = CARTESIAN_POINT('',(0.32,0.32,6.5));
#4285 = VECTOR('',#4286,1.);
#4286 = DIRECTION('',(-0.,0.,-1.));
#4287 = PLANE('',#4288);
#4288 = AXIS2_PLACEMENT_3D('',#4289,#4290,#4291);
#4289 = CARTESIAN_POINT('',(0.32,3.65940088399E-02,1.522832428212));
#4290 = DIRECTION('',(-1.,1.224646799147E-16,0.));
#4291 = DIRECTION('',(0.,0.,1.));
#4292 = ADVANCED_FACE('',(#4293),#4304,.F.);
#4293 = FACE_BOUND('',#4294,.F.);
#4294 = EDGE_LOOP('',(#4295,#4296,#4302,#4303));
#4295 = ORIENTED_EDGE('',*,*,#4282,.F.);
#4296 = ORIENTED_EDGE('',*,*,#4297,.T.);
#4297 = EDGE_CURVE('',#4275,#4227,#4298,.T.);
#4298 = LINE('',#4299,#4300);
#4299 = CARTESIAN_POINT('',(0.32,0.32,6.3));
#4300 = VECTOR('',#4301,1.);
#4301 = DIRECTION('',(-1.,1.224646799147E-16,0.));
#4302 = ORIENTED_EDGE('',*,*,#4234,.T.);
#4303 = ORIENTED_EDGE('',*,*,#3845,.T.);
#4304 = PLANE('',#4305);
#4305 = AXIS2_PLACEMENT_3D('',#4306,#4307,#4308);
#4306 = CARTESIAN_POINT('',(0.32,0.32,6.5));
#4307 = DIRECTION('',(-1.224646799147E-16,-1.,0.));
#4308 = DIRECTION('',(-0.,0.,-1.));
#4309 = ADVANCED_FACE('',(#4310),#4335,.T.);
#4310 = FACE_BOUND('',#4311,.T.);
#4311 = EDGE_LOOP('',(#4312,#4313,#4321,#4329));
#4312 = ORIENTED_EDGE('',*,*,#3869,.T.);
#4313 = ORIENTED_EDGE('',*,*,#4314,.T.);
#4314 = EDGE_CURVE('',#3872,#4315,#4317,.T.);
#4315 = VERTEX_POINT('',#4316);
#4316 = CARTESIAN_POINT('',(2.18,-0.32,6.3));
#4317 = LINE('',#4318,#4319);
#4318 = CARTESIAN_POINT('',(2.18,-0.32,-0.9));
#4319 = VECTOR('',#4320,1.);
#4320 = DIRECTION('',(0.,0.,1.));
#4321 = ORIENTED_EDGE('',*,*,#4322,.T.);
#4322 = EDGE_CURVE('',#4315,#4323,#4325,.T.);
#4323 = VERTEX_POINT('',#4324);
#4324 = CARTESIAN_POINT('',(2.18,0.32,6.3));
#4325 = LINE('',#4326,#4327);
#4326 = CARTESIAN_POINT('',(2.18,-0.32,6.3));
#4327 = VECTOR('',#4328,1.);
#4328 = DIRECTION('',(1.224646799147E-16,1.,0.));
#4329 = ORIENTED_EDGE('',*,*,#4330,.T.);
#4330 = EDGE_CURVE('',#4323,#3870,#4331,.T.);
#4331 = LINE('',#4332,#4333);
#4332 = CARTESIAN_POINT('',(2.18,0.32,6.5));
#4333 = VECTOR('',#4334,1.);
#4334 = DIRECTION('',(-0.,0.,-1.));
#4335 = PLANE('',#4336);
#4336 = AXIS2_PLACEMENT_3D('',#4337,#4338,#4339);
#4337 = CARTESIAN_POINT('',(2.18,3.65940088399E-02,1.522832428212));
#4338 = DIRECTION('',(-1.,1.224646799147E-16,0.));
#4339 = DIRECTION('',(0.,0.,1.));
#4340 = ADVANCED_FACE('',(#4341),#4359,.F.);
#4341 = FACE_BOUND('',#4342,.F.);
#4342 = EDGE_LOOP('',(#4343,#4351,#4352,#4353));
#4343 = ORIENTED_EDGE('',*,*,#4344,.F.);
#4344 = EDGE_CURVE('',#3888,#4345,#4347,.T.);
#4345 = VERTEX_POINT('',#4346);
#4346 = CARTESIAN_POINT('',(2.82,-0.32,6.3));
#4347 = LINE('',#4348,#4349);
#4348 = CARTESIAN_POINT('',(2.82,-0.32,-0.9));
#4349 = VECTOR('',#4350,1.);
#4350 = DIRECTION('',(0.,0.,1.));
#4351 = ORIENTED_EDGE('',*,*,#3895,.T.);
#4352 = ORIENTED_EDGE('',*,*,#4314,.T.);
#4353 = ORIENTED_EDGE('',*,*,#4354,.F.);
#4354 = EDGE_CURVE('',#4345,#4315,#4355,.T.);
#4355 = LINE('',#4356,#4357);
#4356 = CARTESIAN_POINT('',(2.82,-0.32,6.3));
#4357 = VECTOR('',#4358,1.);
#4358 = DIRECTION('',(-1.,1.224646799147E-16,0.));
#4359 = PLANE('',#4360);
#4360 = AXIS2_PLACEMENT_3D('',#4361,#4362,#4363);
#4361 = CARTESIAN_POINT('',(2.82,-0.32,-0.9));
#4362 = DIRECTION('',(1.224646799147E-16,1.,0.));
#4363 = DIRECTION('',(0.,-0.,1.));
#4364 = ADVANCED_FACE('',(#4365),#4383,.F.);
#4365 = FACE_BOUND('',#4366,.F.);
#4366 = EDGE_LOOP('',(#4367,#4368,#4369,#4377));
#4367 = ORIENTED_EDGE('',*,*,#3887,.T.);
#4368 = ORIENTED_EDGE('',*,*,#4344,.T.);
#4369 = ORIENTED_EDGE('',*,*,#4370,.T.);
#4370 = EDGE_CURVE('',#4345,#4371,#4373,.T.);
#4371 = VERTEX_POINT('',#4372);
#4372 = CARTESIAN_POINT('',(2.82,0.32,6.3));
#4373 = LINE('',#4374,#4375);
#4374 = CARTESIAN_POINT('',(2.82,-0.32,6.3));
#4375 = VECTOR('',#4376,1.);
#4376 = DIRECTION('',(1.224646799147E-16,1.,0.));
#4377 = ORIENTED_EDGE('',*,*,#4378,.T.);
#4378 = EDGE_CURVE('',#4371,#3880,#4379,.T.);
#4379 = LINE('',#4380,#4381);
#4380 = CARTESIAN_POINT('',(2.82,0.32,6.5));
#4381 = VECTOR('',#4382,1.);
#4382 = DIRECTION('',(-0.,0.,-1.));
#4383 = PLANE('',#4384);
#4384 = AXIS2_PLACEMENT_3D('',#4385,#4386,#4387);
#4385 = CARTESIAN_POINT('',(2.82,3.65940088399E-02,1.522832428212));
#4386 = DIRECTION('',(-1.,1.224646799147E-16,0.));
#4387 = DIRECTION('',(0.,0.,1.));
#4388 = ADVANCED_FACE('',(#4389),#4400,.F.);
#4389 = FACE_BOUND('',#4390,.F.);
#4390 = EDGE_LOOP('',(#4391,#4392,#4398,#4399));
#4391 = ORIENTED_EDGE('',*,*,#4378,.F.);
#4392 = ORIENTED_EDGE('',*,*,#4393,.T.);
#4393 = EDGE_CURVE('',#4371,#4323,#4394,.T.);
#4394 = LINE('',#4395,#4396);
#4395 = CARTESIAN_POINT('',(2.82,0.32,6.3));
#4396 = VECTOR('',#4397,1.);
#4397 = DIRECTION('',(-1.,1.224646799147E-16,0.));
#4398 = ORIENTED_EDGE('',*,*,#4330,.T.);
#4399 = ORIENTED_EDGE('',*,*,#3879,.T.);
#4400 = PLANE('',#4401);
#4401 = AXIS2_PLACEMENT_3D('',#4402,#4403,#4404);
#4402 = CARTESIAN_POINT('',(2.82,0.32,6.5));
#4403 = DIRECTION('',(-1.224646799147E-16,-1.,0.));
#4404 = DIRECTION('',(-0.,0.,-1.));
#4405 = ADVANCED_FACE('',(#4406),#4463,.T.);
#4406 = FACE_BOUND('',#4407,.T.);
#4407 = EDGE_LOOP('',(#4408,#4418,#4426,#4434,#4440,#4441,#4449,#4457));
#4408 = ORIENTED_EDGE('',*,*,#4409,.T.);
#4409 = EDGE_CURVE('',#4410,#4412,#4414,.T.);
#4410 = VERTEX_POINT('',#4411);
#4411 = CARTESIAN_POINT('',(-0.32,0.351578947368,-3.2));
#4412 = VERTEX_POINT('',#4413);
#4413 = CARTESIAN_POINT('',(-0.32,-0.288421052632,-3.2));
#4414 = LINE('',#4415,#4416);
#4415 = CARTESIAN_POINT('',(-0.32,0.32,-3.2));
#4416 = VECTOR('',#4417,1.);
#4417 = DIRECTION('',(-1.224646799147E-16,-1.,0.));
#4418 = ORIENTED_EDGE('',*,*,#4419,.T.);
#4419 = EDGE_CURVE('',#4412,#4420,#4422,.T.);
#4420 = VERTEX_POINT('',#4421);
#4421 = CARTESIAN_POINT('',(-0.32,-2.E-02,-1.5));
#4422 = LINE('',#4423,#4424);
#4423 = CARTESIAN_POINT('',(-0.32,-0.32,-3.4));
#4424 = VECTOR('',#4425,1.);
#4425 = DIRECTION('',(1.909990663905E-17,0.155962573473,0.987762965329)
  );
#4426 = ORIENTED_EDGE('',*,*,#4427,.T.);
#4427 = EDGE_CURVE('',#4420,#4428,#4430,.T.);
#4428 = VERTEX_POINT('',#4429);
#4429 = CARTESIAN_POINT('',(-0.32,-0.32,-0.9));
#4430 = LINE('',#4431,#4432);
#4431 = CARTESIAN_POINT('',(-0.32,-2.E-02,-1.5));
#4432 = VECTOR('',#4433,1.);
#4433 = DIRECTION('',(-5.476786982641E-17,-0.4472135955,0.894427191));
#4434 = ORIENTED_EDGE('',*,*,#4435,.T.);
#4435 = EDGE_CURVE('',#4428,#4134,#4436,.T.);
#4436 = LINE('',#4437,#4438);
#4437 = CARTESIAN_POINT('',(-0.32,-0.32,-0.9));
#4438 = VECTOR('',#4439,1.);
#4439 = DIRECTION('',(0.,0.,1.));
#4440 = ORIENTED_EDGE('',*,*,#4131,.F.);
#4441 = ORIENTED_EDGE('',*,*,#4442,.T.);
#4442 = EDGE_CURVE('',#4132,#4443,#4445,.T.);
#4443 = VERTEX_POINT('',#4444);
#4444 = CARTESIAN_POINT('',(-0.32,0.32,-0.9));
#4445 = LINE('',#4446,#4447);
#4446 = CARTESIAN_POINT('',(-0.32,0.32,6.5));
#4447 = VECTOR('',#4448,1.);
#4448 = DIRECTION('',(-0.,0.,-1.));
#4449 = ORIENTED_EDGE('',*,*,#4450,.T.);
#4450 = EDGE_CURVE('',#4443,#4451,#4453,.T.);
#4451 = VERTEX_POINT('',#4452);
#4452 = CARTESIAN_POINT('',(-0.32,0.62,-1.5));
#4453 = LINE('',#4454,#4455);
#4454 = CARTESIAN_POINT('',(-0.32,0.32,-0.9));
#4455 = VECTOR('',#4456,1.);
#4456 = DIRECTION('',(5.476786982641E-17,0.4472135955,-0.894427191));
#4457 = ORIENTED_EDGE('',*,*,#4458,.T.);
#4458 = EDGE_CURVE('',#4451,#4410,#4459,.T.);
#4459 = LINE('',#4460,#4461);
#4460 = CARTESIAN_POINT('',(-0.32,0.62,-1.5));
#4461 = VECTOR('',#4462,1.);
#4462 = DIRECTION('',(-1.909990663905E-17,-0.155962573473,
    -0.987762965329));
#4463 = PLANE('',#4464);
#4464 = AXIS2_PLACEMENT_3D('',#4465,#4466,#4467);
#4465 = CARTESIAN_POINT('',(-0.32,3.65940088399E-02,1.522832428212));
#4466 = DIRECTION('',(-1.,1.224646799147E-16,0.));
#4467 = DIRECTION('',(0.,0.,1.));
#4468 = ADVANCED_FACE('',(#4469),#4487,.F.);
#4469 = FACE_BOUND('',#4470,.F.);
#4470 = EDGE_LOOP('',(#4471,#4479,#4485,#4486));
#4471 = ORIENTED_EDGE('',*,*,#4472,.F.);
#4472 = EDGE_CURVE('',#4473,#4150,#4475,.T.);
#4473 = VERTEX_POINT('',#4474);
#4474 = CARTESIAN_POINT('',(0.32,-0.32,-0.9));
#4475 = LINE('',#4476,#4477);
#4476 = CARTESIAN_POINT('',(0.32,-0.32,-0.9));
#4477 = VECTOR('',#4478,1.);
#4478 = DIRECTION('',(0.,0.,1.));
#4479 = ORIENTED_EDGE('',*,*,#4480,.T.);
#4480 = EDGE_CURVE('',#4473,#4428,#4481,.T.);
#4481 = LINE('',#4482,#4483);
#4482 = CARTESIAN_POINT('',(0.32,-0.32,-0.9));
#4483 = VECTOR('',#4484,1.);
#4484 = DIRECTION('',(-1.,1.224646799147E-16,0.));
#4485 = ORIENTED_EDGE('',*,*,#4435,.T.);
#4486 = ORIENTED_EDGE('',*,*,#4157,.F.);
#4487 = PLANE('',#4488);
#4488 = AXIS2_PLACEMENT_3D('',#4489,#4490,#4491);
#4489 = CARTESIAN_POINT('',(0.32,-0.32,-0.9));
#4490 = DIRECTION('',(1.224646799147E-16,1.,0.));
#4491 = DIRECTION('',(0.,-0.,1.));
#4492 = ADVANCED_FACE('',(#4493),#4543,.F.);
#4493 = FACE_BOUND('',#4494,.F.);
#4494 = EDGE_LOOP('',(#4495,#4505,#4513,#4519,#4520,#4521,#4529,#4537));
#4495 = ORIENTED_EDGE('',*,*,#4496,.T.);
#4496 = EDGE_CURVE('',#4497,#4499,#4501,.T.);
#4497 = VERTEX_POINT('',#4498);
#4498 = CARTESIAN_POINT('',(0.32,0.351578947368,-3.2));
#4499 = VERTEX_POINT('',#4500);
#4500 = CARTESIAN_POINT('',(0.32,-0.288421052632,-3.2));
#4501 = LINE('',#4502,#4503);
#4502 = CARTESIAN_POINT('',(0.32,0.32,-3.2));
#4503 = VECTOR('',#4504,1.);
#4504 = DIRECTION('',(-1.224646799147E-16,-1.,0.));
#4505 = ORIENTED_EDGE('',*,*,#4506,.T.);
#4506 = EDGE_CURVE('',#4499,#4507,#4509,.T.);
#4507 = VERTEX_POINT('',#4508);
#4508 = CARTESIAN_POINT('',(0.32,-2.E-02,-1.5));
#4509 = LINE('',#4510,#4511);
#4510 = CARTESIAN_POINT('',(0.32,-0.32,-3.4));
#4511 = VECTOR('',#4512,1.);
#4512 = DIRECTION('',(1.909990663905E-17,0.155962573473,0.987762965329)
  );
#4513 = ORIENTED_EDGE('',*,*,#4514,.T.);
#4514 = EDGE_CURVE('',#4507,#4473,#4515,.T.);
#4515 = LINE('',#4516,#4517);
#4516 = CARTESIAN_POINT('',(0.32,-2.E-02,-1.5));
#4517 = VECTOR('',#4518,1.);
#4518 = DIRECTION('',(-5.476786982641E-17,-0.4472135955,0.894427191));
#4519 = ORIENTED_EDGE('',*,*,#4472,.T.);
#4520 = ORIENTED_EDGE('',*,*,#4149,.F.);
#4521 = ORIENTED_EDGE('',*,*,#4522,.T.);
#4522 = EDGE_CURVE('',#4142,#4523,#4525,.T.);
#4523 = VERTEX_POINT('',#4524);
#4524 = CARTESIAN_POINT('',(0.32,0.32,-0.9));
#4525 = LINE('',#4526,#4527);
#4526 = CARTESIAN_POINT('',(0.32,0.32,6.5));
#4527 = VECTOR('',#4528,1.);
#4528 = DIRECTION('',(-0.,0.,-1.));
#4529 = ORIENTED_EDGE('',*,*,#4530,.T.);
#4530 = EDGE_CURVE('',#4523,#4531,#4533,.T.);
#4531 = VERTEX_POINT('',#4532);
#4532 = CARTESIAN_POINT('',(0.32,0.62,-1.5));
#4533 = LINE('',#4534,#4535);
#4534 = CARTESIAN_POINT('',(0.32,0.32,-0.9));
#4535 = VECTOR('',#4536,1.);
#4536 = DIRECTION('',(5.476786982641E-17,0.4472135955,-0.894427191));
#4537 = ORIENTED_EDGE('',*,*,#4538,.T.);
#4538 = EDGE_CURVE('',#4531,#4497,#4539,.T.);
#4539 = LINE('',#4540,#4541);
#4540 = CARTESIAN_POINT('',(0.32,0.62,-1.5));
#4541 = VECTOR('',#4542,1.);
#4542 = DIRECTION('',(-1.909990663905E-17,-0.155962573473,
    -0.987762965329));
#4543 = PLANE('',#4544);
#4544 = AXIS2_PLACEMENT_3D('',#4545,#4546,#4547);
#4545 = CARTESIAN_POINT('',(0.32,3.65940088399E-02,1.522832428212));
#4546 = DIRECTION('',(-1.,1.224646799147E-16,0.));
#4547 = DIRECTION('',(0.,0.,1.));
#4548 = ADVANCED_FACE('',(#4549),#4560,.F.);
#4549 = FACE_BOUND('',#4550,.F.);
#4550 = EDGE_LOOP('',(#4551,#4552,#4553,#4554));
#4551 = ORIENTED_EDGE('',*,*,#4522,.F.);
#4552 = ORIENTED_EDGE('',*,*,#4141,.F.);
#4553 = ORIENTED_EDGE('',*,*,#4442,.T.);
#4554 = ORIENTED_EDGE('',*,*,#4555,.F.);
#4555 = EDGE_CURVE('',#4523,#4443,#4556,.T.);
#4556 = LINE('',#4557,#4558);
#4557 = CARTESIAN_POINT('',(0.32,0.32,-0.9));
#4558 = VECTOR('',#4559,1.);
#4559 = DIRECTION('',(-1.,1.224646799147E-16,0.));
#4560 = PLANE('',#4561);
#4561 = AXIS2_PLACEMENT_3D('',#4562,#4563,#4564);
#4562 = CARTESIAN_POINT('',(0.32,0.32,6.5));
#4563 = DIRECTION('',(-1.224646799147E-16,-1.,0.));
#4564 = DIRECTION('',(-0.,0.,-1.));
#4565 = ADVANCED_FACE('',(#4566),#4623,.T.);
#4566 = FACE_BOUND('',#4567,.T.);
#4567 = EDGE_LOOP('',(#4568,#4578,#4586,#4594,#4600,#4601,#4609,#4617));
#4568 = ORIENTED_EDGE('',*,*,#4569,.T.);
#4569 = EDGE_CURVE('',#4570,#4572,#4574,.T.);
#4570 = VERTEX_POINT('',#4571);
#4571 = CARTESIAN_POINT('',(2.18,0.351578947368,-3.2));
#4572 = VERTEX_POINT('',#4573);
#4573 = CARTESIAN_POINT('',(2.18,-0.288421052632,-3.2));
#4574 = LINE('',#4575,#4576);
#4575 = CARTESIAN_POINT('',(2.18,0.32,-3.2));
#4576 = VECTOR('',#4577,1.);
#4577 = DIRECTION('',(-1.224646799147E-16,-1.,0.));
#4578 = ORIENTED_EDGE('',*,*,#4579,.T.);
#4579 = EDGE_CURVE('',#4572,#4580,#4582,.T.);
#4580 = VERTEX_POINT('',#4581);
#4581 = CARTESIAN_POINT('',(2.18,-2.E-02,-1.5));
#4582 = LINE('',#4583,#4584);
#4583 = CARTESIAN_POINT('',(2.18,-0.32,-3.4));
#4584 = VECTOR('',#4585,1.);
#4585 = DIRECTION('',(1.909990663905E-17,0.155962573473,0.987762965329)
  );
#4586 = ORIENTED_EDGE('',*,*,#4587,.T.);
#4587 = EDGE_CURVE('',#4580,#4588,#4590,.T.);
#4588 = VERTEX_POINT('',#4589);
#4589 = CARTESIAN_POINT('',(2.18,-0.32,-0.9));
#4590 = LINE('',#4591,#4592);
#4591 = CARTESIAN_POINT('',(2.18,-2.E-02,-1.5));
#4592 = VECTOR('',#4593,1.);
#4593 = DIRECTION('',(-5.476786982641E-17,-0.4472135955,0.894427191));
#4594 = ORIENTED_EDGE('',*,*,#4595,.T.);
#4595 = EDGE_CURVE('',#4588,#4180,#4596,.T.);
#4596 = LINE('',#4597,#4598);
#4597 = CARTESIAN_POINT('',(2.18,-0.32,-0.9));
#4598 = VECTOR('',#4599,1.);
#4599 = DIRECTION('',(0.,0.,1.));
#4600 = ORIENTED_EDGE('',*,*,#4177,.F.);
#4601 = ORIENTED_EDGE('',*,*,#4602,.T.);
#4602 = EDGE_CURVE('',#4178,#4603,#4605,.T.);
#4603 = VERTEX_POINT('',#4604);
#4604 = CARTESIAN_POINT('',(2.18,0.32,-0.9));
#4605 = LINE('',#4606,#4607);
#4606 = CARTESIAN_POINT('',(2.18,0.32,6.5));
#4607 = VECTOR('',#4608,1.);
#4608 = DIRECTION('',(-0.,0.,-1.));
#4609 = ORIENTED_EDGE('',*,*,#4610,.T.);
#4610 = EDGE_CURVE('',#4603,#4611,#4613,.T.);
#4611 = VERTEX_POINT('',#4612);
#4612 = CARTESIAN_POINT('',(2.18,0.62,-1.5));
#4613 = LINE('',#4614,#4615);
#4614 = CARTESIAN_POINT('',(2.18,0.32,-0.9));
#4615 = VECTOR('',#4616,1.);
#4616 = DIRECTION('',(5.476786982641E-17,0.4472135955,-0.894427191));
#4617 = ORIENTED_EDGE('',*,*,#4618,.T.);
#4618 = EDGE_CURVE('',#4611,#4570,#4619,.T.);
#4619 = LINE('',#4620,#4621);
#4620 = CARTESIAN_POINT('',(2.18,0.62,-1.5));
#4621 = VECTOR('',#4622,1.);
#4622 = DIRECTION('',(-1.909990663905E-17,-0.155962573473,
    -0.987762965329));
#4623 = PLANE('',#4624);
#4624 = AXIS2_PLACEMENT_3D('',#4625,#4626,#4627);
#4625 = CARTESIAN_POINT('',(2.18,3.65940088399E-02,1.522832428212));
#4626 = DIRECTION('',(-1.,1.224646799147E-16,0.));
#4627 = DIRECTION('',(0.,0.,1.));
#4628 = ADVANCED_FACE('',(#4629),#4647,.F.);
#4629 = FACE_BOUND('',#4630,.F.);
#4630 = EDGE_LOOP('',(#4631,#4639,#4645,#4646));
#4631 = ORIENTED_EDGE('',*,*,#4632,.F.);
#4632 = EDGE_CURVE('',#4633,#4196,#4635,.T.);
#4633 = VERTEX_POINT('',#4634);
#4634 = CARTESIAN_POINT('',(2.82,-0.32,-0.9));
#4635 = LINE('',#4636,#4637);
#4636 = CARTESIAN_POINT('',(2.82,-0.32,-0.9));
#4637 = VECTOR('',#4638,1.);
#4638 = DIRECTION('',(0.,0.,1.));
#4639 = ORIENTED_EDGE('',*,*,#4640,.T.);
#4640 = EDGE_CURVE('',#4633,#4588,#4641,.T.);
#4641 = LINE('',#4642,#4643);
#4642 = CARTESIAN_POINT('',(2.82,-0.32,-0.9));
#4643 = VECTOR('',#4644,1.);
#4644 = DIRECTION('',(-1.,1.224646799147E-16,0.));
#4645 = ORIENTED_EDGE('',*,*,#4595,.T.);
#4646 = ORIENTED_EDGE('',*,*,#4203,.F.);
#4647 = PLANE('',#4648);
#4648 = AXIS2_PLACEMENT_3D('',#4649,#4650,#4651);
#4649 = CARTESIAN_POINT('',(2.82,-0.32,-0.9));
#4650 = DIRECTION('',(1.224646799147E-16,1.,0.));
#4651 = DIRECTION('',(0.,-0.,1.));
#4652 = ADVANCED_FACE('',(#4653),#4703,.F.);
#4653 = FACE_BOUND('',#4654,.F.);
#4654 = EDGE_LOOP('',(#4655,#4665,#4673,#4679,#4680,#4681,#4689,#4697));
#4655 = ORIENTED_EDGE('',*,*,#4656,.T.);
#4656 = EDGE_CURVE('',#4657,#4659,#4661,.T.);
#4657 = VERTEX_POINT('',#4658);
#4658 = CARTESIAN_POINT('',(2.82,0.351578947368,-3.2));
#4659 = VERTEX_POINT('',#4660);
#4660 = CARTESIAN_POINT('',(2.82,-0.288421052632,-3.2));
#4661 = LINE('',#4662,#4663);
#4662 = CARTESIAN_POINT('',(2.82,0.32,-3.2));
#4663 = VECTOR('',#4664,1.);
#4664 = DIRECTION('',(-1.224646799147E-16,-1.,0.));
#4665 = ORIENTED_EDGE('',*,*,#4666,.T.);
#4666 = EDGE_CURVE('',#4659,#4667,#4669,.T.);
#4667 = VERTEX_POINT('',#4668);
#4668 = CARTESIAN_POINT('',(2.82,-2.E-02,-1.5));
#4669 = LINE('',#4670,#4671);
#4670 = CARTESIAN_POINT('',(2.82,-0.32,-3.4));
#4671 = VECTOR('',#4672,1.);
#4672 = DIRECTION('',(1.909990663905E-17,0.155962573473,0.987762965329)
  );
#4673 = ORIENTED_EDGE('',*,*,#4674,.T.);
#4674 = EDGE_CURVE('',#4667,#4633,#4675,.T.);
#4675 = LINE('',#4676,#4677);
#4676 = CARTESIAN_POINT('',(2.82,-2.E-02,-1.5));
#4677 = VECTOR('',#4678,1.);
#4678 = DIRECTION('',(-5.476786982641E-17,-0.4472135955,0.894427191));
#4679 = ORIENTED_EDGE('',*,*,#4632,.T.);
#4680 = ORIENTED_EDGE('',*,*,#4195,.F.);
#4681 = ORIENTED_EDGE('',*,*,#4682,.T.);
#4682 = EDGE_CURVE('',#4188,#4683,#4685,.T.);
#4683 = VERTEX_POINT('',#4684);
#4684 = CARTESIAN_POINT('',(2.82,0.32,-0.9));
#4685 = LINE('',#4686,#4687);
#4686 = CARTESIAN_POINT('',(2.82,0.32,6.5));
#4687 = VECTOR('',#4688,1.);
#4688 = DIRECTION('',(-0.,0.,-1.));
#4689 = ORIENTED_EDGE('',*,*,#4690,.T.);
#4690 = EDGE_CURVE('',#4683,#4691,#4693,.T.);
#4691 = VERTEX_POINT('',#4692);
#4692 = CARTESIAN_POINT('',(2.82,0.62,-1.5));
#4693 = LINE('',#4694,#4695);
#4694 = CARTESIAN_POINT('',(2.82,0.32,-0.9));
#4695 = VECTOR('',#4696,1.);
#4696 = DIRECTION('',(5.476786982641E-17,0.4472135955,-0.894427191));
#4697 = ORIENTED_EDGE('',*,*,#4698,.T.);
#4698 = EDGE_CURVE('',#4691,#4657,#4699,.T.);
#4699 = LINE('',#4700,#4701);
#4700 = CARTESIAN_POINT('',(2.82,0.62,-1.5));
#4701 = VECTOR('',#4702,1.);
#4702 = DIRECTION('',(-1.909990663905E-17,-0.155962573473,
    -0.987762965329));
#4703 = PLANE('',#4704);
#4704 = AXIS2_PLACEMENT_3D('',#4705,#4706,#4707);
#4705 = CARTESIAN_POINT('',(2.82,3.65940088399E-02,1.522832428212));
#4706 = DIRECTION('',(-1.,1.224646799147E-16,0.));
#4707 = DIRECTION('',(0.,0.,1.));
#4708 = ADVANCED_FACE('',(#4709),#4720,.F.);
#4709 = FACE_BOUND('',#4710,.F.);
#4710 = EDGE_LOOP('',(#4711,#4712,#4713,#4714));
#4711 = ORIENTED_EDGE('',*,*,#4682,.F.);
#4712 = ORIENTED_EDGE('',*,*,#4187,.F.);
#4713 = ORIENTED_EDGE('',*,*,#4602,.T.);
#4714 = ORIENTED_EDGE('',*,*,#4715,.F.);
#4715 = EDGE_CURVE('',#4683,#4603,#4716,.T.);
#4716 = LINE('',#4717,#4718);
#4717 = CARTESIAN_POINT('',(2.82,0.32,-0.9));
#4718 = VECTOR('',#4719,1.);
#4719 = DIRECTION('',(-1.,1.224646799147E-16,0.));
#4720 = PLANE('',#4721);
#4721 = AXIS2_PLACEMENT_3D('',#4722,#4723,#4724);
#4722 = CARTESIAN_POINT('',(2.82,0.32,6.5));
#4723 = DIRECTION('',(-1.224646799147E-16,-1.,0.));
#4724 = DIRECTION('',(-0.,0.,-1.));
#4725 = ADVANCED_FACE('',(#4726),#4751,.F.);
#4726 = FACE_BOUND('',#4727,.T.);
#4727 = EDGE_LOOP('',(#4728,#4736,#4744,#4750));
#4728 = ORIENTED_EDGE('',*,*,#4729,.F.);
#4729 = EDGE_CURVE('',#4730,#4219,#4732,.T.);
#4730 = VERTEX_POINT('',#4731);
#4731 = CARTESIAN_POINT('',(-0.12,-0.12,6.5));
#4732 = LINE('',#4733,#4734);
#4733 = CARTESIAN_POINT('',(-0.146666666667,-0.146666666667,
    6.473333333333));
#4734 = VECTOR('',#4735,1.);
#4735 = DIRECTION('',(-0.57735026919,-0.57735026919,-0.57735026919));
#4736 = ORIENTED_EDGE('',*,*,#4737,.T.);
#4737 = EDGE_CURVE('',#4730,#4738,#4740,.T.);
#4738 = VERTEX_POINT('',#4739);
#4739 = CARTESIAN_POINT('',(-0.12,0.12,6.5));
#4740 = LINE('',#4741,#4742);
#4741 = CARTESIAN_POINT('',(-0.12,-0.32,6.5));
#4742 = VECTOR('',#4743,1.);
#4743 = DIRECTION('',(1.224646799147E-16,1.,0.));
#4744 = ORIENTED_EDGE('',*,*,#4745,.T.);
#4745 = EDGE_CURVE('',#4738,#4227,#4746,.T.);
#4746 = LINE('',#4747,#4748);
#4747 = CARTESIAN_POINT('',(-4.E-02,4.E-02,6.58));
#4748 = VECTOR('',#4749,1.);
#4749 = DIRECTION('',(-0.57735026919,0.57735026919,-0.57735026919));
#4750 = ORIENTED_EDGE('',*,*,#4226,.F.);
#4751 = PLANE('',#4752);
#4752 = AXIS2_PLACEMENT_3D('',#4753,#4754,#4755);
#4753 = CARTESIAN_POINT('',(-0.22,-0.32,6.4));
#4754 = DIRECTION('',(0.707106781187,-8.486018839685E-17,-0.707106781187
    ));
#4755 = DIRECTION('',(-1.212375546256E-16,-1.,-1.227125289196E-18));
#4756 = ADVANCED_FACE('',(#4757),#4775,.T.);
#4757 = FACE_BOUND('',#4758,.F.);
#4758 = EDGE_LOOP('',(#4759,#4767,#4768,#4769));
#4759 = ORIENTED_EDGE('',*,*,#4760,.T.);
#4760 = EDGE_CURVE('',#4761,#4249,#4763,.T.);
#4761 = VERTEX_POINT('',#4762);
#4762 = CARTESIAN_POINT('',(0.12,-0.12,6.5));
#4763 = LINE('',#4764,#4765);
#4764 = CARTESIAN_POINT('',(0.253333333333,-0.253333333333,
    6.366666666667));
#4765 = VECTOR('',#4766,1.);
#4766 = DIRECTION('',(0.57735026919,-0.57735026919,-0.57735026919));
#4767 = ORIENTED_EDGE('',*,*,#4258,.T.);
#4768 = ORIENTED_EDGE('',*,*,#4729,.F.);
#4769 = ORIENTED_EDGE('',*,*,#4770,.F.);
#4770 = EDGE_CURVE('',#4761,#4730,#4771,.T.);
#4771 = LINE('',#4772,#4773);
#4772 = CARTESIAN_POINT('',(0.32,-0.12,6.5));
#4773 = VECTOR('',#4774,1.);
#4774 = DIRECTION('',(-1.,1.224646799147E-16,0.));
#4775 = PLANE('',#4776);
#4776 = AXIS2_PLACEMENT_3D('',#4777,#4778,#4779);
#4777 = CARTESIAN_POINT('',(0.32,-0.22,6.4));
#4778 = DIRECTION('',(-8.833102285013E-17,-0.707106781187,0.707106781187
    ));
#4779 = DIRECTION('',(1.,-1.236918052038E-16,1.227125289097E-18));
#4780 = ADVANCED_FACE('',(#4781),#4799,.T.);
#4781 = FACE_BOUND('',#4782,.F.);
#4782 = EDGE_LOOP('',(#4783,#4784,#4792,#4798));
#4783 = ORIENTED_EDGE('',*,*,#4760,.F.);
#4784 = ORIENTED_EDGE('',*,*,#4785,.T.);
#4785 = EDGE_CURVE('',#4761,#4786,#4788,.T.);
#4786 = VERTEX_POINT('',#4787);
#4787 = CARTESIAN_POINT('',(0.12,0.12,6.5));
#4788 = LINE('',#4789,#4790);
#4789 = CARTESIAN_POINT('',(0.12,-0.32,6.5));
#4790 = VECTOR('',#4791,1.);
#4791 = DIRECTION('',(1.224646799147E-16,1.,0.));
#4792 = ORIENTED_EDGE('',*,*,#4793,.T.);
#4793 = EDGE_CURVE('',#4786,#4275,#4794,.T.);
#4794 = LINE('',#4795,#4796);
#4795 = CARTESIAN_POINT('',(0.146666666667,0.146666666667,6.473333333333
    ));
#4796 = VECTOR('',#4797,1.);
#4797 = DIRECTION('',(0.57735026919,0.57735026919,-0.57735026919));
#4798 = ORIENTED_EDGE('',*,*,#4274,.F.);
#4799 = PLANE('',#4800);
#4800 = AXIS2_PLACEMENT_3D('',#4801,#4802,#4803);
#4801 = CARTESIAN_POINT('',(0.22,-0.32,6.4));
#4802 = DIRECTION('',(0.707106781187,-8.833102285013E-17,0.707106781187)
  );
#4803 = DIRECTION('',(-1.236918052038E-16,-1.,-1.227125289097E-18));
#4804 = ADVANCED_FACE('',(#4805),#4816,.T.);
#4805 = FACE_BOUND('',#4806,.F.);
#4806 = EDGE_LOOP('',(#4807,#4808,#4814,#4815));
#4807 = ORIENTED_EDGE('',*,*,#4793,.F.);
#4808 = ORIENTED_EDGE('',*,*,#4809,.T.);
#4809 = EDGE_CURVE('',#4786,#4738,#4810,.T.);
#4810 = LINE('',#4811,#4812);
#4811 = CARTESIAN_POINT('',(0.32,0.12,6.5));
#4812 = VECTOR('',#4813,1.);
#4813 = DIRECTION('',(-1.,1.224646799147E-16,0.));
#4814 = ORIENTED_EDGE('',*,*,#4745,.T.);
#4815 = ORIENTED_EDGE('',*,*,#4297,.F.);
#4816 = PLANE('',#4817);
#4817 = AXIS2_PLACEMENT_3D('',#4818,#4819,#4820);
#4818 = CARTESIAN_POINT('',(0.32,0.22,6.4));
#4819 = DIRECTION('',(8.833102285013E-17,0.707106781187,0.707106781187)
  );
#4820 = DIRECTION('',(1.,-1.236918052038E-16,-1.227125289097E-18));
#4821 = ADVANCED_FACE('',(#4822),#4847,.F.);
#4822 = FACE_BOUND('',#4823,.T.);
#4823 = EDGE_LOOP('',(#4824,#4832,#4840,#4846));
#4824 = ORIENTED_EDGE('',*,*,#4825,.F.);
#4825 = EDGE_CURVE('',#4826,#4315,#4828,.T.);
#4826 = VERTEX_POINT('',#4827);
#4827 = CARTESIAN_POINT('',(2.38,-0.12,6.5));
#4828 = LINE('',#4829,#4830);
#4829 = CARTESIAN_POINT('',(2.353333333333,-0.146666666667,
    6.473333333333));
#4830 = VECTOR('',#4831,1.);
#4831 = DIRECTION('',(-0.57735026919,-0.57735026919,-0.57735026919));
#4832 = ORIENTED_EDGE('',*,*,#4833,.T.);
#4833 = EDGE_CURVE('',#4826,#4834,#4836,.T.);
#4834 = VERTEX_POINT('',#4835);
#4835 = CARTESIAN_POINT('',(2.38,0.12,6.5));
#4836 = LINE('',#4837,#4838);
#4837 = CARTESIAN_POINT('',(2.38,-0.32,6.5));
#4838 = VECTOR('',#4839,1.);
#4839 = DIRECTION('',(1.224646799147E-16,1.,0.));
#4840 = ORIENTED_EDGE('',*,*,#4841,.T.);
#4841 = EDGE_CURVE('',#4834,#4323,#4842,.T.);
#4842 = LINE('',#4843,#4844);
#4843 = CARTESIAN_POINT('',(2.46,4.E-02,6.58));
#4844 = VECTOR('',#4845,1.);
#4845 = DIRECTION('',(-0.57735026919,0.57735026919,-0.57735026919));
#4846 = ORIENTED_EDGE('',*,*,#4322,.F.);
#4847 = PLANE('',#4848);
#4848 = AXIS2_PLACEMENT_3D('',#4849,#4850,#4851);
#4849 = CARTESIAN_POINT('',(2.28,-0.32,6.4));
#4850 = DIRECTION('',(0.707106781187,-8.486018839685E-17,-0.707106781187
    ));
#4851 = DIRECTION('',(-1.212375546256E-16,-1.,-1.227125289196E-18));
#4852 = ADVANCED_FACE('',(#4853),#4871,.T.);
#4853 = FACE_BOUND('',#4854,.F.);
#4854 = EDGE_LOOP('',(#4855,#4863,#4864,#4865));
#4855 = ORIENTED_EDGE('',*,*,#4856,.T.);
#4856 = EDGE_CURVE('',#4857,#4345,#4859,.T.);
#4857 = VERTEX_POINT('',#4858);
#4858 = CARTESIAN_POINT('',(2.62,-0.12,6.5));
#4859 = LINE('',#4860,#4861);
#4860 = CARTESIAN_POINT('',(2.753333333333,-0.253333333333,
    6.366666666667));
#4861 = VECTOR('',#4862,1.);
#4862 = DIRECTION('',(0.57735026919,-0.57735026919,-0.57735026919));
#4863 = ORIENTED_EDGE('',*,*,#4354,.T.);
#4864 = ORIENTED_EDGE('',*,*,#4825,.F.);
#4865 = ORIENTED_EDGE('',*,*,#4866,.F.);
#4866 = EDGE_CURVE('',#4857,#4826,#4867,.T.);
#4867 = LINE('',#4868,#4869);
#4868 = CARTESIAN_POINT('',(2.82,-0.12,6.5));
#4869 = VECTOR('',#4870,1.);
#4870 = DIRECTION('',(-1.,1.224646799147E-16,0.));
#4871 = PLANE('',#4872);
#4872 = AXIS2_PLACEMENT_3D('',#4873,#4874,#4875);
#4873 = CARTESIAN_POINT('',(2.82,-0.22,6.4));
#4874 = DIRECTION('',(-8.833102285013E-17,-0.707106781187,0.707106781187
    ));
#4875 = DIRECTION('',(1.,-1.236918052038E-16,1.227125289097E-18));
#4876 = ADVANCED_FACE('',(#4877),#4895,.T.);
#4877 = FACE_BOUND('',#4878,.F.);
#4878 = EDGE_LOOP('',(#4879,#4880,#4888,#4894));
#4879 = ORIENTED_EDGE('',*,*,#4856,.F.);
#4880 = ORIENTED_EDGE('',*,*,#4881,.T.);
#4881 = EDGE_CURVE('',#4857,#4882,#4884,.T.);
#4882 = VERTEX_POINT('',#4883);
#4883 = CARTESIAN_POINT('',(2.62,0.12,6.5));
#4884 = LINE('',#4885,#4886);
#4885 = CARTESIAN_POINT('',(2.62,-0.32,6.5));
#4886 = VECTOR('',#4887,1.);
#4887 = DIRECTION('',(1.224646799147E-16,1.,0.));
#4888 = ORIENTED_EDGE('',*,*,#4889,.T.);
#4889 = EDGE_CURVE('',#4882,#4371,#4890,.T.);
#4890 = LINE('',#4891,#4892);
#4891 = CARTESIAN_POINT('',(2.646666666667,0.146666666667,6.473333333333
    ));
#4892 = VECTOR('',#4893,1.);
#4893 = DIRECTION('',(0.57735026919,0.57735026919,-0.57735026919));
#4894 = ORIENTED_EDGE('',*,*,#4370,.F.);
#4895 = PLANE('',#4896);
#4896 = AXIS2_PLACEMENT_3D('',#4897,#4898,#4899);
#4897 = CARTESIAN_POINT('',(2.72,-0.32,6.4));
#4898 = DIRECTION('',(0.707106781187,-8.833102285013E-17,0.707106781187)
  );
#4899 = DIRECTION('',(-1.236918052038E-16,-1.,-1.227125289097E-18));
#4900 = ADVANCED_FACE('',(#4901),#4912,.T.);
#4901 = FACE_BOUND('',#4902,.F.);
#4902 = EDGE_LOOP('',(#4903,#4904,#4910,#4911));
#4903 = ORIENTED_EDGE('',*,*,#4889,.F.);
#4904 = ORIENTED_EDGE('',*,*,#4905,.T.);
#4905 = EDGE_CURVE('',#4882,#4834,#4906,.T.);
#4906 = LINE('',#4907,#4908);
#4907 = CARTESIAN_POINT('',(2.82,0.12,6.5));
#4908 = VECTOR('',#4909,1.);
#4909 = DIRECTION('',(-1.,1.224646799147E-16,0.));
#4910 = ORIENTED_EDGE('',*,*,#4841,.T.);
#4911 = ORIENTED_EDGE('',*,*,#4393,.F.);
#4912 = PLANE('',#4913);
#4913 = AXIS2_PLACEMENT_3D('',#4914,#4915,#4916);
#4914 = CARTESIAN_POINT('',(2.82,0.22,6.4));
#4915 = DIRECTION('',(8.833102285013E-17,0.707106781187,0.707106781187)
  );
#4916 = DIRECTION('',(1.,-1.236918052038E-16,-1.227125289097E-18));
#4917 = ADVANCED_FACE('',(#4918),#4959,.F.);
#4918 = FACE_BOUND('',#4919,.T.);
#4919 = EDGE_LOOP('',(#4920,#4930,#4936,#4937,#4945,#4953));
#4920 = ORIENTED_EDGE('',*,*,#4921,.T.);
#4921 = EDGE_CURVE('',#4922,#4924,#4926,.T.);
#4922 = VERTEX_POINT('',#4923);
#4923 = CARTESIAN_POINT('',(-0.12,-0.12,-3.4));
#4924 = VERTEX_POINT('',#4925);
#4925 = CARTESIAN_POINT('',(-0.317552593066,-0.288807485305,
    -3.202447406934));
#4926 = LINE('',#4927,#4928);
#4927 = CARTESIAN_POINT('',(-3.848855660758E-02,-5.034896900541E-02,
    -3.481511443392));
#4928 = VECTOR('',#4929,1.);
#4929 = DIRECTION('',(-0.605209817607,-0.517148096144,0.605209817607));
#4930 = ORIENTED_EDGE('',*,*,#4931,.T.);
#4931 = EDGE_CURVE('',#4924,#4412,#4932,.T.);
#4932 = LINE('',#4933,#4934);
#4933 = CARTESIAN_POINT('',(-8.569083447332E-02,-0.325417236662,
    -3.434309165527));
#4934 = VECTOR('',#4935,1.);
#4935 = DIRECTION('',(-0.702740385383,0.110959008218,0.702740385383));
#4936 = ORIENTED_EDGE('',*,*,#4409,.F.);
#4937 = ORIENTED_EDGE('',*,*,#4938,.F.);
#4938 = EDGE_CURVE('',#4939,#4410,#4941,.T.);
#4939 = VERTEX_POINT('',#4940);
#4940 = CARTESIAN_POINT('',(-0.317552593066,0.351192514695,
    -3.202447406934));
#4941 = LINE('',#4942,#4943);
#4942 = CARTESIAN_POINT('',(-0.541586867305,0.386566347469,
    -2.978413132695));
#4943 = VECTOR('',#4944,1.);
#4944 = DIRECTION('',(-0.702740385383,0.110959008218,0.702740385383));
#4945 = ORIENTED_EDGE('',*,*,#4946,.F.);
#4946 = EDGE_CURVE('',#4947,#4939,#4949,.T.);
#4947 = VERTEX_POINT('',#4948);
#4948 = CARTESIAN_POINT('',(-0.12,0.12,-3.4));
#4949 = LINE('',#4950,#4951);
#4950 = CARTESIAN_POINT('',(-0.153849098111,0.159613036666,
    -3.366150901889));
#4951 = VECTOR('',#4952,1.);
#4952 = DIRECTION('',(-0.544770019249,0.63753529491,0.544770019249));
#4953 = ORIENTED_EDGE('',*,*,#4954,.T.);
#4954 = EDGE_CURVE('',#4947,#4922,#4955,.T.);
#4955 = LINE('',#4956,#4957);
#4956 = CARTESIAN_POINT('',(-0.12,0.32,-3.4));
#4957 = VECTOR('',#4958,1.);
#4958 = DIRECTION('',(-1.224646799147E-16,-1.,0.));
#4959 = PLANE('',#4960);
#4960 = AXIS2_PLACEMENT_3D('',#4961,#4962,#4963);
#4961 = CARTESIAN_POINT('',(-0.22,0.32,-3.3));
#4962 = DIRECTION('',(0.707106781187,-8.833102285013E-17,0.707106781187)
  );
#4963 = DIRECTION('',(1.236918052038E-16,1.,1.227125289097E-18));
#4964 = ADVANCED_FACE('',(#4965),#4990,.F.);
#4965 = FACE_BOUND('',#4966,.F.);
#4966 = EDGE_LOOP('',(#4967,#4968,#4974,#4975,#4976,#4984));
#4967 = ORIENTED_EDGE('',*,*,#4538,.F.);
#4968 = ORIENTED_EDGE('',*,*,#4969,.T.);
#4969 = EDGE_CURVE('',#4531,#4451,#4970,.T.);
#4970 = LINE('',#4971,#4972);
#4971 = CARTESIAN_POINT('',(0.32,0.62,-1.5));
#4972 = VECTOR('',#4973,1.);
#4973 = DIRECTION('',(-1.,1.224646799147E-16,0.));
#4974 = ORIENTED_EDGE('',*,*,#4458,.T.);
#4975 = ORIENTED_EDGE('',*,*,#4938,.F.);
#4976 = ORIENTED_EDGE('',*,*,#4977,.F.);
#4977 = EDGE_CURVE('',#4978,#4939,#4980,.T.);
#4978 = VERTEX_POINT('',#4979);
#4979 = CARTESIAN_POINT('',(0.317552593066,0.351192514695,
    -3.202447406934));
#4980 = LINE('',#4981,#4982);
#4981 = CARTESIAN_POINT('',(0.32,0.351192514695,-3.202447406934));
#4982 = VECTOR('',#4983,1.);
#4983 = DIRECTION('',(-1.,1.224646799147E-16,0.));
#4984 = ORIENTED_EDGE('',*,*,#4985,.T.);
#4985 = EDGE_CURVE('',#4978,#4497,#4986,.T.);
#4986 = LINE('',#4987,#4988);
#4987 = CARTESIAN_POINT('',(0.699616963064,0.411518467852,
    -2.820383036936));
#4988 = VECTOR('',#4989,1.);
#4989 = DIRECTION('',(0.702740385383,0.110959008218,0.702740385383));
#4990 = PLANE('',#4991);
#4991 = AXIS2_PLACEMENT_3D('',#4992,#4993,#4994);
#4992 = CARTESIAN_POINT('',(0.32,0.62,-1.5));
#4993 = DIRECTION('',(-1.209660753807E-16,-0.987762965329,0.155962573473
    ));
#4994 = DIRECTION('',(-1.909990663905E-17,-0.155962573473,
    -0.987762965329));
#4995 = ADVANCED_FACE('',(#4996),#5002,.F.);
#4996 = FACE_BOUND('',#4997,.F.);
#4997 = EDGE_LOOP('',(#4998,#4999,#5000,#5001));
#4998 = ORIENTED_EDGE('',*,*,#4555,.T.);
#4999 = ORIENTED_EDGE('',*,*,#4450,.T.);
#5000 = ORIENTED_EDGE('',*,*,#4969,.F.);
#5001 = ORIENTED_EDGE('',*,*,#4530,.F.);
#5002 = PLANE('',#5003);
#5003 = AXIS2_PLACEMENT_3D('',#5004,#5005,#5006);
#5004 = CARTESIAN_POINT('',(0.32,0.32,-0.9));
#5005 = DIRECTION('',(-1.095357396528E-16,-0.894427191,-0.4472135955));
#5006 = DIRECTION('',(5.476786982641E-17,0.4472135955,-0.894427191));
#5007 = ADVANCED_FACE('',(#5008),#5019,.F.);
#5008 = FACE_BOUND('',#5009,.F.);
#5009 = EDGE_LOOP('',(#5010,#5016,#5017,#5018));
#5010 = ORIENTED_EDGE('',*,*,#5011,.T.);
#5011 = EDGE_CURVE('',#4507,#4420,#5012,.T.);
#5012 = LINE('',#5013,#5014);
#5013 = CARTESIAN_POINT('',(0.32,-2.E-02,-1.5));
#5014 = VECTOR('',#5015,1.);
#5015 = DIRECTION('',(-1.,1.224646799147E-16,0.));
#5016 = ORIENTED_EDGE('',*,*,#4427,.T.);
#5017 = ORIENTED_EDGE('',*,*,#4480,.F.);
#5018 = ORIENTED_EDGE('',*,*,#4514,.F.);
#5019 = PLANE('',#5020);
#5020 = AXIS2_PLACEMENT_3D('',#5021,#5022,#5023);
#5021 = CARTESIAN_POINT('',(0.32,-2.E-02,-1.5));
#5022 = DIRECTION('',(1.095357396528E-16,0.894427191,0.4472135955));
#5023 = DIRECTION('',(-5.476786982641E-17,-0.4472135955,0.894427191));
#5024 = ADVANCED_FACE('',(#5025),#5045,.F.);
#5025 = FACE_BOUND('',#5026,.F.);
#5026 = EDGE_LOOP('',(#5027,#5028,#5036,#5042,#5043,#5044));
#5027 = ORIENTED_EDGE('',*,*,#4506,.F.);
#5028 = ORIENTED_EDGE('',*,*,#5029,.F.);
#5029 = EDGE_CURVE('',#5030,#4499,#5032,.T.);
#5030 = VERTEX_POINT('',#5031);
#5031 = CARTESIAN_POINT('',(0.317552593066,-0.288807485305,
    -3.202447406934));
#5032 = LINE('',#5033,#5034);
#5033 = CARTESIAN_POINT('',(0.243720930233,-0.300465116279,
    -3.276279069767));
#5034 = VECTOR('',#5035,1.);
#5035 = DIRECTION('',(0.702740385383,0.110959008218,0.702740385383));
#5036 = ORIENTED_EDGE('',*,*,#5037,.T.);
#5037 = EDGE_CURVE('',#5030,#4924,#5038,.T.);
#5038 = LINE('',#5039,#5040);
#5039 = CARTESIAN_POINT('',(0.32,-0.288807485305,-3.202447406934));
#5040 = VECTOR('',#5041,1.);
#5041 = DIRECTION('',(-1.,1.224646799147E-16,0.));
#5042 = ORIENTED_EDGE('',*,*,#4931,.T.);
#5043 = ORIENTED_EDGE('',*,*,#4419,.T.);
#5044 = ORIENTED_EDGE('',*,*,#5011,.F.);
#5045 = PLANE('',#5046);
#5046 = AXIS2_PLACEMENT_3D('',#5047,#5048,#5049);
#5047 = CARTESIAN_POINT('',(0.32,-0.32,-3.4));
#5048 = DIRECTION('',(1.209660753807E-16,0.987762965329,-0.155962573473)
  );
#5049 = DIRECTION('',(1.909990663905E-17,0.155962573473,0.987762965329)
  );
#5050 = ADVANCED_FACE('',(#5051),#5078,.T.);
#5051 = FACE_BOUND('',#5052,.F.);
#5052 = EDGE_LOOP('',(#5053,#5061,#5062,#5063,#5064,#5072));
#5053 = ORIENTED_EDGE('',*,*,#5054,.T.);
#5054 = EDGE_CURVE('',#5055,#5030,#5057,.T.);
#5055 = VERTEX_POINT('',#5056);
#5056 = CARTESIAN_POINT('',(0.12,-0.12,-3.4));
#5057 = LINE('',#5058,#5059);
#5058 = CARTESIAN_POINT('',(0.155697812072,-0.150503562587,
    -3.364302187928));
#5059 = VECTOR('',#5060,1.);
#5060 = DIRECTION('',(0.605209817607,-0.517148096144,0.605209817607));
#5061 = ORIENTED_EDGE('',*,*,#5029,.T.);
#5062 = ORIENTED_EDGE('',*,*,#4496,.F.);
#5063 = ORIENTED_EDGE('',*,*,#4985,.F.);
#5064 = ORIENTED_EDGE('',*,*,#5065,.F.);
#5065 = EDGE_CURVE('',#5066,#4978,#5068,.T.);
#5066 = VERTEX_POINT('',#5067);
#5067 = CARTESIAN_POINT('',(0.12,0.12,-3.4));
#5068 = LINE('',#5069,#5070);
#5069 = CARTESIAN_POINT('',(0.24881689775,0.270752273427,-3.27118310225)
  );
#5070 = VECTOR('',#5071,1.);
#5071 = DIRECTION('',(0.544770019249,0.63753529491,0.544770019249));
#5072 = ORIENTED_EDGE('',*,*,#5073,.T.);
#5073 = EDGE_CURVE('',#5066,#5055,#5074,.T.);
#5074 = LINE('',#5075,#5076);
#5075 = CARTESIAN_POINT('',(0.12,0.32,-3.4));
#5076 = VECTOR('',#5077,1.);
#5077 = DIRECTION('',(-1.224646799147E-16,-1.,0.));
#5078 = PLANE('',#5079);
#5079 = AXIS2_PLACEMENT_3D('',#5080,#5081,#5082);
#5080 = CARTESIAN_POINT('',(0.22,0.32,-3.3));
#5081 = DIRECTION('',(0.707106781187,-8.486018839685E-17,-0.707106781187
    ));
#5082 = DIRECTION('',(1.212375546256E-16,1.,1.227125289196E-18));
#5083 = ADVANCED_FACE('',(#5084),#5125,.F.);
#5084 = FACE_BOUND('',#5085,.T.);
#5085 = EDGE_LOOP('',(#5086,#5096,#5102,#5103,#5111,#5119));
#5086 = ORIENTED_EDGE('',*,*,#5087,.T.);
#5087 = EDGE_CURVE('',#5088,#5090,#5092,.T.);
#5088 = VERTEX_POINT('',#5089);
#5089 = CARTESIAN_POINT('',(2.38,-0.12,-3.4));
#5090 = VERTEX_POINT('',#5091);
#5091 = CARTESIAN_POINT('',(2.182447406934,-0.288807485305,
    -3.202447406934));
#5092 = LINE('',#5093,#5094);
#5093 = CARTESIAN_POINT('',(2.461511443392,-5.034896900541E-02,
    -3.481511443392));
#5094 = VECTOR('',#5095,1.);
#5095 = DIRECTION('',(-0.605209817607,-0.517148096144,0.605209817607));
#5096 = ORIENTED_EDGE('',*,*,#5097,.T.);
#5097 = EDGE_CURVE('',#5090,#4572,#5098,.T.);
#5098 = LINE('',#5099,#5100);
#5099 = CARTESIAN_POINT('',(2.414309165527,-0.325417236662,
    -3.434309165527));
#5100 = VECTOR('',#5101,1.);
#5101 = DIRECTION('',(-0.702740385383,0.110959008218,0.702740385383));
#5102 = ORIENTED_EDGE('',*,*,#4569,.F.);
#5103 = ORIENTED_EDGE('',*,*,#5104,.F.);
#5104 = EDGE_CURVE('',#5105,#4570,#5107,.T.);
#5105 = VERTEX_POINT('',#5106);
#5106 = CARTESIAN_POINT('',(2.182447406934,0.351192514695,
    -3.202447406934));
#5107 = LINE('',#5108,#5109);
#5108 = CARTESIAN_POINT('',(1.958413132695,0.386566347469,
    -2.978413132695));
#5109 = VECTOR('',#5110,1.);
#5110 = DIRECTION('',(-0.702740385383,0.110959008218,0.702740385383));
#5111 = ORIENTED_EDGE('',*,*,#5112,.F.);
#5112 = EDGE_CURVE('',#5113,#5105,#5115,.T.);
#5113 = VERTEX_POINT('',#5114);
#5114 = CARTESIAN_POINT('',(2.38,0.12,-3.4));
#5115 = LINE('',#5116,#5117);
#5116 = CARTESIAN_POINT('',(2.346150901889,0.159613036666,
    -3.366150901889));
#5117 = VECTOR('',#5118,1.);
#5118 = DIRECTION('',(-0.544770019249,0.63753529491,0.544770019249));
#5119 = ORIENTED_EDGE('',*,*,#5120,.T.);
#5120 = EDGE_CURVE('',#5113,#5088,#5121,.T.);
#5121 = LINE('',#5122,#5123);
#5122 = CARTESIAN_POINT('',(2.38,0.32,-3.4));
#5123 = VECTOR('',#5124,1.);
#5124 = DIRECTION('',(-1.224646799147E-16,-1.,0.));
#5125 = PLANE('',#5126);
#5126 = AXIS2_PLACEMENT_3D('',#5127,#5128,#5129);
#5127 = CARTESIAN_POINT('',(2.28,0.32,-3.3));
#5128 = DIRECTION('',(0.707106781187,-8.833102285013E-17,0.707106781187)
  );
#5129 = DIRECTION('',(1.236918052038E-16,1.,1.227125289097E-18));
#5130 = ADVANCED_FACE('',(#5131),#5156,.F.);
#5131 = FACE_BOUND('',#5132,.F.);
#5132 = EDGE_LOOP('',(#5133,#5134,#5140,#5141,#5142,#5150));
#5133 = ORIENTED_EDGE('',*,*,#4698,.F.);
#5134 = ORIENTED_EDGE('',*,*,#5135,.T.);
#5135 = EDGE_CURVE('',#4691,#4611,#5136,.T.);
#5136 = LINE('',#5137,#5138);
#5137 = CARTESIAN_POINT('',(2.82,0.62,-1.5));
#5138 = VECTOR('',#5139,1.);
#5139 = DIRECTION('',(-1.,1.224646799147E-16,0.));
#5140 = ORIENTED_EDGE('',*,*,#4618,.T.);
#5141 = ORIENTED_EDGE('',*,*,#5104,.F.);
#5142 = ORIENTED_EDGE('',*,*,#5143,.F.);
#5143 = EDGE_CURVE('',#5144,#5105,#5146,.T.);
#5144 = VERTEX_POINT('',#5145);
#5145 = CARTESIAN_POINT('',(2.817552593066,0.351192514695,
    -3.202447406934));
#5146 = LINE('',#5147,#5148);
#5147 = CARTESIAN_POINT('',(2.82,0.351192514695,-3.202447406934));
#5148 = VECTOR('',#5149,1.);
#5149 = DIRECTION('',(-1.,1.224646799147E-16,0.));
#5150 = ORIENTED_EDGE('',*,*,#5151,.T.);
#5151 = EDGE_CURVE('',#5144,#4657,#5152,.T.);
#5152 = LINE('',#5153,#5154);
#5153 = CARTESIAN_POINT('',(3.199616963064,0.411518467852,
    -2.820383036936));
#5154 = VECTOR('',#5155,1.);
#5155 = DIRECTION('',(0.702740385383,0.110959008218,0.702740385383));
#5156 = PLANE('',#5157);
#5157 = AXIS2_PLACEMENT_3D('',#5158,#5159,#5160);
#5158 = CARTESIAN_POINT('',(2.82,0.62,-1.5));
#5159 = DIRECTION('',(-1.209660753807E-16,-0.987762965329,0.155962573473
    ));
#5160 = DIRECTION('',(-1.909990663905E-17,-0.155962573473,
    -0.987762965329));
#5161 = ADVANCED_FACE('',(#5162),#5168,.F.);
#5162 = FACE_BOUND('',#5163,.F.);
#5163 = EDGE_LOOP('',(#5164,#5165,#5166,#5167));
#5164 = ORIENTED_EDGE('',*,*,#4715,.T.);
#5165 = ORIENTED_EDGE('',*,*,#4610,.T.);
#5166 = ORIENTED_EDGE('',*,*,#5135,.F.);
#5167 = ORIENTED_EDGE('',*,*,#4690,.F.);
#5168 = PLANE('',#5169);
#5169 = AXIS2_PLACEMENT_3D('',#5170,#5171,#5172);
#5170 = CARTESIAN_POINT('',(2.82,0.32,-0.9));
#5171 = DIRECTION('',(-1.095357396528E-16,-0.894427191,-0.4472135955));
#5172 = DIRECTION('',(5.476786982641E-17,0.4472135955,-0.894427191));
#5173 = ADVANCED_FACE('',(#5174),#5185,.F.);
#5174 = FACE_BOUND('',#5175,.F.);
#5175 = EDGE_LOOP('',(#5176,#5182,#5183,#5184));
#5176 = ORIENTED_EDGE('',*,*,#5177,.T.);
#5177 = EDGE_CURVE('',#4667,#4580,#5178,.T.);
#5178 = LINE('',#5179,#5180);
#5179 = CARTESIAN_POINT('',(2.82,-2.E-02,-1.5));
#5180 = VECTOR('',#5181,1.);
#5181 = DIRECTION('',(-1.,1.224646799147E-16,0.));
#5182 = ORIENTED_EDGE('',*,*,#4587,.T.);
#5183 = ORIENTED_EDGE('',*,*,#4640,.F.);
#5184 = ORIENTED_EDGE('',*,*,#4674,.F.);
#5185 = PLANE('',#5186);
#5186 = AXIS2_PLACEMENT_3D('',#5187,#5188,#5189);
#5187 = CARTESIAN_POINT('',(2.82,-2.E-02,-1.5));
#5188 = DIRECTION('',(1.095357396528E-16,0.894427191,0.4472135955));
#5189 = DIRECTION('',(-5.476786982641E-17,-0.4472135955,0.894427191));
#5190 = ADVANCED_FACE('',(#5191),#5211,.F.);
#5191 = FACE_BOUND('',#5192,.F.);
#5192 = EDGE_LOOP('',(#5193,#5194,#5202,#5208,#5209,#5210));
#5193 = ORIENTED_EDGE('',*,*,#4666,.F.);
#5194 = ORIENTED_EDGE('',*,*,#5195,.F.);
#5195 = EDGE_CURVE('',#5196,#4659,#5198,.T.);
#5196 = VERTEX_POINT('',#5197);
#5197 = CARTESIAN_POINT('',(2.817552593066,-0.288807485305,
    -3.202447406934));
#5198 = LINE('',#5199,#5200);
#5199 = CARTESIAN_POINT('',(2.743720930233,-0.300465116279,
    -3.276279069767));
#5200 = VECTOR('',#5201,1.);
#5201 = DIRECTION('',(0.702740385383,0.110959008218,0.702740385383));
#5202 = ORIENTED_EDGE('',*,*,#5203,.T.);
#5203 = EDGE_CURVE('',#5196,#5090,#5204,.T.);
#5204 = LINE('',#5205,#5206);
#5205 = CARTESIAN_POINT('',(2.82,-0.288807485305,-3.202447406934));
#5206 = VECTOR('',#5207,1.);
#5207 = DIRECTION('',(-1.,1.224646799147E-16,0.));
#5208 = ORIENTED_EDGE('',*,*,#5097,.T.);
#5209 = ORIENTED_EDGE('',*,*,#4579,.T.);
#5210 = ORIENTED_EDGE('',*,*,#5177,.F.);
#5211 = PLANE('',#5212);
#5212 = AXIS2_PLACEMENT_3D('',#5213,#5214,#5215);
#5213 = CARTESIAN_POINT('',(2.82,-0.32,-3.4));
#5214 = DIRECTION('',(1.209660753807E-16,0.987762965329,-0.155962573473)
  );
#5215 = DIRECTION('',(1.909990663905E-17,0.155962573473,0.987762965329)
  );
#5216 = ADVANCED_FACE('',(#5217),#5244,.T.);
#5217 = FACE_BOUND('',#5218,.F.);
#5218 = EDGE_LOOP('',(#5219,#5227,#5228,#5229,#5230,#5238));
#5219 = ORIENTED_EDGE('',*,*,#5220,.T.);
#5220 = EDGE_CURVE('',#5221,#5196,#5223,.T.);
#5221 = VERTEX_POINT('',#5222);
#5222 = CARTESIAN_POINT('',(2.62,-0.12,-3.4));
#5223 = LINE('',#5224,#5225);
#5224 = CARTESIAN_POINT('',(2.655697812072,-0.150503562587,
    -3.364302187928));
#5225 = VECTOR('',#5226,1.);
#5226 = DIRECTION('',(0.605209817607,-0.517148096144,0.605209817607));
#5227 = ORIENTED_EDGE('',*,*,#5195,.T.);
#5228 = ORIENTED_EDGE('',*,*,#4656,.F.);
#5229 = ORIENTED_EDGE('',*,*,#5151,.F.);
#5230 = ORIENTED_EDGE('',*,*,#5231,.F.);
#5231 = EDGE_CURVE('',#5232,#5144,#5234,.T.);
#5232 = VERTEX_POINT('',#5233);
#5233 = CARTESIAN_POINT('',(2.62,0.12,-3.4));
#5234 = LINE('',#5235,#5236);
#5235 = CARTESIAN_POINT('',(2.74881689775,0.270752273427,-3.27118310225)
  );
#5236 = VECTOR('',#5237,1.);
#5237 = DIRECTION('',(0.544770019249,0.63753529491,0.544770019249));
#5238 = ORIENTED_EDGE('',*,*,#5239,.T.);
#5239 = EDGE_CURVE('',#5232,#5221,#5240,.T.);
#5240 = LINE('',#5241,#5242);
#5241 = CARTESIAN_POINT('',(2.62,0.32,-3.4));
#5242 = VECTOR('',#5243,1.);
#5243 = DIRECTION('',(-1.224646799147E-16,-1.,0.));
#5244 = PLANE('',#5245);
#5245 = AXIS2_PLACEMENT_3D('',#5246,#5247,#5248);
#5246 = CARTESIAN_POINT('',(2.72,0.32,-3.3));
#5247 = DIRECTION('',(0.707106781187,-8.486018839685E-17,-0.707106781187
    ));
#5248 = DIRECTION('',(1.212375546256E-16,1.,1.227125289196E-18));
#5249 = ADVANCED_FACE('',(#5250),#5256,.F.);
#5250 = FACE_BOUND('',#5251,.F.);
#5251 = EDGE_LOOP('',(#5252,#5253,#5254,#5255));
#5252 = ORIENTED_EDGE('',*,*,#4737,.T.);
#5253 = ORIENTED_EDGE('',*,*,#4809,.F.);
#5254 = ORIENTED_EDGE('',*,*,#4785,.F.);
#5255 = ORIENTED_EDGE('',*,*,#4770,.T.);
#5256 = PLANE('',#5257);
#5257 = AXIS2_PLACEMENT_3D('',#5258,#5259,#5260);
#5258 = CARTESIAN_POINT('',(0.32,-0.32,6.5));
#5259 = DIRECTION('',(-0.,0.,-1.));
#5260 = DIRECTION('',(1.224646799147E-16,1.,0.));
#5261 = ADVANCED_FACE('',(#5262),#5268,.F.);
#5262 = FACE_BOUND('',#5263,.F.);
#5263 = EDGE_LOOP('',(#5264,#5265,#5266,#5267));
#5264 = ORIENTED_EDGE('',*,*,#4833,.T.);
#5265 = ORIENTED_EDGE('',*,*,#4905,.F.);
#5266 = ORIENTED_EDGE('',*,*,#4881,.F.);
#5267 = ORIENTED_EDGE('',*,*,#4866,.T.);
#5268 = PLANE('',#5269);
#5269 = AXIS2_PLACEMENT_3D('',#5270,#5271,#5272);
#5270 = CARTESIAN_POINT('',(2.82,-0.32,6.5));
#5271 = DIRECTION('',(-0.,0.,-1.));
#5272 = DIRECTION('',(1.224646799147E-16,1.,0.));
#5273 = ADVANCED_FACE('',(#5274),#5285,.T.);
#5274 = FACE_BOUND('',#5275,.F.);
#5275 = EDGE_LOOP('',(#5276,#5277,#5283,#5284));
#5276 = ORIENTED_EDGE('',*,*,#5054,.F.);
#5277 = ORIENTED_EDGE('',*,*,#5278,.T.);
#5278 = EDGE_CURVE('',#5055,#4922,#5279,.T.);
#5279 = LINE('',#5280,#5281);
#5280 = CARTESIAN_POINT('',(0.32,-0.12,-3.4));
#5281 = VECTOR('',#5282,1.);
#5282 = DIRECTION('',(-1.,1.224646799147E-16,0.));
#5283 = ORIENTED_EDGE('',*,*,#4921,.T.);
#5284 = ORIENTED_EDGE('',*,*,#5037,.F.);
#5285 = PLANE('',#5286);
#5286 = AXIS2_PLACEMENT_3D('',#5287,#5288,#5289);
#5287 = CARTESIAN_POINT('',(0.32,-0.204403742653,-3.301223703467));
#5288 = DIRECTION('',(-9.310387150808E-17,-0.760250805153,-0.64962967394
    ));
#5289 = DIRECTION('',(1.,-1.224646799148E-16,-5.515863360725E-29));
#5290 = ADVANCED_FACE('',(#5291),#5302,.F.);
#5291 = FACE_BOUND('',#5292,.F.);
#5292 = EDGE_LOOP('',(#5293,#5294,#5295,#5301));
#5293 = ORIENTED_EDGE('',*,*,#5278,.F.);
#5294 = ORIENTED_EDGE('',*,*,#5073,.F.);
#5295 = ORIENTED_EDGE('',*,*,#5296,.T.);
#5296 = EDGE_CURVE('',#5066,#4947,#5297,.T.);
#5297 = LINE('',#5298,#5299);
#5298 = CARTESIAN_POINT('',(0.32,0.12,-3.4));
#5299 = VECTOR('',#5300,1.);
#5300 = DIRECTION('',(-1.,1.224646799147E-16,0.));
#5301 = ORIENTED_EDGE('',*,*,#4954,.T.);
#5302 = PLANE('',#5303);
#5303 = AXIS2_PLACEMENT_3D('',#5304,#5305,#5306);
#5304 = CARTESIAN_POINT('',(0.32,0.32,-3.4));
#5305 = DIRECTION('',(0.,0.,1.));
#5306 = DIRECTION('',(-1.224646799147E-16,-1.,0.));
#5307 = ADVANCED_FACE('',(#5308),#5314,.T.);
#5308 = FACE_BOUND('',#5309,.T.);
#5309 = EDGE_LOOP('',(#5310,#5311,#5312,#5313));
#5310 = ORIENTED_EDGE('',*,*,#5065,.F.);
#5311 = ORIENTED_EDGE('',*,*,#5296,.T.);
#5312 = ORIENTED_EDGE('',*,*,#4946,.T.);
#5313 = ORIENTED_EDGE('',*,*,#4977,.F.);
#5314 = PLANE('',#5315);
#5315 = AXIS2_PLACEMENT_3D('',#5316,#5317,#5318);
#5316 = CARTESIAN_POINT('',(0.32,0.235596257347,-3.301223703467));
#5317 = DIRECTION('',(8.302774088379E-17,0.64962967394,-0.760250805153)
  );
#5318 = DIRECTION('',(-1.,1.247195775152E-16,-2.638869166629E-18));
#5319 = ADVANCED_FACE('',(#5320),#5331,.T.);
#5320 = FACE_BOUND('',#5321,.F.);
#5321 = EDGE_LOOP('',(#5322,#5323,#5329,#5330));
#5322 = ORIENTED_EDGE('',*,*,#5220,.F.);
#5323 = ORIENTED_EDGE('',*,*,#5324,.T.);
#5324 = EDGE_CURVE('',#5221,#5088,#5325,.T.);
#5325 = LINE('',#5326,#5327);
#5326 = CARTESIAN_POINT('',(2.82,-0.12,-3.4));
#5327 = VECTOR('',#5328,1.);
#5328 = DIRECTION('',(-1.,1.224646799147E-16,0.));
#5329 = ORIENTED_EDGE('',*,*,#5087,.T.);
#5330 = ORIENTED_EDGE('',*,*,#5203,.F.);
#5331 = PLANE('',#5332);
#5332 = AXIS2_PLACEMENT_3D('',#5333,#5334,#5335);
#5333 = CARTESIAN_POINT('',(2.82,-0.204403742653,-3.301223703467));
#5334 = DIRECTION('',(-9.310387150808E-17,-0.760250805153,-0.64962967394
    ));
#5335 = DIRECTION('',(1.,-1.224646799148E-16,-5.515863360725E-29));
#5336 = ADVANCED_FACE('',(#5337),#5348,.F.);
#5337 = FACE_BOUND('',#5338,.F.);
#5338 = EDGE_LOOP('',(#5339,#5340,#5341,#5347));
#5339 = ORIENTED_EDGE('',*,*,#5324,.F.);
#5340 = ORIENTED_EDGE('',*,*,#5239,.F.);
#5341 = ORIENTED_EDGE('',*,*,#5342,.T.);
#5342 = EDGE_CURVE('',#5232,#5113,#5343,.T.);
#5343 = LINE('',#5344,#5345);
#5344 = CARTESIAN_POINT('',(2.82,0.12,-3.4));
#5345 = VECTOR('',#5346,1.);
#5346 = DIRECTION('',(-1.,1.224646799147E-16,0.));
#5347 = ORIENTED_EDGE('',*,*,#5120,.T.);
#5348 = PLANE('',#5349);
#5349 = AXIS2_PLACEMENT_3D('',#5350,#5351,#5352);
#5350 = CARTESIAN_POINT('',(2.82,0.32,-3.4));
#5351 = DIRECTION('',(0.,0.,1.));
#5352 = DIRECTION('',(-1.224646799147E-16,-1.,0.));
#5353 = ADVANCED_FACE('',(#5354),#5360,.T.);
#5354 = FACE_BOUND('',#5355,.T.);
#5355 = EDGE_LOOP('',(#5356,#5357,#5358,#5359));
#5356 = ORIENTED_EDGE('',*,*,#5231,.F.);
#5357 = ORIENTED_EDGE('',*,*,#5342,.T.);
#5358 = ORIENTED_EDGE('',*,*,#5112,.T.);
#5359 = ORIENTED_EDGE('',*,*,#5143,.F.);
#5360 = PLANE('',#5361);
#5361 = AXIS2_PLACEMENT_3D('',#5362,#5363,#5364);
#5362 = CARTESIAN_POINT('',(2.82,0.235596257347,-3.301223703467));
#5363 = DIRECTION('',(8.302774088379E-17,0.64962967394,-0.760250805153)
  );
#5364 = DIRECTION('',(-1.,1.247195775152E-16,-2.638869166629E-18));
#5365 = ( GEOMETRIC_REPRESENTATION_CONTEXT(3) 
GLOBAL_UNCERTAINTY_ASSIGNED_CONTEXT((#5369)) 
GLOBAL_UNIT_ASSIGNED_CONTEXT((#5366,#5367,#5368)) REPRESENTATION_CONTEXT
('Context #1','3D Context with UNIT and UNCERTAINTY') );
#5366 = ( LENGTH_UNIT() NAMED_UNIT(*) SI_UNIT(.MILLI.,.METRE.) );
#5367 = ( NAMED_UNIT(*) PLANE_ANGLE_UNIT() SI_UNIT($,.RADIAN.) );
#5368 = ( NAMED_UNIT(*) SI_UNIT($,.STERADIAN.) SOLID_ANGLE_UNIT() );
#5369 = UNCERTAINTY_MEASURE_WITH_UNIT(LENGTH_MEASURE(1.E-07),#5366,
  'distance_accuracy_value','confusion accuracy');
#5370 = CONTEXT_DEPENDENT_SHAPE_REPRESENTATION(#5371,#5373);
#5371 = ( REPRESENTATION_RELATIONSHIP('','',#2649,#10) 
REPRESENTATION_RELATIONSHIP_WITH_TRANSFORMATION(#5372) 
SHAPE_REPRESENTATION_RELATIONSHIP() );
#5372 = ITEM_DEFINED_TRANSFORMATION('','',#11,#35);
#5373 = PRODUCT_DEFINITION_SHAPE('Placement','Placement of an item',
  #5374);
#5374 = NEXT_ASSEMBLY_USAGE_OCCURRENCE('6','J2','',#5,#2644,$);
#5375 = PRODUCT_RELATED_PRODUCT_CATEGORY('part',$,(#2646));
#5376 = SHAPE_DEFINITION_REPRESENTATION(#5377,#5383);
#5377 = PRODUCT_DEFINITION_SHAPE('','',#5378);
#5378 = PRODUCT_DEFINITION('design','',#5379,#5382);
#5379 = PRODUCT_DEFINITION_FORMATION('','',#5380);
#5380 = PRODUCT('LED_0603_1608Metric','LED_0603_1608Metric','',(#5381));
#5381 = PRODUCT_CONTEXT('',#2,'mechanical');
#5382 = PRODUCT_DEFINITION_CONTEXT('part definition',#2,'design');
#5383 = ADVANCED_BREP_SHAPE_REPRESENTATION('',(#11,#5384),#6907);
#5384 = MANIFOLD_SOLID_BREP('',#5385);
#5385 = CLOSED_SHELL('',(#5386,#5426,#5473,#5552,#5576,#5616,#5647,#5664
    ,#5697,#5721,#5788,#5909,#5976,#6000,#6031,#6064,#6120,#6144,#6168,
    #6192,#6225,#6237,#6300,#6325,#6342,#6366,#6384,#6402,#6420,#6437,
    #6454,#6485,#6510,#6535,#6559,#6576,#6607,#6631,#6648,#6676,#6701,
    #6725,#6750,#6797,#6814,#6826,#6848,#6860,#6878,#6896));
#5386 = ADVANCED_FACE('',(#5387),#5421,.F.);
#5387 = FACE_BOUND('',#5388,.F.);
#5388 = EDGE_LOOP('',(#5389,#5399,#5407,#5415));
#5389 = ORIENTED_EDGE('',*,*,#5390,.T.);
#5390 = EDGE_CURVE('',#5391,#5393,#5395,.T.);
#5391 = VERTEX_POINT('',#5392);
#5392 = CARTESIAN_POINT('',(-0.5,-0.4,0.47));
#5393 = VERTEX_POINT('',#5394);
#5394 = CARTESIAN_POINT('',(-0.45,-0.4,1.1));
#5395 = LINE('',#5396,#5397);
#5396 = CARTESIAN_POINT('',(-0.5,-0.4,0.47));
#5397 = VECTOR('',#5398,1.);
#5398 = DIRECTION('',(7.911630099815E-02,0.,0.996865392576));
#5399 = ORIENTED_EDGE('',*,*,#5400,.T.);
#5400 = EDGE_CURVE('',#5393,#5401,#5403,.T.);
#5401 = VERTEX_POINT('',#5402);
#5402 = CARTESIAN_POINT('',(0.45,-0.4,1.1));
#5403 = LINE('',#5404,#5405);
#5404 = CARTESIAN_POINT('',(-0.45,-0.4,1.1));
#5405 = VECTOR('',#5406,1.);
#5406 = DIRECTION('',(1.,0.,0.));
#5407 = ORIENTED_EDGE('',*,*,#5408,.T.);
#5408 = EDGE_CURVE('',#5401,#5409,#5411,.T.);
#5409 = VERTEX_POINT('',#5410);
#5410 = CARTESIAN_POINT('',(0.5,-0.4,0.47));
#5411 = LINE('',#5412,#5413);
#5412 = CARTESIAN_POINT('',(0.45,-0.4,1.1));
#5413 = VECTOR('',#5414,1.);
#5414 = DIRECTION('',(7.911630099815E-02,0.,-0.996865392576));
#5415 = ORIENTED_EDGE('',*,*,#5416,.T.);
#5416 = EDGE_CURVE('',#5409,#5391,#5417,.T.);
#5417 = LINE('',#5418,#5419);
#5418 = CARTESIAN_POINT('',(0.5,-0.4,0.47));
#5419 = VECTOR('',#5420,1.);
#5420 = DIRECTION('',(-1.,0.,0.));
#5421 = PLANE('',#5422);
#5422 = AXIS2_PLACEMENT_3D('',#5423,#5424,#5425);
#5423 = CARTESIAN_POINT('',(-8.772411109409E-18,-0.4,0.775044128294));
#5424 = DIRECTION('',(0.,1.,0.));
#5425 = DIRECTION('',(0.,-0.,1.));
#5426 = ADVANCED_FACE('',(#5427),#5468,.T.);
#5427 = FACE_BOUND('',#5428,.T.);
#5428 = EDGE_LOOP('',(#5429,#5439,#5447,#5453,#5454,#5462));
#5429 = ORIENTED_EDGE('',*,*,#5430,.T.);
#5430 = EDGE_CURVE('',#5431,#5433,#5435,.T.);
#5431 = VERTEX_POINT('',#5432);
#5432 = CARTESIAN_POINT('',(-0.5,0.4,0.47));
#5433 = VERTEX_POINT('',#5434);
#5434 = CARTESIAN_POINT('',(-0.5,0.3,0.47));
#5435 = LINE('',#5436,#5437);
#5436 = CARTESIAN_POINT('',(-0.5,0.4,0.47));
#5437 = VECTOR('',#5438,1.);
#5438 = DIRECTION('',(0.,-1.,0.));
#5439 = ORIENTED_EDGE('',*,*,#5440,.F.);
#5440 = EDGE_CURVE('',#5441,#5433,#5443,.T.);
#5441 = VERTEX_POINT('',#5442);
#5442 = CARTESIAN_POINT('',(-0.5,-0.3,0.47));
#5443 = LINE('',#5444,#5445);
#5444 = CARTESIAN_POINT('',(-0.5,-0.4,0.47));
#5445 = VECTOR('',#5446,1.);
#5446 = DIRECTION('',(0.,1.,0.));
#5447 = ORIENTED_EDGE('',*,*,#5448,.T.);
#5448 = EDGE_CURVE('',#5441,#5391,#5449,.T.);
#5449 = LINE('',#5450,#5451);
#5450 = CARTESIAN_POINT('',(-0.5,0.4,0.47));
#5451 = VECTOR('',#5452,1.);
#5452 = DIRECTION('',(0.,-1.,0.));
#5453 = ORIENTED_EDGE('',*,*,#5390,.T.);
#5454 = ORIENTED_EDGE('',*,*,#5455,.F.);
#5455 = EDGE_CURVE('',#5456,#5393,#5458,.T.);
#5456 = VERTEX_POINT('',#5457);
#5457 = CARTESIAN_POINT('',(-0.45,0.4,1.1));
#5458 = LINE('',#5459,#5460);
#5459 = CARTESIAN_POINT('',(-0.45,0.4,1.1));
#5460 = VECTOR('',#5461,1.);
#5461 = DIRECTION('',(0.,-1.,0.));
#5462 = ORIENTED_EDGE('',*,*,#5463,.F.);
#5463 = EDGE_CURVE('',#5431,#5456,#5464,.T.);
#5464 = LINE('',#5465,#5466);
#5465 = CARTESIAN_POINT('',(-0.5,0.4,0.47));
#5466 = VECTOR('',#5467,1.);
#5467 = DIRECTION('',(7.911630099815E-02,0.,0.996865392576));
#5468 = PLANE('',#5469);
#5469 = AXIS2_PLACEMENT_3D('',#5470,#5471,#5472);
#5470 = CARTESIAN_POINT('',(-0.5,0.4,0.47));
#5471 = DIRECTION('',(-0.996865392576,0.,7.911630099815E-02));
#5472 = DIRECTION('',(7.911630099815E-02,0.,0.996865392576));
#5473 = ADVANCED_FACE('',(#5474),#5547,.F.);
#5474 = FACE_BOUND('',#5475,.F.);
#5475 = EDGE_LOOP('',(#5476,#5486,#5494,#5502,#5508,#5509,#5517,#5525,
    #5533,#5541));
#5476 = ORIENTED_EDGE('',*,*,#5477,.F.);
#5477 = EDGE_CURVE('',#5478,#5480,#5482,.T.);
#5478 = VERTEX_POINT('',#5479);
#5479 = CARTESIAN_POINT('',(-0.77,-0.4,3.E-02));
#5480 = VERTEX_POINT('',#5481);
#5481 = CARTESIAN_POINT('',(-0.725,-0.4,3.E-02));
#5482 = LINE('',#5483,#5484);
#5483 = CARTESIAN_POINT('',(-0.77,-0.4,3.E-02));
#5484 = VECTOR('',#5485,1.);
#5485 = DIRECTION('',(1.,0.,0.));
#5486 = ORIENTED_EDGE('',*,*,#5487,.T.);
#5487 = EDGE_CURVE('',#5478,#5488,#5490,.T.);
#5488 = VERTEX_POINT('',#5489);
#5489 = CARTESIAN_POINT('',(-0.77,-0.4,0.47));
#5490 = LINE('',#5491,#5492);
#5491 = CARTESIAN_POINT('',(-0.77,-0.4,3.E-02));
#5492 = VECTOR('',#5493,1.);
#5493 = DIRECTION('',(0.,0.,1.));
#5494 = ORIENTED_EDGE('',*,*,#5495,.T.);
#5495 = EDGE_CURVE('',#5488,#5496,#5498,.T.);
#5496 = VERTEX_POINT('',#5497);
#5497 = CARTESIAN_POINT('',(-0.725,-0.4,0.47));
#5498 = LINE('',#5499,#5500);
#5499 = CARTESIAN_POINT('',(-0.77,-0.4,0.47));
#5500 = VECTOR('',#5501,1.);
#5501 = DIRECTION('',(1.,0.,0.));
#5502 = ORIENTED_EDGE('',*,*,#5503,.T.);
#5503 = EDGE_CURVE('',#5496,#5391,#5504,.T.);
#5504 = LINE('',#5505,#5506);
#5505 = CARTESIAN_POINT('',(-0.77,-0.4,0.47));
#5506 = VECTOR('',#5507,1.);
#5507 = DIRECTION('',(1.,0.,0.));
#5508 = ORIENTED_EDGE('',*,*,#5416,.F.);
#5509 = ORIENTED_EDGE('',*,*,#5510,.T.);
#5510 = EDGE_CURVE('',#5409,#5511,#5513,.T.);
#5511 = VERTEX_POINT('',#5512);
#5512 = CARTESIAN_POINT('',(0.725,-0.4,0.47));
#5513 = LINE('',#5514,#5515);
#5514 = CARTESIAN_POINT('',(-0.77,-0.4,0.47));
#5515 = VECTOR('',#5516,1.);
#5516 = DIRECTION('',(1.,0.,0.));
#5517 = ORIENTED_EDGE('',*,*,#5518,.T.);
#5518 = EDGE_CURVE('',#5511,#5519,#5521,.T.);
#5519 = VERTEX_POINT('',#5520);
#5520 = CARTESIAN_POINT('',(0.77,-0.4,0.47));
#5521 = LINE('',#5522,#5523);
#5522 = CARTESIAN_POINT('',(-0.77,-0.4,0.47));
#5523 = VECTOR('',#5524,1.);
#5524 = DIRECTION('',(1.,0.,0.));
#5525 = ORIENTED_EDGE('',*,*,#5526,.F.);
#5526 = EDGE_CURVE('',#5527,#5519,#5529,.T.);
#5527 = VERTEX_POINT('',#5528);
#5528 = CARTESIAN_POINT('',(0.77,-0.4,3.E-02));
#5529 = LINE('',#5530,#5531);
#5530 = CARTESIAN_POINT('',(0.77,-0.4,3.E-02));
#5531 = VECTOR('',#5532,1.);
#5532 = DIRECTION('',(0.,0.,1.));
#5533 = ORIENTED_EDGE('',*,*,#5534,.F.);
#5534 = EDGE_CURVE('',#5535,#5527,#5537,.T.);
#5535 = VERTEX_POINT('',#5536);
#5536 = CARTESIAN_POINT('',(0.725,-0.4,3.E-02));
#5537 = LINE('',#5538,#5539);
#5538 = CARTESIAN_POINT('',(-0.77,-0.4,3.E-02));
#5539 = VECTOR('',#5540,1.);
#5540 = DIRECTION('',(1.,0.,0.));
#5541 = ORIENTED_EDGE('',*,*,#5542,.F.);
#5542 = EDGE_CURVE('',#5480,#5535,#5543,.T.);
#5543 = LINE('',#5544,#5545);
#5544 = CARTESIAN_POINT('',(-0.77,-0.4,3.E-02));
#5545 = VECTOR('',#5546,1.);
#5546 = DIRECTION('',(1.,0.,0.));
#5547 = PLANE('',#5548);
#5548 = AXIS2_PLACEMENT_3D('',#5549,#5550,#5551);
#5549 = CARTESIAN_POINT('',(-0.77,-0.4,3.E-02));
#5550 = DIRECTION('',(0.,1.,0.));
#5551 = DIRECTION('',(0.,-0.,1.));
#5552 = ADVANCED_FACE('',(#5553),#5571,.T.);
#5553 = FACE_BOUND('',#5554,.T.);
#5554 = EDGE_LOOP('',(#5555,#5556,#5557,#5565));
#5555 = ORIENTED_EDGE('',*,*,#5455,.T.);
#5556 = ORIENTED_EDGE('',*,*,#5400,.T.);
#5557 = ORIENTED_EDGE('',*,*,#5558,.F.);
#5558 = EDGE_CURVE('',#5559,#5401,#5561,.T.);
#5559 = VERTEX_POINT('',#5560);
#5560 = CARTESIAN_POINT('',(0.45,0.4,1.1));
#5561 = LINE('',#5562,#5563);
#5562 = CARTESIAN_POINT('',(0.45,0.4,1.1));
#5563 = VECTOR('',#5564,1.);
#5564 = DIRECTION('',(0.,-1.,0.));
#5565 = ORIENTED_EDGE('',*,*,#5566,.F.);
#5566 = EDGE_CURVE('',#5456,#5559,#5567,.T.);
#5567 = LINE('',#5568,#5569);
#5568 = CARTESIAN_POINT('',(-0.45,0.4,1.1));
#5569 = VECTOR('',#5570,1.);
#5570 = DIRECTION('',(1.,0.,0.));
#5571 = PLANE('',#5572);
#5572 = AXIS2_PLACEMENT_3D('',#5573,#5574,#5575);
#5573 = CARTESIAN_POINT('',(-0.45,0.4,1.1));
#5574 = DIRECTION('',(0.,0.,1.));
#5575 = DIRECTION('',(1.,0.,-0.));
#5576 = ADVANCED_FACE('',(#5577),#5611,.T.);
#5577 = FACE_BOUND('',#5578,.T.);
#5578 = EDGE_LOOP('',(#5579,#5580,#5581,#5589,#5597,#5605));
#5579 = ORIENTED_EDGE('',*,*,#5558,.T.);
#5580 = ORIENTED_EDGE('',*,*,#5408,.T.);
#5581 = ORIENTED_EDGE('',*,*,#5582,.F.);
#5582 = EDGE_CURVE('',#5583,#5409,#5585,.T.);
#5583 = VERTEX_POINT('',#5584);
#5584 = CARTESIAN_POINT('',(0.5,-0.3,0.47));
#5585 = LINE('',#5586,#5587);
#5586 = CARTESIAN_POINT('',(0.5,0.4,0.47));
#5587 = VECTOR('',#5588,1.);
#5588 = DIRECTION('',(0.,-1.,0.));
#5589 = ORIENTED_EDGE('',*,*,#5590,.T.);
#5590 = EDGE_CURVE('',#5583,#5591,#5593,.T.);
#5591 = VERTEX_POINT('',#5592);
#5592 = CARTESIAN_POINT('',(0.5,0.3,0.47));
#5593 = LINE('',#5594,#5595);
#5594 = CARTESIAN_POINT('',(0.5,-0.4,0.47));
#5595 = VECTOR('',#5596,1.);
#5596 = DIRECTION('',(0.,1.,0.));
#5597 = ORIENTED_EDGE('',*,*,#5598,.F.);
#5598 = EDGE_CURVE('',#5599,#5591,#5601,.T.);
#5599 = VERTEX_POINT('',#5600);
#5600 = CARTESIAN_POINT('',(0.5,0.4,0.47));
#5601 = LINE('',#5602,#5603);
#5602 = CARTESIAN_POINT('',(0.5,0.4,0.47));
#5603 = VECTOR('',#5604,1.);
#5604 = DIRECTION('',(0.,-1.,0.));
#5605 = ORIENTED_EDGE('',*,*,#5606,.F.);
#5606 = EDGE_CURVE('',#5559,#5599,#5607,.T.);
#5607 = LINE('',#5608,#5609);
#5608 = CARTESIAN_POINT('',(0.45,0.4,1.1));
#5609 = VECTOR('',#5610,1.);
#5610 = DIRECTION('',(7.911630099815E-02,0.,-0.996865392576));
#5611 = PLANE('',#5612);
#5612 = AXIS2_PLACEMENT_3D('',#5613,#5614,#5615);
#5613 = CARTESIAN_POINT('',(0.45,0.4,1.1));
#5614 = DIRECTION('',(0.996865392576,0.,7.911630099815E-02));
#5615 = DIRECTION('',(7.911630099815E-02,0.,-0.996865392576));
#5616 = ADVANCED_FACE('',(#5617),#5642,.T.);
#5617 = FACE_BOUND('',#5618,.T.);
#5618 = EDGE_LOOP('',(#5619,#5627,#5635,#5641));
#5619 = ORIENTED_EDGE('',*,*,#5620,.F.);
#5620 = EDGE_CURVE('',#5621,#5431,#5623,.T.);
#5621 = VERTEX_POINT('',#5622);
#5622 = CARTESIAN_POINT('',(-0.725,0.4,0.47));
#5623 = LINE('',#5624,#5625);
#5624 = CARTESIAN_POINT('',(-0.77,0.4,0.47));
#5625 = VECTOR('',#5626,1.);
#5626 = DIRECTION('',(1.,0.,0.));
#5627 = ORIENTED_EDGE('',*,*,#5628,.F.);
#5628 = EDGE_CURVE('',#5629,#5621,#5631,.T.);
#5629 = VERTEX_POINT('',#5630);
#5630 = CARTESIAN_POINT('',(-0.725,0.3,0.47));
#5631 = LINE('',#5632,#5633);
#5632 = CARTESIAN_POINT('',(-0.725,5.E-02,0.47));
#5633 = VECTOR('',#5634,1.);
#5634 = DIRECTION('',(0.,1.,0.));
#5635 = ORIENTED_EDGE('',*,*,#5636,.F.);
#5636 = EDGE_CURVE('',#5433,#5629,#5637,.T.);
#5637 = LINE('',#5638,#5639);
#5638 = CARTESIAN_POINT('',(-0.7475,0.3,0.47));
#5639 = VECTOR('',#5640,1.);
#5640 = DIRECTION('',(-1.,0.,0.));
#5641 = ORIENTED_EDGE('',*,*,#5430,.F.);
#5642 = PLANE('',#5643);
#5643 = AXIS2_PLACEMENT_3D('',#5644,#5645,#5646);
#5644 = CARTESIAN_POINT('',(-0.77,-0.4,0.47));
#5645 = DIRECTION('',(0.,0.,1.));
#5646 = DIRECTION('',(1.,0.,-0.));
#5647 = ADVANCED_FACE('',(#5648),#5659,.T.);
#5648 = FACE_BOUND('',#5649,.T.);
#5649 = EDGE_LOOP('',(#5650,#5651,#5652,#5653));
#5650 = ORIENTED_EDGE('',*,*,#5463,.T.);
#5651 = ORIENTED_EDGE('',*,*,#5566,.T.);
#5652 = ORIENTED_EDGE('',*,*,#5606,.T.);
#5653 = ORIENTED_EDGE('',*,*,#5654,.T.);
#5654 = EDGE_CURVE('',#5599,#5431,#5655,.T.);
#5655 = LINE('',#5656,#5657);
#5656 = CARTESIAN_POINT('',(0.5,0.4,0.47));
#5657 = VECTOR('',#5658,1.);
#5658 = DIRECTION('',(-1.,0.,0.));
#5659 = PLANE('',#5660);
#5660 = AXIS2_PLACEMENT_3D('',#5661,#5662,#5663);
#5661 = CARTESIAN_POINT('',(-8.772411109409E-18,0.4,0.775044128294));
#5662 = DIRECTION('',(0.,1.,0.));
#5663 = DIRECTION('',(0.,-0.,1.));
#5664 = ADVANCED_FACE('',(#5665),#5692,.T.);
#5665 = FACE_BOUND('',#5666,.T.);
#5666 = EDGE_LOOP('',(#5667,#5676,#5684,#5691));
#5667 = ORIENTED_EDGE('',*,*,#5668,.F.);
#5668 = EDGE_CURVE('',#5669,#5433,#5671,.T.);
#5669 = VERTEX_POINT('',#5670);
#5670 = CARTESIAN_POINT('',(-0.53,0.3,0.5));
#5671 = CIRCLE('',#5672,3.E-02);
#5672 = AXIS2_PLACEMENT_3D('',#5673,#5674,#5675);
#5673 = CARTESIAN_POINT('',(-0.53,0.3,0.47));
#5674 = DIRECTION('',(-0.,1.,0.));
#5675 = DIRECTION('',(1.,0.,0.));
#5676 = ORIENTED_EDGE('',*,*,#5677,.F.);
#5677 = EDGE_CURVE('',#5678,#5669,#5680,.T.);
#5678 = VERTEX_POINT('',#5679);
#5679 = CARTESIAN_POINT('',(-0.53,-0.3,0.5));
#5680 = LINE('',#5681,#5682);
#5681 = CARTESIAN_POINT('',(-0.53,-0.4,0.5));
#5682 = VECTOR('',#5683,1.);
#5683 = DIRECTION('',(0.,1.,0.));
#5684 = ORIENTED_EDGE('',*,*,#5685,.T.);
#5685 = EDGE_CURVE('',#5678,#5441,#5686,.T.);
#5686 = CIRCLE('',#5687,3.E-02);
#5687 = AXIS2_PLACEMENT_3D('',#5688,#5689,#5690);
#5688 = CARTESIAN_POINT('',(-0.53,-0.3,0.47));
#5689 = DIRECTION('',(-0.,1.,0.));
#5690 = DIRECTION('',(1.,0.,0.));
#5691 = ORIENTED_EDGE('',*,*,#5440,.T.);
#5692 = CYLINDRICAL_SURFACE('',#5693,3.E-02);
#5693 = AXIS2_PLACEMENT_3D('',#5694,#5695,#5696);
#5694 = CARTESIAN_POINT('',(-0.53,-0.4,0.47));
#5695 = DIRECTION('',(0.,1.,0.));
#5696 = DIRECTION('',(1.,0.,0.));
#5697 = ADVANCED_FACE('',(#5698),#5716,.T.);
#5698 = FACE_BOUND('',#5699,.T.);
#5699 = EDGE_LOOP('',(#5700,#5708,#5709,#5710));
#5700 = ORIENTED_EDGE('',*,*,#5701,.F.);
#5701 = EDGE_CURVE('',#5496,#5702,#5704,.T.);
#5702 = VERTEX_POINT('',#5703);
#5703 = CARTESIAN_POINT('',(-0.725,-0.3,0.47));
#5704 = LINE('',#5705,#5706);
#5705 = CARTESIAN_POINT('',(-0.725,-0.35,0.47));
#5706 = VECTOR('',#5707,1.);
#5707 = DIRECTION('',(0.,1.,0.));
#5708 = ORIENTED_EDGE('',*,*,#5503,.T.);
#5709 = ORIENTED_EDGE('',*,*,#5448,.F.);
#5710 = ORIENTED_EDGE('',*,*,#5711,.F.);
#5711 = EDGE_CURVE('',#5702,#5441,#5712,.T.);
#5712 = LINE('',#5713,#5714);
#5713 = CARTESIAN_POINT('',(-2.25E-02,-0.3,0.47));
#5714 = VECTOR('',#5715,1.);
#5715 = DIRECTION('',(1.,0.,0.));
#5716 = PLANE('',#5717);
#5717 = AXIS2_PLACEMENT_3D('',#5718,#5719,#5720);
#5718 = CARTESIAN_POINT('',(-0.77,-0.4,0.47));
#5719 = DIRECTION('',(0.,0.,1.));
#5720 = DIRECTION('',(1.,0.,-0.));
#5721 = ADVANCED_FACE('',(#5722),#5783,.F.);
#5722 = FACE_BOUND('',#5723,.F.);
#5723 = EDGE_LOOP('',(#5724,#5734,#5743,#5751,#5760,#5768,#5774,#5775,
    #5776,#5777));
#5724 = ORIENTED_EDGE('',*,*,#5725,.F.);
#5725 = EDGE_CURVE('',#5726,#5728,#5730,.T.);
#5726 = VERTEX_POINT('',#5727);
#5727 = CARTESIAN_POINT('',(-0.77,-0.4,-3.469446951954E-18));
#5728 = VERTEX_POINT('',#5729);
#5729 = CARTESIAN_POINT('',(-0.725,-0.4,0.));
#5730 = LINE('',#5731,#5732);
#5731 = CARTESIAN_POINT('',(-0.8,-0.4,0.));
#5732 = VECTOR('',#5733,1.);
#5733 = DIRECTION('',(1.,0.,0.));
#5734 = ORIENTED_EDGE('',*,*,#5735,.F.);
#5735 = EDGE_CURVE('',#5736,#5726,#5738,.T.);
#5736 = VERTEX_POINT('',#5737);
#5737 = CARTESIAN_POINT('',(-0.8,-0.4,3.E-02));
#5738 = CIRCLE('',#5739,3.E-02);
#5739 = AXIS2_PLACEMENT_3D('',#5740,#5741,#5742);
#5740 = CARTESIAN_POINT('',(-0.77,-0.4,3.E-02));
#5741 = DIRECTION('',(0.,-1.,0.));
#5742 = DIRECTION('',(0.,0.,1.));
#5743 = ORIENTED_EDGE('',*,*,#5744,.T.);
#5744 = EDGE_CURVE('',#5736,#5745,#5747,.T.);
#5745 = VERTEX_POINT('',#5746);
#5746 = CARTESIAN_POINT('',(-0.8,-0.4,0.47));
#5747 = LINE('',#5748,#5749);
#5748 = CARTESIAN_POINT('',(-0.8,-0.4,0.));
#5749 = VECTOR('',#5750,1.);
#5750 = DIRECTION('',(0.,0.,1.));
#5751 = ORIENTED_EDGE('',*,*,#5752,.T.);
#5752 = EDGE_CURVE('',#5745,#5753,#5755,.T.);
#5753 = VERTEX_POINT('',#5754);
#5754 = CARTESIAN_POINT('',(-0.77,-0.4,0.5));
#5755 = CIRCLE('',#5756,3.E-02);
#5756 = AXIS2_PLACEMENT_3D('',#5757,#5758,#5759);
#5757 = CARTESIAN_POINT('',(-0.77,-0.4,0.47));
#5758 = DIRECTION('',(0.,1.,0.));
#5759 = DIRECTION('',(0.,-0.,1.));
#5760 = ORIENTED_EDGE('',*,*,#5761,.T.);
#5761 = EDGE_CURVE('',#5753,#5762,#5764,.T.);
#5762 = VERTEX_POINT('',#5763);
#5763 = CARTESIAN_POINT('',(-0.725,-0.4,0.5));
#5764 = LINE('',#5765,#5766);
#5765 = CARTESIAN_POINT('',(-0.8,-0.4,0.5));
#5766 = VECTOR('',#5767,1.);
#5767 = DIRECTION('',(1.,0.,0.));
#5768 = ORIENTED_EDGE('',*,*,#5769,.F.);
#5769 = EDGE_CURVE('',#5496,#5762,#5770,.T.);
#5770 = LINE('',#5771,#5772);
#5771 = CARTESIAN_POINT('',(-0.725,-0.4,0.375));
#5772 = VECTOR('',#5773,1.);
#5773 = DIRECTION('',(0.,0.,1.));
#5774 = ORIENTED_EDGE('',*,*,#5495,.F.);
#5775 = ORIENTED_EDGE('',*,*,#5487,.F.);
#5776 = ORIENTED_EDGE('',*,*,#5477,.T.);
#5777 = ORIENTED_EDGE('',*,*,#5778,.F.);
#5778 = EDGE_CURVE('',#5728,#5480,#5779,.T.);
#5779 = LINE('',#5780,#5781);
#5780 = CARTESIAN_POINT('',(-0.725,-0.4,0.375));
#5781 = VECTOR('',#5782,1.);
#5782 = DIRECTION('',(0.,0.,1.));
#5783 = PLANE('',#5784);
#5784 = AXIS2_PLACEMENT_3D('',#5785,#5786,#5787);
#5785 = CARTESIAN_POINT('',(-0.8,-0.4,0.));
#5786 = DIRECTION('',(0.,1.,0.));
#5787 = DIRECTION('',(0.,-0.,1.));
#5788 = ADVANCED_FACE('',(#5789,#5878),#5904,.F.);
#5789 = FACE_BOUND('',#5790,.F.);
#5790 = EDGE_LOOP('',(#5791,#5799,#5800,#5808,#5816,#5824,#5832,#5840,
    #5848,#5856,#5864,#5872));
#5791 = ORIENTED_EDGE('',*,*,#5792,.F.);
#5792 = EDGE_CURVE('',#5480,#5793,#5795,.T.);
#5793 = VERTEX_POINT('',#5794);
#5794 = CARTESIAN_POINT('',(-0.725,-0.3,3.E-02));
#5795 = LINE('',#5796,#5797);
#5796 = CARTESIAN_POINT('',(-0.725,-0.35,3.E-02));
#5797 = VECTOR('',#5798,1.);
#5798 = DIRECTION('',(0.,1.,0.));
#5799 = ORIENTED_EDGE('',*,*,#5542,.T.);
#5800 = ORIENTED_EDGE('',*,*,#5801,.F.);
#5801 = EDGE_CURVE('',#5802,#5535,#5804,.T.);
#5802 = VERTEX_POINT('',#5803);
#5803 = CARTESIAN_POINT('',(0.725,-0.3,3.E-02));
#5804 = LINE('',#5805,#5806);
#5805 = CARTESIAN_POINT('',(0.725,-0.45,3.E-02));
#5806 = VECTOR('',#5807,1.);
#5807 = DIRECTION('',(0.,-1.,0.));
#5808 = ORIENTED_EDGE('',*,*,#5809,.F.);
#5809 = EDGE_CURVE('',#5810,#5802,#5812,.T.);
#5810 = VERTEX_POINT('',#5811);
#5811 = CARTESIAN_POINT('',(0.5,-0.3,3.E-02));
#5812 = LINE('',#5813,#5814);
#5813 = CARTESIAN_POINT('',(-2.25E-02,-0.3,3.E-02));
#5814 = VECTOR('',#5815,1.);
#5815 = DIRECTION('',(1.,0.,0.));
#5816 = ORIENTED_EDGE('',*,*,#5817,.T.);
#5817 = EDGE_CURVE('',#5810,#5818,#5820,.T.);
#5818 = VERTEX_POINT('',#5819);
#5819 = CARTESIAN_POINT('',(0.5,0.3,3.E-02));
#5820 = LINE('',#5821,#5822);
#5821 = CARTESIAN_POINT('',(0.5,-0.4,3.E-02));
#5822 = VECTOR('',#5823,1.);
#5823 = DIRECTION('',(0.,1.,0.));
#5824 = ORIENTED_EDGE('',*,*,#5825,.F.);
#5825 = EDGE_CURVE('',#5826,#5818,#5828,.T.);
#5826 = VERTEX_POINT('',#5827);
#5827 = CARTESIAN_POINT('',(0.725,0.3,3.E-02));
#5828 = LINE('',#5829,#5830);
#5829 = CARTESIAN_POINT('',(-0.7475,0.3,3.E-02));
#5830 = VECTOR('',#5831,1.);
#5831 = DIRECTION('',(-1.,0.,0.));
#5832 = ORIENTED_EDGE('',*,*,#5833,.F.);
#5833 = EDGE_CURVE('',#5834,#5826,#5836,.T.);
#5834 = VERTEX_POINT('',#5835);
#5835 = CARTESIAN_POINT('',(0.725,0.4,3.E-02));
#5836 = LINE('',#5837,#5838);
#5837 = CARTESIAN_POINT('',(0.725,-5.E-02,3.E-02));
#5838 = VECTOR('',#5839,1.);
#5839 = DIRECTION('',(0.,-1.,0.));
#5840 = ORIENTED_EDGE('',*,*,#5841,.F.);
#5841 = EDGE_CURVE('',#5842,#5834,#5844,.T.);
#5842 = VERTEX_POINT('',#5843);
#5843 = CARTESIAN_POINT('',(-0.725,0.4,3.E-02));
#5844 = LINE('',#5845,#5846);
#5845 = CARTESIAN_POINT('',(-0.77,0.4,3.E-02));
#5846 = VECTOR('',#5847,1.);
#5847 = DIRECTION('',(1.,0.,0.));
#5848 = ORIENTED_EDGE('',*,*,#5849,.F.);
#5849 = EDGE_CURVE('',#5850,#5842,#5852,.T.);
#5850 = VERTEX_POINT('',#5851);
#5851 = CARTESIAN_POINT('',(-0.725,0.3,3.E-02));
#5852 = LINE('',#5853,#5854);
#5853 = CARTESIAN_POINT('',(-0.725,5.E-02,3.E-02));
#5854 = VECTOR('',#5855,1.);
#5855 = DIRECTION('',(0.,1.,0.));
#5856 = ORIENTED_EDGE('',*,*,#5857,.F.);
#5857 = EDGE_CURVE('',#5858,#5850,#5860,.T.);
#5858 = VERTEX_POINT('',#5859);
#5859 = CARTESIAN_POINT('',(-0.5,0.3,3.E-02));
#5860 = LINE('',#5861,#5862);
#5861 = CARTESIAN_POINT('',(-0.7475,0.3,3.E-02));
#5862 = VECTOR('',#5863,1.);
#5863 = DIRECTION('',(-1.,0.,0.));
#5864 = ORIENTED_EDGE('',*,*,#5865,.F.);
#5865 = EDGE_CURVE('',#5866,#5858,#5868,.T.);
#5866 = VERTEX_POINT('',#5867);
#5867 = CARTESIAN_POINT('',(-0.5,-0.3,3.E-02));
#5868 = LINE('',#5869,#5870);
#5869 = CARTESIAN_POINT('',(-0.5,-0.4,3.E-02));
#5870 = VECTOR('',#5871,1.);
#5871 = DIRECTION('',(0.,1.,0.));
#5872 = ORIENTED_EDGE('',*,*,#5873,.F.);
#5873 = EDGE_CURVE('',#5793,#5866,#5874,.T.);
#5874 = LINE('',#5875,#5876);
#5875 = CARTESIAN_POINT('',(-2.25E-02,-0.3,3.E-02));
#5876 = VECTOR('',#5877,1.);
#5877 = DIRECTION('',(1.,0.,0.));
#5878 = FACE_BOUND('',#5879,.F.);
#5879 = EDGE_LOOP('',(#5880,#5890,#5898));
#5880 = ORIENTED_EDGE('',*,*,#5881,.T.);
#5881 = EDGE_CURVE('',#5882,#5884,#5886,.T.);
#5882 = VERTEX_POINT('',#5883);
#5883 = CARTESIAN_POINT('',(0.277128129211,0.32,3.E-02));
#5884 = VERTEX_POINT('',#5885);
#5885 = CARTESIAN_POINT('',(0.277128129211,-0.32,3.E-02));
#5886 = LINE('',#5887,#5888);
#5887 = CARTESIAN_POINT('',(0.277128129211,0.32,3.E-02));
#5888 = VECTOR('',#5889,1.);
#5889 = DIRECTION('',(0.,-1.,0.));
#5890 = ORIENTED_EDGE('',*,*,#5891,.T.);
#5891 = EDGE_CURVE('',#5884,#5892,#5894,.T.);
#5892 = VERTEX_POINT('',#5893);
#5893 = CARTESIAN_POINT('',(-0.277128129211,0.,3.E-02));
#5894 = LINE('',#5895,#5896);
#5895 = CARTESIAN_POINT('',(0.277128129211,-0.32,3.E-02));
#5896 = VECTOR('',#5897,1.);
#5897 = DIRECTION('',(-0.866025403784,0.5,0.));
#5898 = ORIENTED_EDGE('',*,*,#5899,.T.);
#5899 = EDGE_CURVE('',#5892,#5882,#5900,.T.);
#5900 = LINE('',#5901,#5902);
#5901 = CARTESIAN_POINT('',(-0.277128129211,0.,3.E-02));
#5902 = VECTOR('',#5903,1.);
#5903 = DIRECTION('',(0.866025403784,0.5,0.));
#5904 = PLANE('',#5905);
#5905 = AXIS2_PLACEMENT_3D('',#5906,#5907,#5908);
#5906 = CARTESIAN_POINT('',(-0.77,-0.4,3.E-02));
#5907 = DIRECTION('',(0.,0.,1.));
#5908 = DIRECTION('',(1.,0.,-0.));
#5909 = ADVANCED_FACE('',(#5910),#5971,.F.);
#5910 = FACE_BOUND('',#5911,.F.);
#5911 = EDGE_LOOP('',(#5912,#5922,#5928,#5929,#5930,#5931,#5939,#5947,
    #5956,#5964));
#5912 = ORIENTED_EDGE('',*,*,#5913,.F.);
#5913 = EDGE_CURVE('',#5914,#5916,#5918,.T.);
#5914 = VERTEX_POINT('',#5915);
#5915 = CARTESIAN_POINT('',(0.725,-0.4,0.));
#5916 = VERTEX_POINT('',#5917);
#5917 = CARTESIAN_POINT('',(0.77,-0.4,-3.469446951954E-18));
#5918 = LINE('',#5919,#5920);
#5919 = CARTESIAN_POINT('',(0.5,-0.4,0.));
#5920 = VECTOR('',#5921,1.);
#5921 = DIRECTION('',(1.,0.,0.));
#5922 = ORIENTED_EDGE('',*,*,#5923,.F.);
#5923 = EDGE_CURVE('',#5535,#5914,#5924,.T.);
#5924 = LINE('',#5925,#5926);
#5925 = CARTESIAN_POINT('',(0.725,-0.4,0.375));
#5926 = VECTOR('',#5927,1.);
#5927 = DIRECTION('',(0.,0.,-1.));
#5928 = ORIENTED_EDGE('',*,*,#5534,.T.);
#5929 = ORIENTED_EDGE('',*,*,#5526,.T.);
#5930 = ORIENTED_EDGE('',*,*,#5518,.F.);
#5931 = ORIENTED_EDGE('',*,*,#5932,.F.);
#5932 = EDGE_CURVE('',#5933,#5511,#5935,.T.);
#5933 = VERTEX_POINT('',#5934);
#5934 = CARTESIAN_POINT('',(0.725,-0.4,0.5));
#5935 = LINE('',#5936,#5937);
#5936 = CARTESIAN_POINT('',(0.725,-0.4,0.375));
#5937 = VECTOR('',#5938,1.);
#5938 = DIRECTION('',(0.,0.,-1.));
#5939 = ORIENTED_EDGE('',*,*,#5940,.T.);
#5940 = EDGE_CURVE('',#5933,#5941,#5943,.T.);
#5941 = VERTEX_POINT('',#5942);
#5942 = CARTESIAN_POINT('',(0.77,-0.4,0.5));
#5943 = LINE('',#5944,#5945);
#5944 = CARTESIAN_POINT('',(0.5,-0.4,0.5));
#5945 = VECTOR('',#5946,1.);
#5946 = DIRECTION('',(1.,0.,0.));
#5947 = ORIENTED_EDGE('',*,*,#5948,.F.);
#5948 = EDGE_CURVE('',#5949,#5941,#5951,.T.);
#5949 = VERTEX_POINT('',#5950);
#5950 = CARTESIAN_POINT('',(0.8,-0.4,0.47));
#5951 = CIRCLE('',#5952,3.E-02);
#5952 = AXIS2_PLACEMENT_3D('',#5953,#5954,#5955);
#5953 = CARTESIAN_POINT('',(0.77,-0.4,0.47));
#5954 = DIRECTION('',(0.,-1.,0.));
#5955 = DIRECTION('',(0.,0.,1.));
#5956 = ORIENTED_EDGE('',*,*,#5957,.F.);
#5957 = EDGE_CURVE('',#5958,#5949,#5960,.T.);
#5958 = VERTEX_POINT('',#5959);
#5959 = CARTESIAN_POINT('',(0.8,-0.4,3.E-02));
#5960 = LINE('',#5961,#5962);
#5961 = CARTESIAN_POINT('',(0.8,-0.4,0.));
#5962 = VECTOR('',#5963,1.);
#5963 = DIRECTION('',(0.,0.,1.));
#5964 = ORIENTED_EDGE('',*,*,#5965,.T.);
#5965 = EDGE_CURVE('',#5958,#5916,#5966,.T.);
#5966 = CIRCLE('',#5967,3.E-02);
#5967 = AXIS2_PLACEMENT_3D('',#5968,#5969,#5970);
#5968 = CARTESIAN_POINT('',(0.77,-0.4,3.E-02));
#5969 = DIRECTION('',(0.,1.,0.));
#5970 = DIRECTION('',(0.,-0.,1.));
#5971 = PLANE('',#5972);
#5972 = AXIS2_PLACEMENT_3D('',#5973,#5974,#5975);
#5973 = CARTESIAN_POINT('',(0.5,-0.4,0.));
#5974 = DIRECTION('',(0.,1.,0.));
#5975 = DIRECTION('',(0.,-0.,1.));
#5976 = ADVANCED_FACE('',(#5977),#5995,.T.);
#5977 = FACE_BOUND('',#5978,.T.);
#5978 = EDGE_LOOP('',(#5979,#5987,#5988,#5989));
#5979 = ORIENTED_EDGE('',*,*,#5980,.F.);
#5980 = EDGE_CURVE('',#5583,#5981,#5983,.T.);
#5981 = VERTEX_POINT('',#5982);
#5982 = CARTESIAN_POINT('',(0.725,-0.3,0.47));
#5983 = LINE('',#5984,#5985);
#5984 = CARTESIAN_POINT('',(-2.25E-02,-0.3,0.47));
#5985 = VECTOR('',#5986,1.);
#5986 = DIRECTION('',(1.,0.,0.));
#5987 = ORIENTED_EDGE('',*,*,#5582,.T.);
#5988 = ORIENTED_EDGE('',*,*,#5510,.T.);
#5989 = ORIENTED_EDGE('',*,*,#5990,.F.);
#5990 = EDGE_CURVE('',#5981,#5511,#5991,.T.);
#5991 = LINE('',#5992,#5993);
#5992 = CARTESIAN_POINT('',(0.725,-0.45,0.47));
#5993 = VECTOR('',#5994,1.);
#5994 = DIRECTION('',(0.,-1.,0.));
#5995 = PLANE('',#5996);
#5996 = AXIS2_PLACEMENT_3D('',#5997,#5998,#5999);
#5997 = CARTESIAN_POINT('',(-0.77,-0.4,0.47));
#5998 = DIRECTION('',(0.,0.,1.));
#5999 = DIRECTION('',(1.,0.,-0.));
#6000 = ADVANCED_FACE('',(#6001),#6026,.T.);
#6001 = FACE_BOUND('',#6002,.T.);
#6002 = EDGE_LOOP('',(#6003,#6011,#6012,#6020));
#6003 = ORIENTED_EDGE('',*,*,#6004,.F.);
#6004 = EDGE_CURVE('',#5599,#6005,#6007,.T.);
#6005 = VERTEX_POINT('',#6006);
#6006 = CARTESIAN_POINT('',(0.725,0.4,0.47));
#6007 = LINE('',#6008,#6009);
#6008 = CARTESIAN_POINT('',(-0.77,0.4,0.47));
#6009 = VECTOR('',#6010,1.);
#6010 = DIRECTION('',(1.,0.,0.));
#6011 = ORIENTED_EDGE('',*,*,#5598,.T.);
#6012 = ORIENTED_EDGE('',*,*,#6013,.F.);
#6013 = EDGE_CURVE('',#6014,#5591,#6016,.T.);
#6014 = VERTEX_POINT('',#6015);
#6015 = CARTESIAN_POINT('',(0.725,0.3,0.47));
#6016 = LINE('',#6017,#6018);
#6017 = CARTESIAN_POINT('',(-0.7475,0.3,0.47));
#6018 = VECTOR('',#6019,1.);
#6019 = DIRECTION('',(-1.,0.,0.));
#6020 = ORIENTED_EDGE('',*,*,#6021,.F.);
#6021 = EDGE_CURVE('',#6005,#6014,#6022,.T.);
#6022 = LINE('',#6023,#6024);
#6023 = CARTESIAN_POINT('',(0.725,-5.E-02,0.47));
#6024 = VECTOR('',#6025,1.);
#6025 = DIRECTION('',(0.,-1.,0.));
#6026 = PLANE('',#6027);
#6027 = AXIS2_PLACEMENT_3D('',#6028,#6029,#6030);
#6028 = CARTESIAN_POINT('',(-0.77,-0.4,0.47));
#6029 = DIRECTION('',(0.,0.,1.));
#6030 = DIRECTION('',(1.,0.,-0.));
#6031 = ADVANCED_FACE('',(#6032),#6059,.T.);
#6032 = FACE_BOUND('',#6033,.T.);
#6033 = EDGE_LOOP('',(#6034,#6035,#6044,#6052));
#6034 = ORIENTED_EDGE('',*,*,#5590,.F.);
#6035 = ORIENTED_EDGE('',*,*,#6036,.T.);
#6036 = EDGE_CURVE('',#5583,#6037,#6039,.T.);
#6037 = VERTEX_POINT('',#6038);
#6038 = CARTESIAN_POINT('',(0.53,-0.3,0.5));
#6039 = CIRCLE('',#6040,3.E-02);
#6040 = AXIS2_PLACEMENT_3D('',#6041,#6042,#6043);
#6041 = CARTESIAN_POINT('',(0.53,-0.3,0.47));
#6042 = DIRECTION('',(0.,1.,-0.));
#6043 = DIRECTION('',(-1.,0.,0.));
#6044 = ORIENTED_EDGE('',*,*,#6045,.T.);
#6045 = EDGE_CURVE('',#6037,#6046,#6048,.T.);
#6046 = VERTEX_POINT('',#6047);
#6047 = CARTESIAN_POINT('',(0.53,0.3,0.5));
#6048 = LINE('',#6049,#6050);
#6049 = CARTESIAN_POINT('',(0.53,-0.4,0.5));
#6050 = VECTOR('',#6051,1.);
#6051 = DIRECTION('',(0.,1.,0.));
#6052 = ORIENTED_EDGE('',*,*,#6053,.F.);
#6053 = EDGE_CURVE('',#5591,#6046,#6054,.T.);
#6054 = CIRCLE('',#6055,3.E-02);
#6055 = AXIS2_PLACEMENT_3D('',#6056,#6057,#6058);
#6056 = CARTESIAN_POINT('',(0.53,0.3,0.47));
#6057 = DIRECTION('',(0.,1.,-0.));
#6058 = DIRECTION('',(-1.,0.,0.));
#6059 = CYLINDRICAL_SURFACE('',#6060,3.E-02);
#6060 = AXIS2_PLACEMENT_3D('',#6061,#6062,#6063);
#6061 = CARTESIAN_POINT('',(0.53,-0.4,0.47));
#6062 = DIRECTION('',(0.,1.,0.));
#6063 = DIRECTION('',(-1.,0.,0.));
#6064 = ADVANCED_FACE('',(#6065),#6115,.T.);
#6065 = FACE_BOUND('',#6066,.T.);
#6066 = EDGE_LOOP('',(#6067,#6075,#6083,#6089,#6090,#6091,#6092,#6100,
    #6108,#6114));
#6067 = ORIENTED_EDGE('',*,*,#6068,.F.);
#6068 = EDGE_CURVE('',#6069,#5842,#6071,.T.);
#6069 = VERTEX_POINT('',#6070);
#6070 = CARTESIAN_POINT('',(-0.77,0.4,3.E-02));
#6071 = LINE('',#6072,#6073);
#6072 = CARTESIAN_POINT('',(-0.77,0.4,3.E-02));
#6073 = VECTOR('',#6074,1.);
#6074 = DIRECTION('',(1.,0.,0.));
#6075 = ORIENTED_EDGE('',*,*,#6076,.T.);
#6076 = EDGE_CURVE('',#6069,#6077,#6079,.T.);
#6077 = VERTEX_POINT('',#6078);
#6078 = CARTESIAN_POINT('',(-0.77,0.4,0.47));
#6079 = LINE('',#6080,#6081);
#6080 = CARTESIAN_POINT('',(-0.77,0.4,3.E-02));
#6081 = VECTOR('',#6082,1.);
#6082 = DIRECTION('',(0.,0.,1.));
#6083 = ORIENTED_EDGE('',*,*,#6084,.T.);
#6084 = EDGE_CURVE('',#6077,#5621,#6085,.T.);
#6085 = LINE('',#6086,#6087);
#6086 = CARTESIAN_POINT('',(-0.77,0.4,0.47));
#6087 = VECTOR('',#6088,1.);
#6088 = DIRECTION('',(1.,0.,0.));
#6089 = ORIENTED_EDGE('',*,*,#5620,.T.);
#6090 = ORIENTED_EDGE('',*,*,#5654,.F.);
#6091 = ORIENTED_EDGE('',*,*,#6004,.T.);
#6092 = ORIENTED_EDGE('',*,*,#6093,.T.);
#6093 = EDGE_CURVE('',#6005,#6094,#6096,.T.);
#6094 = VERTEX_POINT('',#6095);
#6095 = CARTESIAN_POINT('',(0.77,0.4,0.47));
#6096 = LINE('',#6097,#6098);
#6097 = CARTESIAN_POINT('',(-0.77,0.4,0.47));
#6098 = VECTOR('',#6099,1.);
#6099 = DIRECTION('',(1.,0.,0.));
#6100 = ORIENTED_EDGE('',*,*,#6101,.F.);
#6101 = EDGE_CURVE('',#6102,#6094,#6104,.T.);
#6102 = VERTEX_POINT('',#6103);
#6103 = CARTESIAN_POINT('',(0.77,0.4,3.E-02));
#6104 = LINE('',#6105,#6106);
#6105 = CARTESIAN_POINT('',(0.77,0.4,3.E-02));
#6106 = VECTOR('',#6107,1.);
#6107 = DIRECTION('',(0.,0.,1.));
#6108 = ORIENTED_EDGE('',*,*,#6109,.F.);
#6109 = EDGE_CURVE('',#5834,#6102,#6110,.T.);
#6110 = LINE('',#6111,#6112);
#6111 = CARTESIAN_POINT('',(-0.77,0.4,3.E-02));
#6112 = VECTOR('',#6113,1.);
#6113 = DIRECTION('',(1.,0.,0.));
#6114 = ORIENTED_EDGE('',*,*,#5841,.F.);
#6115 = PLANE('',#6116);
#6116 = AXIS2_PLACEMENT_3D('',#6117,#6118,#6119);
#6117 = CARTESIAN_POINT('',(-0.77,0.4,3.E-02));
#6118 = DIRECTION('',(0.,1.,0.));
#6119 = DIRECTION('',(0.,-0.,1.));
#6120 = ADVANCED_FACE('',(#6121),#6139,.F.);
#6121 = FACE_BOUND('',#6122,.F.);
#6122 = EDGE_LOOP('',(#6123,#6131,#6137,#6138));
#6123 = ORIENTED_EDGE('',*,*,#6124,.F.);
#6124 = EDGE_CURVE('',#6125,#5669,#6127,.T.);
#6125 = VERTEX_POINT('',#6126);
#6126 = CARTESIAN_POINT('',(-0.725,0.3,0.5));
#6127 = LINE('',#6128,#6129);
#6128 = CARTESIAN_POINT('',(-0.7625,0.3,0.5));
#6129 = VECTOR('',#6130,1.);
#6130 = DIRECTION('',(1.,0.,0.));
#6131 = ORIENTED_EDGE('',*,*,#6132,.T.);
#6132 = EDGE_CURVE('',#6125,#5629,#6133,.T.);
#6133 = LINE('',#6134,#6135);
#6134 = CARTESIAN_POINT('',(-0.725,0.3,0.75));
#6135 = VECTOR('',#6136,1.);
#6136 = DIRECTION('',(-0.,-0.,-1.));
#6137 = ORIENTED_EDGE('',*,*,#5636,.F.);
#6138 = ORIENTED_EDGE('',*,*,#5668,.F.);
#6139 = PLANE('',#6140);
#6140 = AXIS2_PLACEMENT_3D('',#6141,#6142,#6143);
#6141 = CARTESIAN_POINT('',(-0.725,0.3,0.75));
#6142 = DIRECTION('',(0.,-1.,0.));
#6143 = DIRECTION('',(1.,0.,0.));
#6144 = ADVANCED_FACE('',(#6145),#6163,.F.);
#6145 = FACE_BOUND('',#6146,.F.);
#6146 = EDGE_LOOP('',(#6147,#6148,#6156,#6162));
#6147 = ORIENTED_EDGE('',*,*,#6132,.F.);
#6148 = ORIENTED_EDGE('',*,*,#6149,.F.);
#6149 = EDGE_CURVE('',#6150,#6125,#6152,.T.);
#6150 = VERTEX_POINT('',#6151);
#6151 = CARTESIAN_POINT('',(-0.725,0.4,0.5));
#6152 = LINE('',#6153,#6154);
#6153 = CARTESIAN_POINT('',(-0.725,5.E-02,0.5));
#6154 = VECTOR('',#6155,1.);
#6155 = DIRECTION('',(0.,-1.,0.));
#6156 = ORIENTED_EDGE('',*,*,#6157,.F.);
#6157 = EDGE_CURVE('',#5621,#6150,#6158,.T.);
#6158 = LINE('',#6159,#6160);
#6159 = CARTESIAN_POINT('',(-0.725,0.4,0.375));
#6160 = VECTOR('',#6161,1.);
#6161 = DIRECTION('',(0.,0.,1.));
#6162 = ORIENTED_EDGE('',*,*,#5628,.F.);
#6163 = PLANE('',#6164);
#6164 = AXIS2_PLACEMENT_3D('',#6165,#6166,#6167);
#6165 = CARTESIAN_POINT('',(-0.725,0.5,0.75));
#6166 = DIRECTION('',(-1.,0.,0.));
#6167 = DIRECTION('',(0.,-1.,0.));
#6168 = ADVANCED_FACE('',(#6169),#6187,.F.);
#6169 = FACE_BOUND('',#6170,.F.);
#6170 = EDGE_LOOP('',(#6171,#6179,#6185,#6186));
#6171 = ORIENTED_EDGE('',*,*,#6172,.F.);
#6172 = EDGE_CURVE('',#6173,#5702,#6175,.T.);
#6173 = VERTEX_POINT('',#6174);
#6174 = CARTESIAN_POINT('',(-0.725,-0.3,0.5));
#6175 = LINE('',#6176,#6177);
#6176 = CARTESIAN_POINT('',(-0.725,-0.3,0.75));
#6177 = VECTOR('',#6178,1.);
#6178 = DIRECTION('',(-0.,-0.,-1.));
#6179 = ORIENTED_EDGE('',*,*,#6180,.F.);
#6180 = EDGE_CURVE('',#5678,#6173,#6181,.T.);
#6181 = LINE('',#6182,#6183);
#6182 = CARTESIAN_POINT('',(-3.75E-02,-0.3,0.5));
#6183 = VECTOR('',#6184,1.);
#6184 = DIRECTION('',(-1.,0.,0.));
#6185 = ORIENTED_EDGE('',*,*,#5685,.T.);
#6186 = ORIENTED_EDGE('',*,*,#5711,.F.);
#6187 = PLANE('',#6188);
#6188 = AXIS2_PLACEMENT_3D('',#6189,#6190,#6191);
#6189 = CARTESIAN_POINT('',(0.725,-0.3,0.75));
#6190 = DIRECTION('',(0.,1.,0.));
#6191 = DIRECTION('',(-1.,0.,0.));
#6192 = ADVANCED_FACE('',(#6193),#6220,.T.);
#6193 = FACE_BOUND('',#6194,.T.);
#6194 = EDGE_LOOP('',(#6195,#6203,#6209,#6210,#6216,#6217,#6218,#6219));
#6195 = ORIENTED_EDGE('',*,*,#6196,.F.);
#6196 = EDGE_CURVE('',#6197,#6150,#6199,.T.);
#6197 = VERTEX_POINT('',#6198);
#6198 = CARTESIAN_POINT('',(-0.77,0.4,0.5));
#6199 = LINE('',#6200,#6201);
#6200 = CARTESIAN_POINT('',(-0.8,0.4,0.5));
#6201 = VECTOR('',#6202,1.);
#6202 = DIRECTION('',(1.,0.,0.));
#6203 = ORIENTED_EDGE('',*,*,#6204,.F.);
#6204 = EDGE_CURVE('',#5753,#6197,#6205,.T.);
#6205 = LINE('',#6206,#6207);
#6206 = CARTESIAN_POINT('',(-0.77,-0.4,0.5));
#6207 = VECTOR('',#6208,1.);
#6208 = DIRECTION('',(0.,1.,0.));
#6209 = ORIENTED_EDGE('',*,*,#5761,.T.);
#6210 = ORIENTED_EDGE('',*,*,#6211,.F.);
#6211 = EDGE_CURVE('',#6173,#5762,#6212,.T.);
#6212 = LINE('',#6213,#6214);
#6213 = CARTESIAN_POINT('',(-0.725,-0.35,0.5));
#6214 = VECTOR('',#6215,1.);
#6215 = DIRECTION('',(0.,-1.,0.));
#6216 = ORIENTED_EDGE('',*,*,#6180,.F.);
#6217 = ORIENTED_EDGE('',*,*,#5677,.T.);
#6218 = ORIENTED_EDGE('',*,*,#6124,.F.);
#6219 = ORIENTED_EDGE('',*,*,#6149,.F.);
#6220 = PLANE('',#6221);
#6221 = AXIS2_PLACEMENT_3D('',#6222,#6223,#6224);
#6222 = CARTESIAN_POINT('',(-0.8,-0.4,0.5));
#6223 = DIRECTION('',(0.,0.,1.));
#6224 = DIRECTION('',(1.,0.,-0.));
#6225 = ADVANCED_FACE('',(#6226),#6232,.F.);
#6226 = FACE_BOUND('',#6227,.F.);
#6227 = EDGE_LOOP('',(#6228,#6229,#6230,#6231));
#6228 = ORIENTED_EDGE('',*,*,#6211,.F.);
#6229 = ORIENTED_EDGE('',*,*,#6172,.T.);
#6230 = ORIENTED_EDGE('',*,*,#5701,.F.);
#6231 = ORIENTED_EDGE('',*,*,#5769,.T.);
#6232 = PLANE('',#6233);
#6233 = AXIS2_PLACEMENT_3D('',#6234,#6235,#6236);
#6234 = CARTESIAN_POINT('',(-0.725,-0.3,0.75));
#6235 = DIRECTION('',(-1.,0.,0.));
#6236 = DIRECTION('',(0.,-1.,0.));
#6237 = ADVANCED_FACE('',(#6238),#6295,.F.);
#6238 = FACE_BOUND('',#6239,.F.);
#6239 = EDGE_LOOP('',(#6240,#6250,#6256,#6257,#6265,#6273,#6281,#6289));
#6240 = ORIENTED_EDGE('',*,*,#6241,.F.);
#6241 = EDGE_CURVE('',#6242,#6244,#6246,.T.);
#6242 = VERTEX_POINT('',#6243);
#6243 = CARTESIAN_POINT('',(-0.77,0.4,-3.469446951954E-18));
#6244 = VERTEX_POINT('',#6245);
#6245 = CARTESIAN_POINT('',(-0.725,0.4,0.));
#6246 = LINE('',#6247,#6248);
#6247 = CARTESIAN_POINT('',(-0.8,0.4,0.));
#6248 = VECTOR('',#6249,1.);
#6249 = DIRECTION('',(1.,0.,0.));
#6250 = ORIENTED_EDGE('',*,*,#6251,.F.);
#6251 = EDGE_CURVE('',#5726,#6242,#6252,.T.);
#6252 = LINE('',#6253,#6254);
#6253 = CARTESIAN_POINT('',(-0.77,-0.4,-3.469446951954E-18));
#6254 = VECTOR('',#6255,1.);
#6255 = DIRECTION('',(0.,1.,0.));
#6256 = ORIENTED_EDGE('',*,*,#5725,.T.);
#6257 = ORIENTED_EDGE('',*,*,#6258,.F.);
#6258 = EDGE_CURVE('',#6259,#5728,#6261,.T.);
#6259 = VERTEX_POINT('',#6260);
#6260 = CARTESIAN_POINT('',(-0.725,-0.3,0.));
#6261 = LINE('',#6262,#6263);
#6262 = CARTESIAN_POINT('',(-0.725,-0.35,0.));
#6263 = VECTOR('',#6264,1.);
#6264 = DIRECTION('',(0.,-1.,0.));
#6265 = ORIENTED_EDGE('',*,*,#6266,.F.);
#6266 = EDGE_CURVE('',#6267,#6259,#6269,.T.);
#6267 = VERTEX_POINT('',#6268);
#6268 = CARTESIAN_POINT('',(-0.53,-0.3,-3.469446951954E-18));
#6269 = LINE('',#6270,#6271);
#6270 = CARTESIAN_POINT('',(-3.75E-02,-0.3,0.));
#6271 = VECTOR('',#6272,1.);
#6272 = DIRECTION('',(-1.,0.,0.));
#6273 = ORIENTED_EDGE('',*,*,#6274,.T.);
#6274 = EDGE_CURVE('',#6267,#6275,#6277,.T.);
#6275 = VERTEX_POINT('',#6276);
#6276 = CARTESIAN_POINT('',(-0.53,0.3,-3.469446951954E-18));
#6277 = LINE('',#6278,#6279);
#6278 = CARTESIAN_POINT('',(-0.53,-0.4,-3.469446951954E-18));
#6279 = VECTOR('',#6280,1.);
#6280 = DIRECTION('',(0.,1.,0.));
#6281 = ORIENTED_EDGE('',*,*,#6282,.F.);
#6282 = EDGE_CURVE('',#6283,#6275,#6285,.T.);
#6283 = VERTEX_POINT('',#6284);
#6284 = CARTESIAN_POINT('',(-0.725,0.3,0.));
#6285 = LINE('',#6286,#6287);
#6286 = CARTESIAN_POINT('',(-0.7625,0.3,0.));
#6287 = VECTOR('',#6288,1.);
#6288 = DIRECTION('',(1.,0.,0.));
#6289 = ORIENTED_EDGE('',*,*,#6290,.F.);
#6290 = EDGE_CURVE('',#6244,#6283,#6291,.T.);
#6291 = LINE('',#6292,#6293);
#6292 = CARTESIAN_POINT('',(-0.725,5.E-02,0.));
#6293 = VECTOR('',#6294,1.);
#6294 = DIRECTION('',(0.,-1.,0.));
#6295 = PLANE('',#6296);
#6296 = AXIS2_PLACEMENT_3D('',#6297,#6298,#6299);
#6297 = CARTESIAN_POINT('',(-0.8,-0.4,0.));
#6298 = DIRECTION('',(0.,0.,1.));
#6299 = DIRECTION('',(1.,0.,-0.));
#6300 = ADVANCED_FACE('',(#6301),#6320,.T.);
#6301 = FACE_BOUND('',#6302,.T.);
#6302 = EDGE_LOOP('',(#6303,#6311,#6318,#6319));
#6303 = ORIENTED_EDGE('',*,*,#6304,.T.);
#6304 = EDGE_CURVE('',#5736,#6305,#6307,.T.);
#6305 = VERTEX_POINT('',#6306);
#6306 = CARTESIAN_POINT('',(-0.8,0.4,3.E-02));
#6307 = LINE('',#6308,#6309);
#6308 = CARTESIAN_POINT('',(-0.8,-0.4,3.E-02));
#6309 = VECTOR('',#6310,1.);
#6310 = DIRECTION('',(0.,1.,0.));
#6311 = ORIENTED_EDGE('',*,*,#6312,.T.);
#6312 = EDGE_CURVE('',#6305,#6242,#6313,.T.);
#6313 = CIRCLE('',#6314,3.E-02);
#6314 = AXIS2_PLACEMENT_3D('',#6315,#6316,#6317);
#6315 = CARTESIAN_POINT('',(-0.77,0.4,3.E-02));
#6316 = DIRECTION('',(0.,-1.,0.));
#6317 = DIRECTION('',(0.,0.,1.));
#6318 = ORIENTED_EDGE('',*,*,#6251,.F.);
#6319 = ORIENTED_EDGE('',*,*,#5735,.F.);
#6320 = CYLINDRICAL_SURFACE('',#6321,3.E-02);
#6321 = AXIS2_PLACEMENT_3D('',#6322,#6323,#6324);
#6322 = CARTESIAN_POINT('',(-0.77,-0.4,3.E-02));
#6323 = DIRECTION('',(0.,1.,0.));
#6324 = DIRECTION('',(-1.,0.,0.));
#6325 = ADVANCED_FACE('',(#6326),#6337,.F.);
#6326 = FACE_BOUND('',#6327,.F.);
#6327 = EDGE_LOOP('',(#6328,#6329,#6335,#6336));
#6328 = ORIENTED_EDGE('',*,*,#5792,.T.);
#6329 = ORIENTED_EDGE('',*,*,#6330,.T.);
#6330 = EDGE_CURVE('',#5793,#6259,#6331,.T.);
#6331 = LINE('',#6332,#6333);
#6332 = CARTESIAN_POINT('',(-0.725,-0.3,0.75));
#6333 = VECTOR('',#6334,1.);
#6334 = DIRECTION('',(-0.,-0.,-1.));
#6335 = ORIENTED_EDGE('',*,*,#6258,.T.);
#6336 = ORIENTED_EDGE('',*,*,#5778,.T.);
#6337 = PLANE('',#6338);
#6338 = AXIS2_PLACEMENT_3D('',#6339,#6340,#6341);
#6339 = CARTESIAN_POINT('',(-0.725,-0.3,0.75));
#6340 = DIRECTION('',(-1.,0.,0.));
#6341 = DIRECTION('',(0.,-1.,0.));
#6342 = ADVANCED_FACE('',(#6343),#6361,.F.);
#6343 = FACE_BOUND('',#6344,.F.);
#6344 = EDGE_LOOP('',(#6345,#6346,#6347,#6355));
#6345 = ORIENTED_EDGE('',*,*,#5744,.F.);
#6346 = ORIENTED_EDGE('',*,*,#6304,.T.);
#6347 = ORIENTED_EDGE('',*,*,#6348,.T.);
#6348 = EDGE_CURVE('',#6305,#6349,#6351,.T.);
#6349 = VERTEX_POINT('',#6350);
#6350 = CARTESIAN_POINT('',(-0.8,0.4,0.47));
#6351 = LINE('',#6352,#6353);
#6352 = CARTESIAN_POINT('',(-0.8,0.4,0.));
#6353 = VECTOR('',#6354,1.);
#6354 = DIRECTION('',(0.,0.,1.));
#6355 = ORIENTED_EDGE('',*,*,#6356,.F.);
#6356 = EDGE_CURVE('',#5745,#6349,#6357,.T.);
#6357 = LINE('',#6358,#6359);
#6358 = CARTESIAN_POINT('',(-0.8,-0.4,0.47));
#6359 = VECTOR('',#6360,1.);
#6360 = DIRECTION('',(0.,1.,0.));
#6361 = PLANE('',#6362);
#6362 = AXIS2_PLACEMENT_3D('',#6363,#6364,#6365);
#6363 = CARTESIAN_POINT('',(-0.8,-0.4,0.));
#6364 = DIRECTION('',(1.,0.,0.));
#6365 = DIRECTION('',(0.,0.,1.));
#6366 = ADVANCED_FACE('',(#6367),#6379,.T.);
#6367 = FACE_BOUND('',#6368,.T.);
#6368 = EDGE_LOOP('',(#6369,#6370,#6371,#6378));
#6369 = ORIENTED_EDGE('',*,*,#5752,.T.);
#6370 = ORIENTED_EDGE('',*,*,#6204,.T.);
#6371 = ORIENTED_EDGE('',*,*,#6372,.F.);
#6372 = EDGE_CURVE('',#6349,#6197,#6373,.T.);
#6373 = CIRCLE('',#6374,3.E-02);
#6374 = AXIS2_PLACEMENT_3D('',#6375,#6376,#6377);
#6375 = CARTESIAN_POINT('',(-0.77,0.4,0.47));
#6376 = DIRECTION('',(0.,1.,0.));
#6377 = DIRECTION('',(0.,-0.,1.));
#6378 = ORIENTED_EDGE('',*,*,#6356,.F.);
#6379 = CYLINDRICAL_SURFACE('',#6380,3.E-02);
#6380 = AXIS2_PLACEMENT_3D('',#6381,#6382,#6383);
#6381 = CARTESIAN_POINT('',(-0.77,-0.4,0.47));
#6382 = DIRECTION('',(0.,1.,0.));
#6383 = DIRECTION('',(-1.,0.,0.));
#6384 = ADVANCED_FACE('',(#6385),#6397,.F.);
#6385 = FACE_BOUND('',#6386,.F.);
#6386 = EDGE_LOOP('',(#6387,#6388,#6389,#6396));
#6387 = ORIENTED_EDGE('',*,*,#6330,.F.);
#6388 = ORIENTED_EDGE('',*,*,#5873,.T.);
#6389 = ORIENTED_EDGE('',*,*,#6390,.T.);
#6390 = EDGE_CURVE('',#5866,#6267,#6391,.T.);
#6391 = CIRCLE('',#6392,3.E-02);
#6392 = AXIS2_PLACEMENT_3D('',#6393,#6394,#6395);
#6393 = CARTESIAN_POINT('',(-0.53,-0.3,3.E-02));
#6394 = DIRECTION('',(-0.,1.,0.));
#6395 = DIRECTION('',(1.,0.,0.));
#6396 = ORIENTED_EDGE('',*,*,#6266,.T.);
#6397 = PLANE('',#6398);
#6398 = AXIS2_PLACEMENT_3D('',#6399,#6400,#6401);
#6399 = CARTESIAN_POINT('',(0.725,-0.3,0.75));
#6400 = DIRECTION('',(0.,1.,0.));
#6401 = DIRECTION('',(-1.,0.,0.));
#6402 = ADVANCED_FACE('',(#6403),#6415,.T.);
#6403 = FACE_BOUND('',#6404,.T.);
#6404 = EDGE_LOOP('',(#6405,#6406,#6407,#6408));
#6405 = ORIENTED_EDGE('',*,*,#5865,.F.);
#6406 = ORIENTED_EDGE('',*,*,#6390,.T.);
#6407 = ORIENTED_EDGE('',*,*,#6274,.T.);
#6408 = ORIENTED_EDGE('',*,*,#6409,.F.);
#6409 = EDGE_CURVE('',#5858,#6275,#6410,.T.);
#6410 = CIRCLE('',#6411,3.E-02);
#6411 = AXIS2_PLACEMENT_3D('',#6412,#6413,#6414);
#6412 = CARTESIAN_POINT('',(-0.53,0.3,3.E-02));
#6413 = DIRECTION('',(-0.,1.,0.));
#6414 = DIRECTION('',(1.,0.,0.));
#6415 = CYLINDRICAL_SURFACE('',#6416,3.E-02);
#6416 = AXIS2_PLACEMENT_3D('',#6417,#6418,#6419);
#6417 = CARTESIAN_POINT('',(-0.53,-0.4,3.E-02));
#6418 = DIRECTION('',(0.,1.,0.));
#6419 = DIRECTION('',(1.,0.,0.));
#6420 = ADVANCED_FACE('',(#6421),#6432,.F.);
#6421 = FACE_BOUND('',#6422,.F.);
#6422 = EDGE_LOOP('',(#6423,#6424,#6430,#6431));
#6423 = ORIENTED_EDGE('',*,*,#5857,.T.);
#6424 = ORIENTED_EDGE('',*,*,#6425,.T.);
#6425 = EDGE_CURVE('',#5850,#6283,#6426,.T.);
#6426 = LINE('',#6427,#6428);
#6427 = CARTESIAN_POINT('',(-0.725,0.3,0.75));
#6428 = VECTOR('',#6429,1.);
#6429 = DIRECTION('',(-0.,-0.,-1.));
#6430 = ORIENTED_EDGE('',*,*,#6282,.T.);
#6431 = ORIENTED_EDGE('',*,*,#6409,.F.);
#6432 = PLANE('',#6433);
#6433 = AXIS2_PLACEMENT_3D('',#6434,#6435,#6436);
#6434 = CARTESIAN_POINT('',(-0.725,0.3,0.75));
#6435 = DIRECTION('',(0.,-1.,0.));
#6436 = DIRECTION('',(1.,0.,0.));
#6437 = ADVANCED_FACE('',(#6438),#6449,.F.);
#6438 = FACE_BOUND('',#6439,.F.);
#6439 = EDGE_LOOP('',(#6440,#6441,#6442,#6448));
#6440 = ORIENTED_EDGE('',*,*,#6425,.F.);
#6441 = ORIENTED_EDGE('',*,*,#5849,.T.);
#6442 = ORIENTED_EDGE('',*,*,#6443,.F.);
#6443 = EDGE_CURVE('',#6244,#5842,#6444,.T.);
#6444 = LINE('',#6445,#6446);
#6445 = CARTESIAN_POINT('',(-0.725,0.4,0.375));
#6446 = VECTOR('',#6447,1.);
#6447 = DIRECTION('',(0.,0.,1.));
#6448 = ORIENTED_EDGE('',*,*,#6290,.T.);
#6449 = PLANE('',#6450);
#6450 = AXIS2_PLACEMENT_3D('',#6451,#6452,#6453);
#6451 = CARTESIAN_POINT('',(-0.725,0.5,0.75));
#6452 = DIRECTION('',(-1.,0.,0.));
#6453 = DIRECTION('',(0.,-1.,0.));
#6454 = ADVANCED_FACE('',(#6455),#6480,.F.);
#6455 = FACE_BOUND('',#6456,.F.);
#6456 = EDGE_LOOP('',(#6457,#6458,#6466,#6474));
#6457 = ORIENTED_EDGE('',*,*,#5833,.T.);
#6458 = ORIENTED_EDGE('',*,*,#6459,.T.);
#6459 = EDGE_CURVE('',#5826,#6460,#6462,.T.);
#6460 = VERTEX_POINT('',#6461);
#6461 = CARTESIAN_POINT('',(0.725,0.3,0.));
#6462 = LINE('',#6463,#6464);
#6463 = CARTESIAN_POINT('',(0.725,0.3,0.75));
#6464 = VECTOR('',#6465,1.);
#6465 = DIRECTION('',(-0.,-0.,-1.));
#6466 = ORIENTED_EDGE('',*,*,#6467,.T.);
#6467 = EDGE_CURVE('',#6460,#6468,#6470,.T.);
#6468 = VERTEX_POINT('',#6469);
#6469 = CARTESIAN_POINT('',(0.725,0.4,0.));
#6470 = LINE('',#6471,#6472);
#6471 = CARTESIAN_POINT('',(0.725,-5.E-02,0.));
#6472 = VECTOR('',#6473,1.);
#6473 = DIRECTION('',(0.,1.,0.));
#6474 = ORIENTED_EDGE('',*,*,#6475,.F.);
#6475 = EDGE_CURVE('',#5834,#6468,#6476,.T.);
#6476 = LINE('',#6477,#6478);
#6477 = CARTESIAN_POINT('',(0.725,0.4,0.375));
#6478 = VECTOR('',#6479,1.);
#6479 = DIRECTION('',(0.,0.,-1.));
#6480 = PLANE('',#6481);
#6481 = AXIS2_PLACEMENT_3D('',#6482,#6483,#6484);
#6482 = CARTESIAN_POINT('',(0.725,0.3,0.75));
#6483 = DIRECTION('',(1.,0.,0.));
#6484 = DIRECTION('',(-0.,1.,0.));
#6485 = ADVANCED_FACE('',(#6486),#6505,.F.);
#6486 = FACE_BOUND('',#6487,.F.);
#6487 = EDGE_LOOP('',(#6488,#6489,#6490,#6499));
#6488 = ORIENTED_EDGE('',*,*,#6459,.F.);
#6489 = ORIENTED_EDGE('',*,*,#5825,.T.);
#6490 = ORIENTED_EDGE('',*,*,#6491,.F.);
#6491 = EDGE_CURVE('',#6492,#5818,#6494,.T.);
#6492 = VERTEX_POINT('',#6493);
#6493 = CARTESIAN_POINT('',(0.53,0.3,-3.469446951954E-18));
#6494 = CIRCLE('',#6495,3.E-02);
#6495 = AXIS2_PLACEMENT_3D('',#6496,#6497,#6498);
#6496 = CARTESIAN_POINT('',(0.53,0.3,3.E-02));
#6497 = DIRECTION('',(0.,1.,-0.));
#6498 = DIRECTION('',(-1.,0.,0.));
#6499 = ORIENTED_EDGE('',*,*,#6500,.T.);
#6500 = EDGE_CURVE('',#6492,#6460,#6501,.T.);
#6501 = LINE('',#6502,#6503);
#6502 = CARTESIAN_POINT('',(-0.1125,0.3,0.));
#6503 = VECTOR('',#6504,1.);
#6504 = DIRECTION('',(1.,0.,0.));
#6505 = PLANE('',#6506);
#6506 = AXIS2_PLACEMENT_3D('',#6507,#6508,#6509);
#6507 = CARTESIAN_POINT('',(-0.725,0.3,0.75));
#6508 = DIRECTION('',(0.,-1.,0.));
#6509 = DIRECTION('',(1.,0.,0.));
#6510 = ADVANCED_FACE('',(#6511),#6530,.T.);
#6511 = FACE_BOUND('',#6512,.T.);
#6512 = EDGE_LOOP('',(#6513,#6514,#6522,#6529));
#6513 = ORIENTED_EDGE('',*,*,#6491,.F.);
#6514 = ORIENTED_EDGE('',*,*,#6515,.F.);
#6515 = EDGE_CURVE('',#6516,#6492,#6518,.T.);
#6516 = VERTEX_POINT('',#6517);
#6517 = CARTESIAN_POINT('',(0.53,-0.3,-3.469446951954E-18));
#6518 = LINE('',#6519,#6520);
#6519 = CARTESIAN_POINT('',(0.53,-0.4,-3.469446951954E-18));
#6520 = VECTOR('',#6521,1.);
#6521 = DIRECTION('',(0.,1.,0.));
#6522 = ORIENTED_EDGE('',*,*,#6523,.T.);
#6523 = EDGE_CURVE('',#6516,#5810,#6524,.T.);
#6524 = CIRCLE('',#6525,3.E-02);
#6525 = AXIS2_PLACEMENT_3D('',#6526,#6527,#6528);
#6526 = CARTESIAN_POINT('',(0.53,-0.3,3.E-02));
#6527 = DIRECTION('',(0.,1.,-0.));
#6528 = DIRECTION('',(-1.,0.,0.));
#6529 = ORIENTED_EDGE('',*,*,#5817,.T.);
#6530 = CYLINDRICAL_SURFACE('',#6531,3.E-02);
#6531 = AXIS2_PLACEMENT_3D('',#6532,#6533,#6534);
#6532 = CARTESIAN_POINT('',(0.53,-0.4,3.E-02));
#6533 = DIRECTION('',(0.,1.,0.));
#6534 = DIRECTION('',(-1.,0.,0.));
#6535 = ADVANCED_FACE('',(#6536),#6554,.F.);
#6536 = FACE_BOUND('',#6537,.F.);
#6537 = EDGE_LOOP('',(#6538,#6539,#6547,#6553));
#6538 = ORIENTED_EDGE('',*,*,#5809,.T.);
#6539 = ORIENTED_EDGE('',*,*,#6540,.T.);
#6540 = EDGE_CURVE('',#5802,#6541,#6543,.T.);
#6541 = VERTEX_POINT('',#6542);
#6542 = CARTESIAN_POINT('',(0.725,-0.3,0.));
#6543 = LINE('',#6544,#6545);
#6544 = CARTESIAN_POINT('',(0.725,-0.3,0.75));
#6545 = VECTOR('',#6546,1.);
#6546 = DIRECTION('',(-0.,-0.,-1.));
#6547 = ORIENTED_EDGE('',*,*,#6548,.T.);
#6548 = EDGE_CURVE('',#6541,#6516,#6549,.T.);
#6549 = LINE('',#6550,#6551);
#6550 = CARTESIAN_POINT('',(0.6125,-0.3,0.));
#6551 = VECTOR('',#6552,1.);
#6552 = DIRECTION('',(-1.,0.,0.));
#6553 = ORIENTED_EDGE('',*,*,#6523,.T.);
#6554 = PLANE('',#6555);
#6555 = AXIS2_PLACEMENT_3D('',#6556,#6557,#6558);
#6556 = CARTESIAN_POINT('',(0.725,-0.3,0.75));
#6557 = DIRECTION('',(0.,1.,0.));
#6558 = DIRECTION('',(-1.,0.,0.));
#6559 = ADVANCED_FACE('',(#6560),#6571,.F.);
#6560 = FACE_BOUND('',#6561,.F.);
#6561 = EDGE_LOOP('',(#6562,#6563,#6564,#6565));
#6562 = ORIENTED_EDGE('',*,*,#6540,.F.);
#6563 = ORIENTED_EDGE('',*,*,#5801,.T.);
#6564 = ORIENTED_EDGE('',*,*,#5923,.T.);
#6565 = ORIENTED_EDGE('',*,*,#6566,.T.);
#6566 = EDGE_CURVE('',#5914,#6541,#6567,.T.);
#6567 = LINE('',#6568,#6569);
#6568 = CARTESIAN_POINT('',(0.725,-0.45,0.));
#6569 = VECTOR('',#6570,1.);
#6570 = DIRECTION('',(0.,1.,0.));
#6571 = PLANE('',#6572);
#6572 = AXIS2_PLACEMENT_3D('',#6573,#6574,#6575);
#6573 = CARTESIAN_POINT('',(0.725,-0.5,0.75));
#6574 = DIRECTION('',(1.,0.,0.));
#6575 = DIRECTION('',(-0.,1.,0.));
#6576 = ADVANCED_FACE('',(#6577),#6602,.T.);
#6577 = FACE_BOUND('',#6578,.T.);
#6578 = EDGE_LOOP('',(#6579,#6587,#6588,#6596));
#6579 = ORIENTED_EDGE('',*,*,#6580,.T.);
#6580 = EDGE_CURVE('',#6581,#5882,#6583,.T.);
#6581 = VERTEX_POINT('',#6582);
#6582 = CARTESIAN_POINT('',(0.277128129211,0.32,1.5E-02));
#6583 = LINE('',#6584,#6585);
#6584 = CARTESIAN_POINT('',(0.277128129211,0.32,1.5E-02));
#6585 = VECTOR('',#6586,1.);
#6586 = DIRECTION('',(0.,0.,1.));
#6587 = ORIENTED_EDGE('',*,*,#5881,.T.);
#6588 = ORIENTED_EDGE('',*,*,#6589,.F.);
#6589 = EDGE_CURVE('',#6590,#5884,#6592,.T.);
#6590 = VERTEX_POINT('',#6591);
#6591 = CARTESIAN_POINT('',(0.277128129211,-0.32,1.5E-02));
#6592 = LINE('',#6593,#6594);
#6593 = CARTESIAN_POINT('',(0.277128129211,-0.32,1.5E-02));
#6594 = VECTOR('',#6595,1.);
#6595 = DIRECTION('',(0.,0.,1.));
#6596 = ORIENTED_EDGE('',*,*,#6597,.F.);
#6597 = EDGE_CURVE('',#6581,#6590,#6598,.T.);
#6598 = LINE('',#6599,#6600);
#6599 = CARTESIAN_POINT('',(0.277128129211,0.32,1.5E-02));
#6600 = VECTOR('',#6601,1.);
#6601 = DIRECTION('',(0.,-1.,0.));
#6602 = PLANE('',#6603);
#6603 = AXIS2_PLACEMENT_3D('',#6604,#6605,#6606);
#6604 = CARTESIAN_POINT('',(0.277128129211,0.32,1.5E-02));
#6605 = DIRECTION('',(1.,0.,0.));
#6606 = DIRECTION('',(0.,-1.,0.));
#6607 = ADVANCED_FACE('',(#6608),#6626,.T.);
#6608 = FACE_BOUND('',#6609,.T.);
#6609 = EDGE_LOOP('',(#6610,#6618,#6619,#6620));
#6610 = ORIENTED_EDGE('',*,*,#6611,.T.);
#6611 = EDGE_CURVE('',#6612,#5892,#6614,.T.);
#6612 = VERTEX_POINT('',#6613);
#6613 = CARTESIAN_POINT('',(-0.277128129211,0.,1.5E-02));
#6614 = LINE('',#6615,#6616);
#6615 = CARTESIAN_POINT('',(-0.277128129211,0.,1.5E-02));
#6616 = VECTOR('',#6617,1.);
#6617 = DIRECTION('',(0.,0.,1.));
#6618 = ORIENTED_EDGE('',*,*,#5899,.T.);
#6619 = ORIENTED_EDGE('',*,*,#6580,.F.);
#6620 = ORIENTED_EDGE('',*,*,#6621,.F.);
#6621 = EDGE_CURVE('',#6612,#6581,#6622,.T.);
#6622 = LINE('',#6623,#6624);
#6623 = CARTESIAN_POINT('',(-0.277128129211,0.,1.5E-02));
#6624 = VECTOR('',#6625,1.);
#6625 = DIRECTION('',(0.866025403784,0.5,0.));
#6626 = PLANE('',#6627);
#6627 = AXIS2_PLACEMENT_3D('',#6628,#6629,#6630);
#6628 = CARTESIAN_POINT('',(-0.277128129211,0.,1.5E-02));
#6629 = DIRECTION('',(-0.5,0.866025403784,0.));
#6630 = DIRECTION('',(0.866025403784,0.5,0.));
#6631 = ADVANCED_FACE('',(#6632),#6643,.T.);
#6632 = FACE_BOUND('',#6633,.T.);
#6633 = EDGE_LOOP('',(#6634,#6635,#6636,#6637));
#6634 = ORIENTED_EDGE('',*,*,#6589,.T.);
#6635 = ORIENTED_EDGE('',*,*,#5891,.T.);
#6636 = ORIENTED_EDGE('',*,*,#6611,.F.);
#6637 = ORIENTED_EDGE('',*,*,#6638,.F.);
#6638 = EDGE_CURVE('',#6590,#6612,#6639,.T.);
#6639 = LINE('',#6640,#6641);
#6640 = CARTESIAN_POINT('',(0.277128129211,-0.32,1.5E-02));
#6641 = VECTOR('',#6642,1.);
#6642 = DIRECTION('',(-0.866025403784,0.5,0.));
#6643 = PLANE('',#6644);
#6644 = AXIS2_PLACEMENT_3D('',#6645,#6646,#6647);
#6645 = CARTESIAN_POINT('',(0.277128129211,-0.32,1.5E-02));
#6646 = DIRECTION('',(-0.5,-0.866025403784,0.));
#6647 = DIRECTION('',(-0.866025403784,0.5,0.));
#6648 = ADVANCED_FACE('',(#6649),#6671,.F.);
#6649 = FACE_BOUND('',#6650,.F.);
#6650 = EDGE_LOOP('',(#6651,#6659,#6660,#6661,#6662,#6663,#6664,#6665));
#6651 = ORIENTED_EDGE('',*,*,#6652,.F.);
#6652 = EDGE_CURVE('',#6468,#6653,#6655,.T.);
#6653 = VERTEX_POINT('',#6654);
#6654 = CARTESIAN_POINT('',(0.77,0.4,-3.469446951954E-18));
#6655 = LINE('',#6656,#6657);
#6656 = CARTESIAN_POINT('',(0.5,0.4,0.));
#6657 = VECTOR('',#6658,1.);
#6658 = DIRECTION('',(1.,0.,0.));
#6659 = ORIENTED_EDGE('',*,*,#6467,.F.);
#6660 = ORIENTED_EDGE('',*,*,#6500,.F.);
#6661 = ORIENTED_EDGE('',*,*,#6515,.F.);
#6662 = ORIENTED_EDGE('',*,*,#6548,.F.);
#6663 = ORIENTED_EDGE('',*,*,#6566,.F.);
#6664 = ORIENTED_EDGE('',*,*,#5913,.T.);
#6665 = ORIENTED_EDGE('',*,*,#6666,.T.);
#6666 = EDGE_CURVE('',#5916,#6653,#6667,.T.);
#6667 = LINE('',#6668,#6669);
#6668 = CARTESIAN_POINT('',(0.77,-0.4,-3.469446951954E-18));
#6669 = VECTOR('',#6670,1.);
#6670 = DIRECTION('',(0.,1.,0.));
#6671 = PLANE('',#6672);
#6672 = AXIS2_PLACEMENT_3D('',#6673,#6674,#6675);
#6673 = CARTESIAN_POINT('',(0.5,-0.4,0.));
#6674 = DIRECTION('',(0.,0.,1.));
#6675 = DIRECTION('',(1.,0.,-0.));
#6676 = ADVANCED_FACE('',(#6677),#6696,.T.);
#6677 = FACE_BOUND('',#6678,.T.);
#6678 = EDGE_LOOP('',(#6679,#6680,#6681,#6690));
#6679 = ORIENTED_EDGE('',*,*,#5965,.T.);
#6680 = ORIENTED_EDGE('',*,*,#6666,.T.);
#6681 = ORIENTED_EDGE('',*,*,#6682,.F.);
#6682 = EDGE_CURVE('',#6683,#6653,#6685,.T.);
#6683 = VERTEX_POINT('',#6684);
#6684 = CARTESIAN_POINT('',(0.8,0.4,3.E-02));
#6685 = CIRCLE('',#6686,3.E-02);
#6686 = AXIS2_PLACEMENT_3D('',#6687,#6688,#6689);
#6687 = CARTESIAN_POINT('',(0.77,0.4,3.E-02));
#6688 = DIRECTION('',(0.,1.,0.));
#6689 = DIRECTION('',(0.,-0.,1.));
#6690 = ORIENTED_EDGE('',*,*,#6691,.F.);
#6691 = EDGE_CURVE('',#5958,#6683,#6692,.T.);
#6692 = LINE('',#6693,#6694);
#6693 = CARTESIAN_POINT('',(0.8,-0.4,3.E-02));
#6694 = VECTOR('',#6695,1.);
#6695 = DIRECTION('',(0.,1.,0.));
#6696 = CYLINDRICAL_SURFACE('',#6697,3.E-02);
#6697 = AXIS2_PLACEMENT_3D('',#6698,#6699,#6700);
#6698 = CARTESIAN_POINT('',(0.77,-0.4,3.E-02));
#6699 = DIRECTION('',(0.,1.,0.));
#6700 = DIRECTION('',(1.,0.,0.));
#6701 = ADVANCED_FACE('',(#6702),#6720,.T.);
#6702 = FACE_BOUND('',#6703,.T.);
#6703 = EDGE_LOOP('',(#6704,#6705,#6706,#6714));
#6704 = ORIENTED_EDGE('',*,*,#5957,.F.);
#6705 = ORIENTED_EDGE('',*,*,#6691,.T.);
#6706 = ORIENTED_EDGE('',*,*,#6707,.T.);
#6707 = EDGE_CURVE('',#6683,#6708,#6710,.T.);
#6708 = VERTEX_POINT('',#6709);
#6709 = CARTESIAN_POINT('',(0.8,0.4,0.47));
#6710 = LINE('',#6711,#6712);
#6711 = CARTESIAN_POINT('',(0.8,0.4,0.));
#6712 = VECTOR('',#6713,1.);
#6713 = DIRECTION('',(0.,0.,1.));
#6714 = ORIENTED_EDGE('',*,*,#6715,.F.);
#6715 = EDGE_CURVE('',#5949,#6708,#6716,.T.);
#6716 = LINE('',#6717,#6718);
#6717 = CARTESIAN_POINT('',(0.8,-0.4,0.47));
#6718 = VECTOR('',#6719,1.);
#6719 = DIRECTION('',(0.,1.,0.));
#6720 = PLANE('',#6721);
#6721 = AXIS2_PLACEMENT_3D('',#6722,#6723,#6724);
#6722 = CARTESIAN_POINT('',(0.8,-0.4,0.));
#6723 = DIRECTION('',(1.,0.,0.));
#6724 = DIRECTION('',(0.,0.,1.));
#6725 = ADVANCED_FACE('',(#6726),#6745,.T.);
#6726 = FACE_BOUND('',#6727,.T.);
#6727 = EDGE_LOOP('',(#6728,#6729,#6738,#6744));
#6728 = ORIENTED_EDGE('',*,*,#6715,.T.);
#6729 = ORIENTED_EDGE('',*,*,#6730,.T.);
#6730 = EDGE_CURVE('',#6708,#6731,#6733,.T.);
#6731 = VERTEX_POINT('',#6732);
#6732 = CARTESIAN_POINT('',(0.77,0.4,0.5));
#6733 = CIRCLE('',#6734,3.E-02);
#6734 = AXIS2_PLACEMENT_3D('',#6735,#6736,#6737);
#6735 = CARTESIAN_POINT('',(0.77,0.4,0.47));
#6736 = DIRECTION('',(0.,-1.,0.));
#6737 = DIRECTION('',(0.,0.,1.));
#6738 = ORIENTED_EDGE('',*,*,#6739,.F.);
#6739 = EDGE_CURVE('',#5941,#6731,#6740,.T.);
#6740 = LINE('',#6741,#6742);
#6741 = CARTESIAN_POINT('',(0.77,-0.4,0.5));
#6742 = VECTOR('',#6743,1.);
#6743 = DIRECTION('',(0.,1.,0.));
#6744 = ORIENTED_EDGE('',*,*,#5948,.F.);
#6745 = CYLINDRICAL_SURFACE('',#6746,3.E-02);
#6746 = AXIS2_PLACEMENT_3D('',#6747,#6748,#6749);
#6747 = CARTESIAN_POINT('',(0.77,-0.4,0.47));
#6748 = DIRECTION('',(0.,1.,0.));
#6749 = DIRECTION('',(1.,0.,0.));
#6750 = ADVANCED_FACE('',(#6751),#6792,.T.);
#6751 = FACE_BOUND('',#6752,.T.);
#6752 = EDGE_LOOP('',(#6753,#6761,#6769,#6775,#6776,#6784,#6790,#6791));
#6753 = ORIENTED_EDGE('',*,*,#6754,.F.);
#6754 = EDGE_CURVE('',#6755,#6731,#6757,.T.);
#6755 = VERTEX_POINT('',#6756);
#6756 = CARTESIAN_POINT('',(0.725,0.4,0.5));
#6757 = LINE('',#6758,#6759);
#6758 = CARTESIAN_POINT('',(0.5,0.4,0.5));
#6759 = VECTOR('',#6760,1.);
#6760 = DIRECTION('',(1.,0.,0.));
#6761 = ORIENTED_EDGE('',*,*,#6762,.F.);
#6762 = EDGE_CURVE('',#6763,#6755,#6765,.T.);
#6763 = VERTEX_POINT('',#6764);
#6764 = CARTESIAN_POINT('',(0.725,0.3,0.5));
#6765 = LINE('',#6766,#6767);
#6766 = CARTESIAN_POINT('',(0.725,-5.E-02,0.5));
#6767 = VECTOR('',#6768,1.);
#6768 = DIRECTION('',(0.,1.,0.));
#6769 = ORIENTED_EDGE('',*,*,#6770,.F.);
#6770 = EDGE_CURVE('',#6046,#6763,#6771,.T.);
#6771 = LINE('',#6772,#6773);
#6772 = CARTESIAN_POINT('',(-0.1125,0.3,0.5));
#6773 = VECTOR('',#6774,1.);
#6774 = DIRECTION('',(1.,0.,0.));
#6775 = ORIENTED_EDGE('',*,*,#6045,.F.);
#6776 = ORIENTED_EDGE('',*,*,#6777,.F.);
#6777 = EDGE_CURVE('',#6778,#6037,#6780,.T.);
#6778 = VERTEX_POINT('',#6779);
#6779 = CARTESIAN_POINT('',(0.725,-0.3,0.5));
#6780 = LINE('',#6781,#6782);
#6781 = CARTESIAN_POINT('',(0.6125,-0.3,0.5));
#6782 = VECTOR('',#6783,1.);
#6783 = DIRECTION('',(-1.,0.,0.));
#6784 = ORIENTED_EDGE('',*,*,#6785,.F.);
#6785 = EDGE_CURVE('',#5933,#6778,#6786,.T.);
#6786 = LINE('',#6787,#6788);
#6787 = CARTESIAN_POINT('',(0.725,-0.45,0.5));
#6788 = VECTOR('',#6789,1.);
#6789 = DIRECTION('',(0.,1.,0.));
#6790 = ORIENTED_EDGE('',*,*,#5940,.T.);
#6791 = ORIENTED_EDGE('',*,*,#6739,.T.);
#6792 = PLANE('',#6793);
#6793 = AXIS2_PLACEMENT_3D('',#6794,#6795,#6796);
#6794 = CARTESIAN_POINT('',(0.5,-0.4,0.5));
#6795 = DIRECTION('',(0.,0.,1.));
#6796 = DIRECTION('',(1.,0.,-0.));
#6797 = ADVANCED_FACE('',(#6798),#6809,.F.);
#6798 = FACE_BOUND('',#6799,.F.);
#6799 = EDGE_LOOP('',(#6800,#6806,#6807,#6808));
#6800 = ORIENTED_EDGE('',*,*,#6801,.F.);
#6801 = EDGE_CURVE('',#6778,#5981,#6802,.T.);
#6802 = LINE('',#6803,#6804);
#6803 = CARTESIAN_POINT('',(0.725,-0.3,0.75));
#6804 = VECTOR('',#6805,1.);
#6805 = DIRECTION('',(-0.,-0.,-1.));
#6806 = ORIENTED_EDGE('',*,*,#6785,.F.);
#6807 = ORIENTED_EDGE('',*,*,#5932,.T.);
#6808 = ORIENTED_EDGE('',*,*,#5990,.F.);
#6809 = PLANE('',#6810);
#6810 = AXIS2_PLACEMENT_3D('',#6811,#6812,#6813);
#6811 = CARTESIAN_POINT('',(0.725,-0.5,0.75));
#6812 = DIRECTION('',(1.,0.,0.));
#6813 = DIRECTION('',(-0.,1.,0.));
#6814 = ADVANCED_FACE('',(#6815),#6821,.F.);
#6815 = FACE_BOUND('',#6816,.F.);
#6816 = EDGE_LOOP('',(#6817,#6818,#6819,#6820));
#6817 = ORIENTED_EDGE('',*,*,#6777,.F.);
#6818 = ORIENTED_EDGE('',*,*,#6801,.T.);
#6819 = ORIENTED_EDGE('',*,*,#5980,.F.);
#6820 = ORIENTED_EDGE('',*,*,#6036,.T.);
#6821 = PLANE('',#6822);
#6822 = AXIS2_PLACEMENT_3D('',#6823,#6824,#6825);
#6823 = CARTESIAN_POINT('',(0.725,-0.3,0.75));
#6824 = DIRECTION('',(0.,1.,0.));
#6825 = DIRECTION('',(-1.,0.,0.));
#6826 = ADVANCED_FACE('',(#6827),#6843,.F.);
#6827 = FACE_BOUND('',#6828,.F.);
#6828 = EDGE_LOOP('',(#6829,#6830,#6836,#6837));
#6829 = ORIENTED_EDGE('',*,*,#6762,.F.);
#6830 = ORIENTED_EDGE('',*,*,#6831,.T.);
#6831 = EDGE_CURVE('',#6763,#6014,#6832,.T.);
#6832 = LINE('',#6833,#6834);
#6833 = CARTESIAN_POINT('',(0.725,0.3,0.75));
#6834 = VECTOR('',#6835,1.);
#6835 = DIRECTION('',(-0.,-0.,-1.));
#6836 = ORIENTED_EDGE('',*,*,#6021,.F.);
#6837 = ORIENTED_EDGE('',*,*,#6838,.F.);
#6838 = EDGE_CURVE('',#6755,#6005,#6839,.T.);
#6839 = LINE('',#6840,#6841);
#6840 = CARTESIAN_POINT('',(0.725,0.4,0.375));
#6841 = VECTOR('',#6842,1.);
#6842 = DIRECTION('',(0.,0.,-1.));
#6843 = PLANE('',#6844);
#6844 = AXIS2_PLACEMENT_3D('',#6845,#6846,#6847);
#6845 = CARTESIAN_POINT('',(0.725,0.3,0.75));
#6846 = DIRECTION('',(1.,0.,0.));
#6847 = DIRECTION('',(-0.,1.,0.));
#6848 = ADVANCED_FACE('',(#6849),#6855,.F.);
#6849 = FACE_BOUND('',#6850,.F.);
#6850 = EDGE_LOOP('',(#6851,#6852,#6853,#6854));
#6851 = ORIENTED_EDGE('',*,*,#6831,.F.);
#6852 = ORIENTED_EDGE('',*,*,#6770,.F.);
#6853 = ORIENTED_EDGE('',*,*,#6053,.F.);
#6854 = ORIENTED_EDGE('',*,*,#6013,.F.);
#6855 = PLANE('',#6856);
#6856 = AXIS2_PLACEMENT_3D('',#6857,#6858,#6859);
#6857 = CARTESIAN_POINT('',(-0.725,0.3,0.75));
#6858 = DIRECTION('',(0.,-1.,0.));
#6859 = DIRECTION('',(1.,0.,0.));
#6860 = ADVANCED_FACE('',(#6861),#6873,.T.);
#6861 = FACE_BOUND('',#6862,.T.);
#6862 = EDGE_LOOP('',(#6863,#6864,#6865,#6866,#6867,#6868,#6869,#6870,
    #6871,#6872));
#6863 = ORIENTED_EDGE('',*,*,#6241,.F.);
#6864 = ORIENTED_EDGE('',*,*,#6312,.F.);
#6865 = ORIENTED_EDGE('',*,*,#6348,.T.);
#6866 = ORIENTED_EDGE('',*,*,#6372,.T.);
#6867 = ORIENTED_EDGE('',*,*,#6196,.T.);
#6868 = ORIENTED_EDGE('',*,*,#6157,.F.);
#6869 = ORIENTED_EDGE('',*,*,#6084,.F.);
#6870 = ORIENTED_EDGE('',*,*,#6076,.F.);
#6871 = ORIENTED_EDGE('',*,*,#6068,.T.);
#6872 = ORIENTED_EDGE('',*,*,#6443,.F.);
#6873 = PLANE('',#6874);
#6874 = AXIS2_PLACEMENT_3D('',#6875,#6876,#6877);
#6875 = CARTESIAN_POINT('',(-0.8,0.4,0.));
#6876 = DIRECTION('',(0.,1.,0.));
#6877 = DIRECTION('',(0.,-0.,1.));
#6878 = ADVANCED_FACE('',(#6879),#6891,.T.);
#6879 = FACE_BOUND('',#6880,.T.);
#6880 = EDGE_LOOP('',(#6881,#6882,#6883,#6884,#6885,#6886,#6887,#6888,
    #6889,#6890));
#6881 = ORIENTED_EDGE('',*,*,#6652,.F.);
#6882 = ORIENTED_EDGE('',*,*,#6475,.F.);
#6883 = ORIENTED_EDGE('',*,*,#6109,.T.);
#6884 = ORIENTED_EDGE('',*,*,#6101,.T.);
#6885 = ORIENTED_EDGE('',*,*,#6093,.F.);
#6886 = ORIENTED_EDGE('',*,*,#6838,.F.);
#6887 = ORIENTED_EDGE('',*,*,#6754,.T.);
#6888 = ORIENTED_EDGE('',*,*,#6730,.F.);
#6889 = ORIENTED_EDGE('',*,*,#6707,.F.);
#6890 = ORIENTED_EDGE('',*,*,#6682,.T.);
#6891 = PLANE('',#6892);
#6892 = AXIS2_PLACEMENT_3D('',#6893,#6894,#6895);
#6893 = CARTESIAN_POINT('',(0.5,0.4,0.));
#6894 = DIRECTION('',(0.,1.,0.));
#6895 = DIRECTION('',(0.,-0.,1.));
#6896 = ADVANCED_FACE('',(#6897),#6902,.T.);
#6897 = FACE_BOUND('',#6898,.T.);
#6898 = EDGE_LOOP('',(#6899,#6900,#6901));
#6899 = ORIENTED_EDGE('',*,*,#6621,.T.);
#6900 = ORIENTED_EDGE('',*,*,#6597,.T.);
#6901 = ORIENTED_EDGE('',*,*,#6638,.T.);
#6902 = PLANE('',#6903);
#6903 = AXIS2_PLACEMENT_3D('',#6904,#6905,#6906);
#6904 = CARTESIAN_POINT('',(9.237604307034E-02,0.,1.5E-02));
#6905 = DIRECTION('',(-0.,-0.,-1.));
#6906 = DIRECTION('',(-1.,0.,0.));
#6907 = ( GEOMETRIC_REPRESENTATION_CONTEXT(3) 
GLOBAL_UNCERTAINTY_ASSIGNED_CONTEXT((#6911)) 
GLOBAL_UNIT_ASSIGNED_CONTEXT((#6908,#6909,#6910)) REPRESENTATION_CONTEXT
('Context #1','3D Context with UNIT and UNCERTAINTY') );
#6908 = ( LENGTH_UNIT() NAMED_UNIT(*) SI_UNIT(.MILLI.,.METRE.) );
#6909 = ( NAMED_UNIT(*) PLANE_ANGLE_UNIT() SI_UNIT($,.RADIAN.) );
#6910 = ( NAMED_UNIT(*) SI_UNIT($,.STERADIAN.) SOLID_ANGLE_UNIT() );
#6911 = UNCERTAINTY_MEASURE_WITH_UNIT(LENGTH_MEASURE(1.E-07),#6908,
  'distance_accuracy_value','confusion accuracy');
#6912 = CONTEXT_DEPENDENT_SHAPE_REPRESENTATION(#6913,#6915);
#6913 = ( REPRESENTATION_RELATIONSHIP('','',#5383,#10) 
REPRESENTATION_RELATIONSHIP_WITH_TRANSFORMATION(#6914) 
SHAPE_REPRESENTATION_RELATIONSHIP() );
#6914 = ITEM_DEFINED_TRANSFORMATION('','',#11,#39);
#6915 = PRODUCT_DEFINITION_SHAPE('Placement','Placement of an item',
  #6916);
#6916 = NEXT_ASSEMBLY_USAGE_OCCURRENCE('7','D1','',#5,#5378,$);
#6917 = PRODUCT_RELATED_PRODUCT_CATEGORY('part',$,(#5380));
#6918 = SHAPE_DEFINITION_REPRESENTATION(#6919,#6925);
#6919 = PRODUCT_DEFINITION_SHAPE('','',#6920);
#6920 = PRODUCT_DEFINITION('design','',#6921,#6924);
#6921 = PRODUCT_DEFINITION_FORMATION('','',#6922);
#6922 = PRODUCT('QFN-16-1EP_3x3mm_P0.5mm_EP1.7x1.7mm',
  'QFN-16-1EP_3x3mm_P0.5mm_EP1.7x1.7mm','',(#6923));
#6923 = PRODUCT_CONTEXT('',#2,'mechanical');
#6924 = PRODUCT_DEFINITION_CONTEXT('part definition',#2,'design');
#6925 = ADVANCED_BREP_SHAPE_REPRESENTATION('',(#11,#6926),#10464);
#6926 = MANIFOLD_SOLID_BREP('',#6927);
#6927 = CLOSED_SHELL('',(#6928,#7096,#7138,#7290,#7796,#7836,#7860,#7893
    ,#7933,#7957,#7990,#8030,#8054,#8087,#8127,#8151,#8184,#8293,#8397,
    #8422,#8462,#8486,#8519,#8559,#8583,#8616,#8656,#8680,#8713,#8753,
    #8777,#8810,#8827,#8844,#8861,#8878,#8895,#8912,#8929,#8946,#8986,
    #9010,#9043,#9083,#9107,#9140,#9180,#9204,#9237,#9277,#9301,#9334,
    #9374,#9398,#9431,#9471,#9495,#9528,#9568,#9592,#9625,#9665,#9689,
    #9722,#9753,#9777,#9801,#9825,#9842,#9859,#9871,#9888,#9900,#9917,
    #9929,#9946,#9958,#9975,#9992,#10009,#10026,#10043,#10060,#10077,
    #10094,#10103,#10120,#10132,#10149,#10161,#10178,#10190,#10207,
    #10219,#10236,#10248,#10265,#10277,#10294,#10306,#10323,#10335,
    #10352,#10364,#10381,#10393,#10410,#10422,#10439,#10451));
#6928 = ADVANCED_FACE('',(#6929),#7091,.F.);
#6929 = FACE_BOUND('',#6930,.F.);
#6930 = EDGE_LOOP('',(#6931,#6941,#6949,#6957,#6965,#6973,#6981,#6989,
    #6997,#7005,#7013,#7021,#7029,#7037,#7045,#7053,#7061,#7069,#7077,
    #7085));
#6931 = ORIENTED_EDGE('',*,*,#6932,.F.);
#6932 = EDGE_CURVE('',#6933,#6935,#6937,.T.);
#6933 = VERTEX_POINT('',#6934);
#6934 = CARTESIAN_POINT('',(-1.4875,1.4875,0.775));
#6935 = VERTEX_POINT('',#6936);
#6936 = CARTESIAN_POINT('',(1.4875,1.4875,0.775));
#6937 = LINE('',#6938,#6939);
#6938 = CARTESIAN_POINT('',(-1.4875,1.4875,0.775));
#6939 = VECTOR('',#6940,1.);
#6940 = DIRECTION('',(1.,1.110223024625E-16,0.));
#6941 = ORIENTED_EDGE('',*,*,#6942,.F.);
#6942 = EDGE_CURVE('',#6943,#6933,#6945,.T.);
#6943 = VERTEX_POINT('',#6944);
#6944 = CARTESIAN_POINT('',(-1.4875,1.4875,2.5E-02));
#6945 = LINE('',#6946,#6947);
#6946 = CARTESIAN_POINT('',(-1.4875,1.4875,2.5E-02));
#6947 = VECTOR('',#6948,1.);
#6948 = DIRECTION('',(0.,0.,1.));
#6949 = ORIENTED_EDGE('',*,*,#6950,.T.);
#6950 = EDGE_CURVE('',#6943,#6951,#6953,.T.);
#6951 = VERTEX_POINT('',#6952);
#6952 = CARTESIAN_POINT('',(-0.87,1.4875,2.5E-02));
#6953 = LINE('',#6954,#6955);
#6954 = CARTESIAN_POINT('',(-1.4875,1.4875,2.5E-02));
#6955 = VECTOR('',#6956,1.);
#6956 = DIRECTION('',(1.,1.110223024625E-16,0.));
#6957 = ORIENTED_EDGE('',*,*,#6958,.T.);
#6958 = EDGE_CURVE('',#6951,#6959,#6961,.T.);
#6959 = VERTEX_POINT('',#6960);
#6960 = CARTESIAN_POINT('',(-0.87,1.4875,0.2));
#6961 = LINE('',#6962,#6963);
#6962 = CARTESIAN_POINT('',(-0.87,1.4875,1.25E-02));
#6963 = VECTOR('',#6964,1.);
#6964 = DIRECTION('',(0.,0.,1.));
#6965 = ORIENTED_EDGE('',*,*,#6966,.F.);
#6966 = EDGE_CURVE('',#6967,#6959,#6969,.T.);
#6967 = VERTEX_POINT('',#6968);
#6968 = CARTESIAN_POINT('',(-0.63,1.4875,0.2));
#6969 = LINE('',#6970,#6971);
#6970 = CARTESIAN_POINT('',(-1.11875,1.4875,0.2));
#6971 = VECTOR('',#6972,1.);
#6972 = DIRECTION('',(-1.,-1.110223024625E-16,0.));
#6973 = ORIENTED_EDGE('',*,*,#6974,.T.);
#6974 = EDGE_CURVE('',#6967,#6975,#6977,.T.);
#6975 = VERTEX_POINT('',#6976);
#6976 = CARTESIAN_POINT('',(-0.63,1.4875,2.5E-02));
#6977 = LINE('',#6978,#6979);
#6978 = CARTESIAN_POINT('',(-0.63,1.4875,1.25E-02));
#6979 = VECTOR('',#6980,1.);
#6980 = DIRECTION('',(0.,0.,-1.));
#6981 = ORIENTED_EDGE('',*,*,#6982,.T.);
#6982 = EDGE_CURVE('',#6975,#6983,#6985,.T.);
#6983 = VERTEX_POINT('',#6984);
#6984 = CARTESIAN_POINT('',(-0.37,1.4875,2.5E-02));
#6985 = LINE('',#6986,#6987);
#6986 = CARTESIAN_POINT('',(-1.4875,1.4875,2.5E-02));
#6987 = VECTOR('',#6988,1.);
#6988 = DIRECTION('',(1.,1.110223024625E-16,0.));
#6989 = ORIENTED_EDGE('',*,*,#6990,.T.);
#6990 = EDGE_CURVE('',#6983,#6991,#6993,.T.);
#6991 = VERTEX_POINT('',#6992);
#6992 = CARTESIAN_POINT('',(-0.37,1.4875,0.2));
#6993 = LINE('',#6994,#6995);
#6994 = CARTESIAN_POINT('',(-0.37,1.4875,1.25E-02));
#6995 = VECTOR('',#6996,1.);
#6996 = DIRECTION('',(0.,0.,1.));
#6997 = ORIENTED_EDGE('',*,*,#6998,.F.);
#6998 = EDGE_CURVE('',#6999,#6991,#7001,.T.);
#6999 = VERTEX_POINT('',#7000);
#7000 = CARTESIAN_POINT('',(-0.13,1.4875,0.2));
#7001 = LINE('',#7002,#7003);
#7002 = CARTESIAN_POINT('',(-0.86875,1.4875,0.2));
#7003 = VECTOR('',#7004,1.);
#7004 = DIRECTION('',(-1.,-1.110223024625E-16,0.));
#7005 = ORIENTED_EDGE('',*,*,#7006,.T.);
#7006 = EDGE_CURVE('',#6999,#7007,#7009,.T.);
#7007 = VERTEX_POINT('',#7008);
#7008 = CARTESIAN_POINT('',(-0.13,1.4875,2.5E-02));
#7009 = LINE('',#7010,#7011);
#7010 = CARTESIAN_POINT('',(-0.13,1.4875,1.25E-02));
#7011 = VECTOR('',#7012,1.);
#7012 = DIRECTION('',(0.,0.,-1.));
#7013 = ORIENTED_EDGE('',*,*,#7014,.T.);
#7014 = EDGE_CURVE('',#7007,#7015,#7017,.T.);
#7015 = VERTEX_POINT('',#7016);
#7016 = CARTESIAN_POINT('',(0.13,1.4875,2.5E-02));
#7017 = LINE('',#7018,#7019);
#7018 = CARTESIAN_POINT('',(-1.4875,1.4875,2.5E-02));
#7019 = VECTOR('',#7020,1.);
#7020 = DIRECTION('',(1.,1.110223024625E-16,0.));
#7021 = ORIENTED_EDGE('',*,*,#7022,.T.);
#7022 = EDGE_CURVE('',#7015,#7023,#7025,.T.);
#7023 = VERTEX_POINT('',#7024);
#7024 = CARTESIAN_POINT('',(0.13,1.4875,0.2));
#7025 = LINE('',#7026,#7027);
#7026 = CARTESIAN_POINT('',(0.13,1.4875,1.25E-02));
#7027 = VECTOR('',#7028,1.);
#7028 = DIRECTION('',(0.,0.,1.));
#7029 = ORIENTED_EDGE('',*,*,#7030,.F.);
#7030 = EDGE_CURVE('',#7031,#7023,#7033,.T.);
#7031 = VERTEX_POINT('',#7032);
#7032 = CARTESIAN_POINT('',(0.37,1.4875,0.2));
#7033 = LINE('',#7034,#7035);
#7034 = CARTESIAN_POINT('',(-0.61875,1.4875,0.2));
#7035 = VECTOR('',#7036,1.);
#7036 = DIRECTION('',(-1.,-1.110223024625E-16,0.));
#7037 = ORIENTED_EDGE('',*,*,#7038,.T.);
#7038 = EDGE_CURVE('',#7031,#7039,#7041,.T.);
#7039 = VERTEX_POINT('',#7040);
#7040 = CARTESIAN_POINT('',(0.37,1.4875,2.5E-02));
#7041 = LINE('',#7042,#7043);
#7042 = CARTESIAN_POINT('',(0.37,1.4875,1.25E-02));
#7043 = VECTOR('',#7044,1.);
#7044 = DIRECTION('',(0.,0.,-1.));
#7045 = ORIENTED_EDGE('',*,*,#7046,.T.);
#7046 = EDGE_CURVE('',#7039,#7047,#7049,.T.);
#7047 = VERTEX_POINT('',#7048);
#7048 = CARTESIAN_POINT('',(0.63,1.4875,2.5E-02));
#7049 = LINE('',#7050,#7051);
#7050 = CARTESIAN_POINT('',(-1.4875,1.4875,2.5E-02));
#7051 = VECTOR('',#7052,1.);
#7052 = DIRECTION('',(1.,1.110223024625E-16,0.));
#7053 = ORIENTED_EDGE('',*,*,#7054,.T.);
#7054 = EDGE_CURVE('',#7047,#7055,#7057,.T.);
#7055 = VERTEX_POINT('',#7056);
#7056 = CARTESIAN_POINT('',(0.63,1.4875,0.2));
#7057 = LINE('',#7058,#7059);
#7058 = CARTESIAN_POINT('',(0.63,1.4875,1.25E-02));
#7059 = VECTOR('',#7060,1.);
#7060 = DIRECTION('',(0.,0.,1.));
#7061 = ORIENTED_EDGE('',*,*,#7062,.F.);
#7062 = EDGE_CURVE('',#7063,#7055,#7065,.T.);
#7063 = VERTEX_POINT('',#7064);
#7064 = CARTESIAN_POINT('',(0.87,1.4875,0.2));
#7065 = LINE('',#7066,#7067);
#7066 = CARTESIAN_POINT('',(-0.36875,1.4875,0.2));
#7067 = VECTOR('',#7068,1.);
#7068 = DIRECTION('',(-1.,-1.110223024625E-16,0.));
#7069 = ORIENTED_EDGE('',*,*,#7070,.T.);
#7070 = EDGE_CURVE('',#7063,#7071,#7073,.T.);
#7071 = VERTEX_POINT('',#7072);
#7072 = CARTESIAN_POINT('',(0.87,1.4875,2.5E-02));
#7073 = LINE('',#7074,#7075);
#7074 = CARTESIAN_POINT('',(0.87,1.4875,1.25E-02));
#7075 = VECTOR('',#7076,1.);
#7076 = DIRECTION('',(0.,0.,-1.));
#7077 = ORIENTED_EDGE('',*,*,#7078,.T.);
#7078 = EDGE_CURVE('',#7071,#7079,#7081,.T.);
#7079 = VERTEX_POINT('',#7080);
#7080 = CARTESIAN_POINT('',(1.4875,1.4875,2.5E-02));
#7081 = LINE('',#7082,#7083);
#7082 = CARTESIAN_POINT('',(-1.4875,1.4875,2.5E-02));
#7083 = VECTOR('',#7084,1.);
#7084 = DIRECTION('',(1.,1.110223024625E-16,0.));
#7085 = ORIENTED_EDGE('',*,*,#7086,.T.);
#7086 = EDGE_CURVE('',#7079,#6935,#7087,.T.);
#7087 = LINE('',#7088,#7089);
#7088 = CARTESIAN_POINT('',(1.4875,1.4875,2.5E-02));
#7089 = VECTOR('',#7090,1.);
#7090 = DIRECTION('',(0.,0.,1.));
#7091 = PLANE('',#7092);
#7092 = AXIS2_PLACEMENT_3D('',#7093,#7094,#7095);
#7093 = CARTESIAN_POINT('',(-1.4875,1.4875,2.5E-02));
#7094 = DIRECTION('',(1.110223024625E-16,-1.,0.));
#7095 = DIRECTION('',(0.,0.,1.));
#7096 = ADVANCED_FACE('',(#7097,#7122),#7133,.T.);
#7097 = FACE_BOUND('',#7098,.T.);
#7098 = EDGE_LOOP('',(#7099,#7100,#7108,#7116));
#7099 = ORIENTED_EDGE('',*,*,#6932,.F.);
#7100 = ORIENTED_EDGE('',*,*,#7101,.T.);
#7101 = EDGE_CURVE('',#6933,#7102,#7104,.T.);
#7102 = VERTEX_POINT('',#7103);
#7103 = CARTESIAN_POINT('',(-1.4875,-1.4875,0.775));
#7104 = LINE('',#7105,#7106);
#7105 = CARTESIAN_POINT('',(-1.4875,1.4875,0.775));
#7106 = VECTOR('',#7107,1.);
#7107 = DIRECTION('',(1.110223024625E-16,-1.,0.));
#7108 = ORIENTED_EDGE('',*,*,#7109,.T.);
#7109 = EDGE_CURVE('',#7102,#7110,#7112,.T.);
#7110 = VERTEX_POINT('',#7111);
#7111 = CARTESIAN_POINT('',(1.4875,-1.4875,0.775));
#7112 = LINE('',#7113,#7114);
#7113 = CARTESIAN_POINT('',(-1.4875,-1.4875,0.775));
#7114 = VECTOR('',#7115,1.);
#7115 = DIRECTION('',(1.,1.110223024625E-16,0.));
#7116 = ORIENTED_EDGE('',*,*,#7117,.F.);
#7117 = EDGE_CURVE('',#6935,#7110,#7118,.T.);
#7118 = LINE('',#7119,#7120);
#7119 = CARTESIAN_POINT('',(1.4875,1.4875,0.775));
#7120 = VECTOR('',#7121,1.);
#7121 = DIRECTION('',(1.110223024625E-16,-1.,0.));
#7122 = FACE_BOUND('',#7123,.T.);
#7123 = EDGE_LOOP('',(#7124));
#7124 = ORIENTED_EDGE('',*,*,#7125,.T.);
#7125 = EDGE_CURVE('',#7126,#7126,#7128,.T.);
#7126 = VERTEX_POINT('',#7127);
#7127 = CARTESIAN_POINT('',(-1.,0.9,0.775));
#7128 = CIRCLE('',#7129,0.1);
#7129 = AXIS2_PLACEMENT_3D('',#7130,#7131,#7132);
#7130 = CARTESIAN_POINT('',(-1.,1.,0.775));
#7131 = DIRECTION('',(0.,0.,-1.));
#7132 = DIRECTION('',(1.110223024625E-16,-1.,0.));
#7133 = PLANE('',#7134);
#7134 = AXIS2_PLACEMENT_3D('',#7135,#7136,#7137);
#7135 = CARTESIAN_POINT('',(-1.4875,1.4875,0.775));
#7136 = DIRECTION('',(0.,0.,1.));
#7137 = DIRECTION('',(1.110223024625E-16,-1.,0.));
#7138 = ADVANCED_FACE('',(#7139),#7285,.T.);
#7139 = FACE_BOUND('',#7140,.T.);
#7140 = EDGE_LOOP('',(#7141,#7149,#7150,#7151,#7159,#7167,#7175,#7183,
    #7191,#7199,#7207,#7215,#7223,#7231,#7239,#7247,#7255,#7263,#7271,
    #7279));
#7141 = ORIENTED_EDGE('',*,*,#7142,.F.);
#7142 = EDGE_CURVE('',#7079,#7143,#7145,.T.);
#7143 = VERTEX_POINT('',#7144);
#7144 = CARTESIAN_POINT('',(1.4875,0.87,2.5E-02));
#7145 = LINE('',#7146,#7147);
#7146 = CARTESIAN_POINT('',(1.4875,1.4875,2.5E-02));
#7147 = VECTOR('',#7148,1.);
#7148 = DIRECTION('',(1.110223024625E-16,-1.,0.));
#7149 = ORIENTED_EDGE('',*,*,#7086,.T.);
#7150 = ORIENTED_EDGE('',*,*,#7117,.T.);
#7151 = ORIENTED_EDGE('',*,*,#7152,.F.);
#7152 = EDGE_CURVE('',#7153,#7110,#7155,.T.);
#7153 = VERTEX_POINT('',#7154);
#7154 = CARTESIAN_POINT('',(1.4875,-1.4875,2.5E-02));
#7155 = LINE('',#7156,#7157);
#7156 = CARTESIAN_POINT('',(1.4875,-1.4875,2.5E-02));
#7157 = VECTOR('',#7158,1.);
#7158 = DIRECTION('',(0.,0.,1.));
#7159 = ORIENTED_EDGE('',*,*,#7160,.F.);
#7160 = EDGE_CURVE('',#7161,#7153,#7163,.T.);
#7161 = VERTEX_POINT('',#7162);
#7162 = CARTESIAN_POINT('',(1.4875,-0.87,2.5E-02));
#7163 = LINE('',#7164,#7165);
#7164 = CARTESIAN_POINT('',(1.4875,1.4875,2.5E-02));
#7165 = VECTOR('',#7166,1.);
#7166 = DIRECTION('',(1.110223024625E-16,-1.,0.));
#7167 = ORIENTED_EDGE('',*,*,#7168,.T.);
#7168 = EDGE_CURVE('',#7161,#7169,#7171,.T.);
#7169 = VERTEX_POINT('',#7170);
#7170 = CARTESIAN_POINT('',(1.4875,-0.87,0.2));
#7171 = LINE('',#7172,#7173);
#7172 = CARTESIAN_POINT('',(1.4875,-0.87,1.25E-02));
#7173 = VECTOR('',#7174,1.);
#7174 = DIRECTION('',(0.,0.,1.));
#7175 = ORIENTED_EDGE('',*,*,#7176,.F.);
#7176 = EDGE_CURVE('',#7177,#7169,#7179,.T.);
#7177 = VERTEX_POINT('',#7178);
#7178 = CARTESIAN_POINT('',(1.4875,-0.63,0.2));
#7179 = LINE('',#7180,#7181);
#7180 = CARTESIAN_POINT('',(1.4875,0.36875,0.2));
#7181 = VECTOR('',#7182,1.);
#7182 = DIRECTION('',(1.110223024625E-16,-1.,0.));
#7183 = ORIENTED_EDGE('',*,*,#7184,.T.);
#7184 = EDGE_CURVE('',#7177,#7185,#7187,.T.);
#7185 = VERTEX_POINT('',#7186);
#7186 = CARTESIAN_POINT('',(1.4875,-0.63,2.5E-02));
#7187 = LINE('',#7188,#7189);
#7188 = CARTESIAN_POINT('',(1.4875,-0.63,1.25E-02));
#7189 = VECTOR('',#7190,1.);
#7190 = DIRECTION('',(0.,0.,-1.));
#7191 = ORIENTED_EDGE('',*,*,#7192,.F.);
#7192 = EDGE_CURVE('',#7193,#7185,#7195,.T.);
#7193 = VERTEX_POINT('',#7194);
#7194 = CARTESIAN_POINT('',(1.4875,-0.37,2.5E-02));
#7195 = LINE('',#7196,#7197);
#7196 = CARTESIAN_POINT('',(1.4875,1.4875,2.5E-02));
#7197 = VECTOR('',#7198,1.);
#7198 = DIRECTION('',(1.110223024625E-16,-1.,0.));
#7199 = ORIENTED_EDGE('',*,*,#7200,.T.);
#7200 = EDGE_CURVE('',#7193,#7201,#7203,.T.);
#7201 = VERTEX_POINT('',#7202);
#7202 = CARTESIAN_POINT('',(1.4875,-0.37,0.2));
#7203 = LINE('',#7204,#7205);
#7204 = CARTESIAN_POINT('',(1.4875,-0.37,1.25E-02));
#7205 = VECTOR('',#7206,1.);
#7206 = DIRECTION('',(0.,0.,1.));
#7207 = ORIENTED_EDGE('',*,*,#7208,.F.);
#7208 = EDGE_CURVE('',#7209,#7201,#7211,.T.);
#7209 = VERTEX_POINT('',#7210);
#7210 = CARTESIAN_POINT('',(1.4875,-0.13,0.2));
#7211 = LINE('',#7212,#7213);
#7212 = CARTESIAN_POINT('',(1.4875,0.61875,0.2));
#7213 = VECTOR('',#7214,1.);
#7214 = DIRECTION('',(1.110223024625E-16,-1.,0.));
#7215 = ORIENTED_EDGE('',*,*,#7216,.T.);
#7216 = EDGE_CURVE('',#7209,#7217,#7219,.T.);
#7217 = VERTEX_POINT('',#7218);
#7218 = CARTESIAN_POINT('',(1.4875,-0.13,2.5E-02));
#7219 = LINE('',#7220,#7221);
#7220 = CARTESIAN_POINT('',(1.4875,-0.13,1.25E-02));
#7221 = VECTOR('',#7222,1.);
#7222 = DIRECTION('',(0.,0.,-1.));
#7223 = ORIENTED_EDGE('',*,*,#7224,.F.);
#7224 = EDGE_CURVE('',#7225,#7217,#7227,.T.);
#7225 = VERTEX_POINT('',#7226);
#7226 = CARTESIAN_POINT('',(1.4875,0.13,2.5E-02));
#7227 = LINE('',#7228,#7229);
#7228 = CARTESIAN_POINT('',(1.4875,1.4875,2.5E-02));
#7229 = VECTOR('',#7230,1.);
#7230 = DIRECTION('',(1.110223024625E-16,-1.,0.));
#7231 = ORIENTED_EDGE('',*,*,#7232,.T.);
#7232 = EDGE_CURVE('',#7225,#7233,#7235,.T.);
#7233 = VERTEX_POINT('',#7234);
#7234 = CARTESIAN_POINT('',(1.4875,0.13,0.2));
#7235 = LINE('',#7236,#7237);
#7236 = CARTESIAN_POINT('',(1.4875,0.13,1.25E-02));
#7237 = VECTOR('',#7238,1.);
#7238 = DIRECTION('',(0.,0.,1.));
#7239 = ORIENTED_EDGE('',*,*,#7240,.F.);
#7240 = EDGE_CURVE('',#7241,#7233,#7243,.T.);
#7241 = VERTEX_POINT('',#7242);
#7242 = CARTESIAN_POINT('',(1.4875,0.37,0.2));
#7243 = LINE('',#7244,#7245);
#7244 = CARTESIAN_POINT('',(1.4875,0.86875,0.2));
#7245 = VECTOR('',#7246,1.);
#7246 = DIRECTION('',(1.110223024625E-16,-1.,0.));
#7247 = ORIENTED_EDGE('',*,*,#7248,.T.);
#7248 = EDGE_CURVE('',#7241,#7249,#7251,.T.);
#7249 = VERTEX_POINT('',#7250);
#7250 = CARTESIAN_POINT('',(1.4875,0.37,2.5E-02));
#7251 = LINE('',#7252,#7253);
#7252 = CARTESIAN_POINT('',(1.4875,0.37,1.25E-02));
#7253 = VECTOR('',#7254,1.);
#7254 = DIRECTION('',(0.,0.,-1.));
#7255 = ORIENTED_EDGE('',*,*,#7256,.F.);
#7256 = EDGE_CURVE('',#7257,#7249,#7259,.T.);
#7257 = VERTEX_POINT('',#7258);
#7258 = CARTESIAN_POINT('',(1.4875,0.63,2.5E-02));
#7259 = LINE('',#7260,#7261);
#7260 = CARTESIAN_POINT('',(1.4875,1.4875,2.5E-02));
#7261 = VECTOR('',#7262,1.);
#7262 = DIRECTION('',(1.110223024625E-16,-1.,0.));
#7263 = ORIENTED_EDGE('',*,*,#7264,.T.);
#7264 = EDGE_CURVE('',#7257,#7265,#7267,.T.);
#7265 = VERTEX_POINT('',#7266);
#7266 = CARTESIAN_POINT('',(1.4875,0.63,0.2));
#7267 = LINE('',#7268,#7269);
#7268 = CARTESIAN_POINT('',(1.4875,0.63,1.25E-02));
#7269 = VECTOR('',#7270,1.);
#7270 = DIRECTION('',(0.,0.,1.));
#7271 = ORIENTED_EDGE('',*,*,#7272,.F.);
#7272 = EDGE_CURVE('',#7273,#7265,#7275,.T.);
#7273 = VERTEX_POINT('',#7274);
#7274 = CARTESIAN_POINT('',(1.4875,0.87,0.2));
#7275 = LINE('',#7276,#7277);
#7276 = CARTESIAN_POINT('',(1.4875,1.11875,0.2));
#7277 = VECTOR('',#7278,1.);
#7278 = DIRECTION('',(1.110223024625E-16,-1.,0.));
#7279 = ORIENTED_EDGE('',*,*,#7280,.T.);
#7280 = EDGE_CURVE('',#7273,#7143,#7281,.T.);
#7281 = LINE('',#7282,#7283);
#7282 = CARTESIAN_POINT('',(1.4875,0.87,1.25E-02));
#7283 = VECTOR('',#7284,1.);
#7284 = DIRECTION('',(0.,0.,-1.));
#7285 = PLANE('',#7286);
#7286 = AXIS2_PLACEMENT_3D('',#7287,#7288,#7289);
#7287 = CARTESIAN_POINT('',(1.4875,1.4875,2.5E-02));
#7288 = DIRECTION('',(1.,1.110223024625E-16,0.));
#7289 = DIRECTION('',(0.,-0.,1.));
#7290 = ADVANCED_FACE('',(#7291,#7749),#7791,.F.);
#7291 = FACE_BOUND('',#7292,.F.);
#7292 = EDGE_LOOP('',(#7293,#7294,#7302,#7310,#7318,#7326,#7334,#7342,
    #7350,#7358,#7366,#7374,#7382,#7390,#7398,#7406,#7414,#7422,#7430,
    #7438,#7446,#7454,#7462,#7470,#7478,#7486,#7494,#7502,#7510,#7518,
    #7526,#7534,#7542,#7550,#7558,#7564,#7565,#7573,#7581,#7587,#7588,
    #7596,#7604,#7610,#7611,#7619,#7627,#7633,#7634,#7642,#7650,#7656,
    #7657,#7658,#7666,#7674,#7680,#7681,#7689,#7697,#7703,#7704,#7712,
    #7720,#7726,#7727,#7735,#7743));
#7293 = ORIENTED_EDGE('',*,*,#6950,.F.);
#7294 = ORIENTED_EDGE('',*,*,#7295,.T.);
#7295 = EDGE_CURVE('',#6943,#7296,#7298,.T.);
#7296 = VERTEX_POINT('',#7297);
#7297 = CARTESIAN_POINT('',(-1.4875,0.87,2.5E-02));
#7298 = LINE('',#7299,#7300);
#7299 = CARTESIAN_POINT('',(-1.4875,1.4875,2.5E-02));
#7300 = VECTOR('',#7301,1.);
#7301 = DIRECTION('',(1.110223024625E-16,-1.,0.));
#7302 = ORIENTED_EDGE('',*,*,#7303,.T.);
#7303 = EDGE_CURVE('',#7296,#7304,#7306,.T.);
#7304 = VERTEX_POINT('',#7305);
#7305 = CARTESIAN_POINT('',(-1.1,0.87,2.5E-02));
#7306 = LINE('',#7307,#7308);
#7307 = CARTESIAN_POINT('',(-1.29375,0.87,2.5E-02));
#7308 = VECTOR('',#7309,1.);
#7309 = DIRECTION('',(1.,1.110223024625E-16,0.));
#7310 = ORIENTED_EDGE('',*,*,#7311,.T.);
#7311 = EDGE_CURVE('',#7304,#7312,#7314,.T.);
#7312 = VERTEX_POINT('',#7313);
#7313 = CARTESIAN_POINT('',(-1.1,0.63,2.5E-02));
#7314 = LINE('',#7315,#7316);
#7315 = CARTESIAN_POINT('',(-1.1,1.05875,2.5E-02));
#7316 = VECTOR('',#7317,1.);
#7317 = DIRECTION('',(1.110223024625E-16,-1.,0.));
#7318 = ORIENTED_EDGE('',*,*,#7319,.T.);
#7319 = EDGE_CURVE('',#7312,#7320,#7322,.T.);
#7320 = VERTEX_POINT('',#7321);
#7321 = CARTESIAN_POINT('',(-1.4875,0.63,2.5E-02));
#7322 = LINE('',#7323,#7324);
#7323 = CARTESIAN_POINT('',(-1.49375,0.63,2.5E-02));
#7324 = VECTOR('',#7325,1.);
#7325 = DIRECTION('',(-1.,-1.110223024625E-16,0.));
#7326 = ORIENTED_EDGE('',*,*,#7327,.T.);
#7327 = EDGE_CURVE('',#7320,#7328,#7330,.T.);
#7328 = VERTEX_POINT('',#7329);
#7329 = CARTESIAN_POINT('',(-1.4875,0.37,2.5E-02));
#7330 = LINE('',#7331,#7332);
#7331 = CARTESIAN_POINT('',(-1.4875,1.4875,2.5E-02));
#7332 = VECTOR('',#7333,1.);
#7333 = DIRECTION('',(1.110223024625E-16,-1.,0.));
#7334 = ORIENTED_EDGE('',*,*,#7335,.T.);
#7335 = EDGE_CURVE('',#7328,#7336,#7338,.T.);
#7336 = VERTEX_POINT('',#7337);
#7337 = CARTESIAN_POINT('',(-1.1,0.37,2.5E-02));
#7338 = LINE('',#7339,#7340);
#7339 = CARTESIAN_POINT('',(-1.29375,0.37,2.5E-02));
#7340 = VECTOR('',#7341,1.);
#7341 = DIRECTION('',(1.,1.110223024625E-16,0.));
#7342 = ORIENTED_EDGE('',*,*,#7343,.T.);
#7343 = EDGE_CURVE('',#7336,#7344,#7346,.T.);
#7344 = VERTEX_POINT('',#7345);
#7345 = CARTESIAN_POINT('',(-1.1,0.13,2.5E-02));
#7346 = LINE('',#7347,#7348);
#7347 = CARTESIAN_POINT('',(-1.1,0.80875,2.5E-02));
#7348 = VECTOR('',#7349,1.);
#7349 = DIRECTION('',(1.110223024625E-16,-1.,0.));
#7350 = ORIENTED_EDGE('',*,*,#7351,.T.);
#7351 = EDGE_CURVE('',#7344,#7352,#7354,.T.);
#7352 = VERTEX_POINT('',#7353);
#7353 = CARTESIAN_POINT('',(-1.4875,0.13,2.5E-02));
#7354 = LINE('',#7355,#7356);
#7355 = CARTESIAN_POINT('',(-1.49375,0.13,2.5E-02));
#7356 = VECTOR('',#7357,1.);
#7357 = DIRECTION('',(-1.,-1.110223024625E-16,0.));
#7358 = ORIENTED_EDGE('',*,*,#7359,.T.);
#7359 = EDGE_CURVE('',#7352,#7360,#7362,.T.);
#7360 = VERTEX_POINT('',#7361);
#7361 = CARTESIAN_POINT('',(-1.4875,-0.13,2.5E-02));
#7362 = LINE('',#7363,#7364);
#7363 = CARTESIAN_POINT('',(-1.4875,1.4875,2.5E-02));
#7364 = VECTOR('',#7365,1.);
#7365 = DIRECTION('',(1.110223024625E-16,-1.,0.));
#7366 = ORIENTED_EDGE('',*,*,#7367,.T.);
#7367 = EDGE_CURVE('',#7360,#7368,#7370,.T.);
#7368 = VERTEX_POINT('',#7369);
#7369 = CARTESIAN_POINT('',(-1.1,-0.13,2.5E-02));
#7370 = LINE('',#7371,#7372);
#7371 = CARTESIAN_POINT('',(-1.29375,-0.13,2.5E-02));
#7372 = VECTOR('',#7373,1.);
#7373 = DIRECTION('',(1.,1.110223024625E-16,0.));
#7374 = ORIENTED_EDGE('',*,*,#7375,.T.);
#7375 = EDGE_CURVE('',#7368,#7376,#7378,.T.);
#7376 = VERTEX_POINT('',#7377);
#7377 = CARTESIAN_POINT('',(-1.1,-0.37,2.5E-02));
#7378 = LINE('',#7379,#7380);
#7379 = CARTESIAN_POINT('',(-1.1,0.55875,2.5E-02));
#7380 = VECTOR('',#7381,1.);
#7381 = DIRECTION('',(1.110223024625E-16,-1.,0.));
#7382 = ORIENTED_EDGE('',*,*,#7383,.T.);
#7383 = EDGE_CURVE('',#7376,#7384,#7386,.T.);
#7384 = VERTEX_POINT('',#7385);
#7385 = CARTESIAN_POINT('',(-1.4875,-0.37,2.5E-02));
#7386 = LINE('',#7387,#7388);
#7387 = CARTESIAN_POINT('',(-1.49375,-0.37,2.5E-02));
#7388 = VECTOR('',#7389,1.);
#7389 = DIRECTION('',(-1.,-1.110223024625E-16,0.));
#7390 = ORIENTED_EDGE('',*,*,#7391,.T.);
#7391 = EDGE_CURVE('',#7384,#7392,#7394,.T.);
#7392 = VERTEX_POINT('',#7393);
#7393 = CARTESIAN_POINT('',(-1.4875,-0.63,2.5E-02));
#7394 = LINE('',#7395,#7396);
#7395 = CARTESIAN_POINT('',(-1.4875,1.4875,2.5E-02));
#7396 = VECTOR('',#7397,1.);
#7397 = DIRECTION('',(1.110223024625E-16,-1.,0.));
#7398 = ORIENTED_EDGE('',*,*,#7399,.T.);
#7399 = EDGE_CURVE('',#7392,#7400,#7402,.T.);
#7400 = VERTEX_POINT('',#7401);
#7401 = CARTESIAN_POINT('',(-1.1,-0.63,2.5E-02));
#7402 = LINE('',#7403,#7404);
#7403 = CARTESIAN_POINT('',(-1.29375,-0.63,2.5E-02));
#7404 = VECTOR('',#7405,1.);
#7405 = DIRECTION('',(1.,1.110223024625E-16,0.));
#7406 = ORIENTED_EDGE('',*,*,#7407,.T.);
#7407 = EDGE_CURVE('',#7400,#7408,#7410,.T.);
#7408 = VERTEX_POINT('',#7409);
#7409 = CARTESIAN_POINT('',(-1.1,-0.87,2.5E-02));
#7410 = LINE('',#7411,#7412);
#7411 = CARTESIAN_POINT('',(-1.1,0.30875,2.5E-02));
#7412 = VECTOR('',#7413,1.);
#7413 = DIRECTION('',(1.110223024625E-16,-1.,0.));
#7414 = ORIENTED_EDGE('',*,*,#7415,.T.);
#7415 = EDGE_CURVE('',#7408,#7416,#7418,.T.);
#7416 = VERTEX_POINT('',#7417);
#7417 = CARTESIAN_POINT('',(-1.4875,-0.87,2.5E-02));
#7418 = LINE('',#7419,#7420);
#7419 = CARTESIAN_POINT('',(-1.49375,-0.87,2.5E-02));
#7420 = VECTOR('',#7421,1.);
#7421 = DIRECTION('',(-1.,-1.110223024625E-16,0.));
#7422 = ORIENTED_EDGE('',*,*,#7423,.T.);
#7423 = EDGE_CURVE('',#7416,#7424,#7426,.T.);
#7424 = VERTEX_POINT('',#7425);
#7425 = CARTESIAN_POINT('',(-1.4875,-1.4875,2.5E-02));
#7426 = LINE('',#7427,#7428);
#7427 = CARTESIAN_POINT('',(-1.4875,1.4875,2.5E-02));
#7428 = VECTOR('',#7429,1.);
#7429 = DIRECTION('',(1.110223024625E-16,-1.,0.));
#7430 = ORIENTED_EDGE('',*,*,#7431,.T.);
#7431 = EDGE_CURVE('',#7424,#7432,#7434,.T.);
#7432 = VERTEX_POINT('',#7433);
#7433 = CARTESIAN_POINT('',(-0.87,-1.4875,2.5E-02));
#7434 = LINE('',#7435,#7436);
#7435 = CARTESIAN_POINT('',(-1.4875,-1.4875,2.5E-02));
#7436 = VECTOR('',#7437,1.);
#7437 = DIRECTION('',(1.,1.110223024625E-16,0.));
#7438 = ORIENTED_EDGE('',*,*,#7439,.T.);
#7439 = EDGE_CURVE('',#7432,#7440,#7442,.T.);
#7440 = VERTEX_POINT('',#7441);
#7441 = CARTESIAN_POINT('',(-0.87,-1.1,2.5E-02));
#7442 = LINE('',#7443,#7444);
#7443 = CARTESIAN_POINT('',(-0.87,0.19375,2.5E-02));
#7444 = VECTOR('',#7445,1.);
#7445 = DIRECTION('',(-1.144237745222E-17,1.,0.));
#7446 = ORIENTED_EDGE('',*,*,#7447,.T.);
#7447 = EDGE_CURVE('',#7440,#7448,#7450,.T.);
#7448 = VERTEX_POINT('',#7449);
#7449 = CARTESIAN_POINT('',(-0.63,-1.1,2.5E-02));
#7450 = LINE('',#7451,#7452);
#7451 = CARTESIAN_POINT('',(-1.05875,-1.1,2.5E-02));
#7452 = VECTOR('',#7453,1.);
#7453 = DIRECTION('',(1.,1.144237745222E-17,0.));
#7454 = ORIENTED_EDGE('',*,*,#7455,.T.);
#7455 = EDGE_CURVE('',#7448,#7456,#7458,.T.);
#7456 = VERTEX_POINT('',#7457);
#7457 = CARTESIAN_POINT('',(-0.63,-1.4875,2.5E-02));
#7458 = LINE('',#7459,#7460);
#7459 = CARTESIAN_POINT('',(-0.63,-6.25E-03,2.5E-02));
#7460 = VECTOR('',#7461,1.);
#7461 = DIRECTION('',(1.144237745222E-17,-1.,0.));
#7462 = ORIENTED_EDGE('',*,*,#7463,.T.);
#7463 = EDGE_CURVE('',#7456,#7464,#7466,.T.);
#7464 = VERTEX_POINT('',#7465);
#7465 = CARTESIAN_POINT('',(-0.37,-1.4875,2.5E-02));
#7466 = LINE('',#7467,#7468);
#7467 = CARTESIAN_POINT('',(-1.4875,-1.4875,2.5E-02));
#7468 = VECTOR('',#7469,1.);
#7469 = DIRECTION('',(1.,1.110223024625E-16,0.));
#7470 = ORIENTED_EDGE('',*,*,#7471,.T.);
#7471 = EDGE_CURVE('',#7464,#7472,#7474,.T.);
#7472 = VERTEX_POINT('',#7473);
#7473 = CARTESIAN_POINT('',(-0.37,-1.1,2.5E-02));
#7474 = LINE('',#7475,#7476);
#7475 = CARTESIAN_POINT('',(-0.37,0.19375,2.5E-02));
#7476 = VECTOR('',#7477,1.);
#7477 = DIRECTION('',(-1.144237745222E-17,1.,0.));
#7478 = ORIENTED_EDGE('',*,*,#7479,.T.);
#7479 = EDGE_CURVE('',#7472,#7480,#7482,.T.);
#7480 = VERTEX_POINT('',#7481);
#7481 = CARTESIAN_POINT('',(-0.13,-1.1,2.5E-02));
#7482 = LINE('',#7483,#7484);
#7483 = CARTESIAN_POINT('',(-0.80875,-1.1,2.5E-02));
#7484 = VECTOR('',#7485,1.);
#7485 = DIRECTION('',(1.,1.144237745222E-17,0.));
#7486 = ORIENTED_EDGE('',*,*,#7487,.T.);
#7487 = EDGE_CURVE('',#7480,#7488,#7490,.T.);
#7488 = VERTEX_POINT('',#7489);
#7489 = CARTESIAN_POINT('',(-0.13,-1.4875,2.5E-02));
#7490 = LINE('',#7491,#7492);
#7491 = CARTESIAN_POINT('',(-0.13,-6.25E-03,2.5E-02));
#7492 = VECTOR('',#7493,1.);
#7493 = DIRECTION('',(1.144237745222E-17,-1.,0.));
#7494 = ORIENTED_EDGE('',*,*,#7495,.T.);
#7495 = EDGE_CURVE('',#7488,#7496,#7498,.T.);
#7496 = VERTEX_POINT('',#7497);
#7497 = CARTESIAN_POINT('',(0.13,-1.4875,2.5E-02));
#7498 = LINE('',#7499,#7500);
#7499 = CARTESIAN_POINT('',(-1.4875,-1.4875,2.5E-02));
#7500 = VECTOR('',#7501,1.);
#7501 = DIRECTION('',(1.,1.110223024625E-16,0.));
#7502 = ORIENTED_EDGE('',*,*,#7503,.T.);
#7503 = EDGE_CURVE('',#7496,#7504,#7506,.T.);
#7504 = VERTEX_POINT('',#7505);
#7505 = CARTESIAN_POINT('',(0.13,-1.1,2.5E-02));
#7506 = LINE('',#7507,#7508);
#7507 = CARTESIAN_POINT('',(0.13,0.19375,2.5E-02));
#7508 = VECTOR('',#7509,1.);
#7509 = DIRECTION('',(-1.144237745222E-17,1.,0.));
#7510 = ORIENTED_EDGE('',*,*,#7511,.T.);
#7511 = EDGE_CURVE('',#7504,#7512,#7514,.T.);
#7512 = VERTEX_POINT('',#7513);
#7513 = CARTESIAN_POINT('',(0.37,-1.1,2.5E-02));
#7514 = LINE('',#7515,#7516);
#7515 = CARTESIAN_POINT('',(-0.55875,-1.1,2.5E-02));
#7516 = VECTOR('',#7517,1.);
#7517 = DIRECTION('',(1.,1.144237745222E-17,0.));
#7518 = ORIENTED_EDGE('',*,*,#7519,.T.);
#7519 = EDGE_CURVE('',#7512,#7520,#7522,.T.);
#7520 = VERTEX_POINT('',#7521);
#7521 = CARTESIAN_POINT('',(0.37,-1.4875,2.5E-02));
#7522 = LINE('',#7523,#7524);
#7523 = CARTESIAN_POINT('',(0.37,-6.25E-03,2.5E-02));
#7524 = VECTOR('',#7525,1.);
#7525 = DIRECTION('',(1.144237745222E-17,-1.,0.));
#7526 = ORIENTED_EDGE('',*,*,#7527,.T.);
#7527 = EDGE_CURVE('',#7520,#7528,#7530,.T.);
#7528 = VERTEX_POINT('',#7529);
#7529 = CARTESIAN_POINT('',(0.63,-1.4875,2.5E-02));
#7530 = LINE('',#7531,#7532);
#7531 = CARTESIAN_POINT('',(-1.4875,-1.4875,2.5E-02));
#7532 = VECTOR('',#7533,1.);
#7533 = DIRECTION('',(1.,1.110223024625E-16,0.));
#7534 = ORIENTED_EDGE('',*,*,#7535,.T.);
#7535 = EDGE_CURVE('',#7528,#7536,#7538,.T.);
#7536 = VERTEX_POINT('',#7537);
#7537 = CARTESIAN_POINT('',(0.63,-1.1,2.5E-02));
#7538 = LINE('',#7539,#7540);
#7539 = CARTESIAN_POINT('',(0.63,0.19375,2.5E-02));
#7540 = VECTOR('',#7541,1.);
#7541 = DIRECTION('',(-1.144237745222E-17,1.,0.));
#7542 = ORIENTED_EDGE('',*,*,#7543,.T.);
#7543 = EDGE_CURVE('',#7536,#7544,#7546,.T.);
#7544 = VERTEX_POINT('',#7545);
#7545 = CARTESIAN_POINT('',(0.87,-1.1,2.5E-02));
#7546 = LINE('',#7547,#7548);
#7547 = CARTESIAN_POINT('',(-0.30875,-1.1,2.5E-02));
#7548 = VECTOR('',#7549,1.);
#7549 = DIRECTION('',(1.,1.144237745222E-17,0.));
#7550 = ORIENTED_EDGE('',*,*,#7551,.T.);
#7551 = EDGE_CURVE('',#7544,#7552,#7554,.T.);
#7552 = VERTEX_POINT('',#7553);
#7553 = CARTESIAN_POINT('',(0.87,-1.4875,2.5E-02));
#7554 = LINE('',#7555,#7556);
#7555 = CARTESIAN_POINT('',(0.87,-6.25E-03,2.5E-02));
#7556 = VECTOR('',#7557,1.);
#7557 = DIRECTION('',(1.144237745222E-17,-1.,0.));
#7558 = ORIENTED_EDGE('',*,*,#7559,.T.);
#7559 = EDGE_CURVE('',#7552,#7153,#7560,.T.);
#7560 = LINE('',#7561,#7562);
#7561 = CARTESIAN_POINT('',(-1.4875,-1.4875,2.5E-02));
#7562 = VECTOR('',#7563,1.);
#7563 = DIRECTION('',(1.,1.110223024625E-16,0.));
#7564 = ORIENTED_EDGE('',*,*,#7160,.F.);
#7565 = ORIENTED_EDGE('',*,*,#7566,.T.);
#7566 = EDGE_CURVE('',#7161,#7567,#7569,.T.);
#7567 = VERTEX_POINT('',#7568);
#7568 = CARTESIAN_POINT('',(1.1,-0.87,2.5E-02));
#7569 = LINE('',#7570,#7571);
#7570 = CARTESIAN_POINT('',(-0.19375,-0.87,2.5E-02));
#7571 = VECTOR('',#7572,1.);
#7572 = DIRECTION('',(-1.,-2.334869823773E-16,0.));
#7573 = ORIENTED_EDGE('',*,*,#7574,.T.);
#7574 = EDGE_CURVE('',#7567,#7575,#7577,.T.);
#7575 = VERTEX_POINT('',#7576);
#7576 = CARTESIAN_POINT('',(1.1,-0.63,2.5E-02));
#7577 = LINE('',#7578,#7579);
#7578 = CARTESIAN_POINT('',(1.1,0.42875,2.5E-02));
#7579 = VECTOR('',#7580,1.);
#7580 = DIRECTION('',(-2.334869823773E-16,1.,0.));
#7581 = ORIENTED_EDGE('',*,*,#7582,.T.);
#7582 = EDGE_CURVE('',#7575,#7185,#7583,.T.);
#7583 = LINE('',#7584,#7585);
#7584 = CARTESIAN_POINT('',(6.25E-03,-0.63,2.5E-02));
#7585 = VECTOR('',#7586,1.);
#7586 = DIRECTION('',(1.,2.334869823773E-16,0.));
#7587 = ORIENTED_EDGE('',*,*,#7192,.F.);
#7588 = ORIENTED_EDGE('',*,*,#7589,.T.);
#7589 = EDGE_CURVE('',#7193,#7590,#7592,.T.);
#7590 = VERTEX_POINT('',#7591);
#7591 = CARTESIAN_POINT('',(1.1,-0.37,2.5E-02));
#7592 = LINE('',#7593,#7594);
#7593 = CARTESIAN_POINT('',(-0.19375,-0.37,2.5E-02));
#7594 = VECTOR('',#7595,1.);
#7595 = DIRECTION('',(-1.,-2.334869823773E-16,0.));
#7596 = ORIENTED_EDGE('',*,*,#7597,.T.);
#7597 = EDGE_CURVE('',#7590,#7598,#7600,.T.);
#7598 = VERTEX_POINT('',#7599);
#7599 = CARTESIAN_POINT('',(1.1,-0.13,2.5E-02));
#7600 = LINE('',#7601,#7602);
#7601 = CARTESIAN_POINT('',(1.1,0.67875,2.5E-02));
#7602 = VECTOR('',#7603,1.);
#7603 = DIRECTION('',(-2.334869823773E-16,1.,0.));
#7604 = ORIENTED_EDGE('',*,*,#7605,.T.);
#7605 = EDGE_CURVE('',#7598,#7217,#7606,.T.);
#7606 = LINE('',#7607,#7608);
#7607 = CARTESIAN_POINT('',(6.25E-03,-0.13,2.5E-02));
#7608 = VECTOR('',#7609,1.);
#7609 = DIRECTION('',(1.,2.334869823773E-16,0.));
#7610 = ORIENTED_EDGE('',*,*,#7224,.F.);
#7611 = ORIENTED_EDGE('',*,*,#7612,.T.);
#7612 = EDGE_CURVE('',#7225,#7613,#7615,.T.);
#7613 = VERTEX_POINT('',#7614);
#7614 = CARTESIAN_POINT('',(1.1,0.13,2.5E-02));
#7615 = LINE('',#7616,#7617);
#7616 = CARTESIAN_POINT('',(-0.19375,0.13,2.5E-02));
#7617 = VECTOR('',#7618,1.);
#7618 = DIRECTION('',(-1.,-2.334869823773E-16,0.));
#7619 = ORIENTED_EDGE('',*,*,#7620,.T.);
#7620 = EDGE_CURVE('',#7613,#7621,#7623,.T.);
#7621 = VERTEX_POINT('',#7622);
#7622 = CARTESIAN_POINT('',(1.1,0.37,2.5E-02));
#7623 = LINE('',#7624,#7625);
#7624 = CARTESIAN_POINT('',(1.1,0.92875,2.5E-02));
#7625 = VECTOR('',#7626,1.);
#7626 = DIRECTION('',(-2.334869823773E-16,1.,0.));
#7627 = ORIENTED_EDGE('',*,*,#7628,.T.);
#7628 = EDGE_CURVE('',#7621,#7249,#7629,.T.);
#7629 = LINE('',#7630,#7631);
#7630 = CARTESIAN_POINT('',(6.25E-03,0.37,2.5E-02));
#7631 = VECTOR('',#7632,1.);
#7632 = DIRECTION('',(1.,2.334869823773E-16,0.));
#7633 = ORIENTED_EDGE('',*,*,#7256,.F.);
#7634 = ORIENTED_EDGE('',*,*,#7635,.T.);
#7635 = EDGE_CURVE('',#7257,#7636,#7638,.T.);
#7636 = VERTEX_POINT('',#7637);
#7637 = CARTESIAN_POINT('',(1.1,0.63,2.5E-02));
#7638 = LINE('',#7639,#7640);
#7639 = CARTESIAN_POINT('',(-0.19375,0.63,2.5E-02));
#7640 = VECTOR('',#7641,1.);
#7641 = DIRECTION('',(-1.,-2.334869823773E-16,0.));
#7642 = ORIENTED_EDGE('',*,*,#7643,.T.);
#7643 = EDGE_CURVE('',#7636,#7644,#7646,.T.);
#7644 = VERTEX_POINT('',#7645);
#7645 = CARTESIAN_POINT('',(1.1,0.87,2.5E-02));
#7646 = LINE('',#7647,#7648);
#7647 = CARTESIAN_POINT('',(1.1,1.17875,2.5E-02));
#7648 = VECTOR('',#7649,1.);
#7649 = DIRECTION('',(-2.334869823773E-16,1.,0.));
#7650 = ORIENTED_EDGE('',*,*,#7651,.T.);
#7651 = EDGE_CURVE('',#7644,#7143,#7652,.T.);
#7652 = LINE('',#7653,#7654);
#7653 = CARTESIAN_POINT('',(6.25E-03,0.87,2.5E-02));
#7654 = VECTOR('',#7655,1.);
#7655 = DIRECTION('',(1.,2.334869823773E-16,0.));
#7656 = ORIENTED_EDGE('',*,*,#7142,.F.);
#7657 = ORIENTED_EDGE('',*,*,#7078,.F.);
#7658 = ORIENTED_EDGE('',*,*,#7659,.T.);
#7659 = EDGE_CURVE('',#7071,#7660,#7662,.T.);
#7660 = VERTEX_POINT('',#7661);
#7661 = CARTESIAN_POINT('',(0.87,1.1,2.5E-02));
#7662 = LINE('',#7663,#7664);
#7663 = CARTESIAN_POINT('',(0.87,1.29375,2.5E-02));
#7664 = VECTOR('',#7665,1.);
#7665 = DIRECTION('',(1.224646799147E-16,-1.,0.));
#7666 = ORIENTED_EDGE('',*,*,#7667,.T.);
#7667 = EDGE_CURVE('',#7660,#7668,#7670,.T.);
#7668 = VERTEX_POINT('',#7669);
#7669 = CARTESIAN_POINT('',(0.63,1.1,2.5E-02));
#7670 = LINE('',#7671,#7672);
#7671 = CARTESIAN_POINT('',(-0.42875,1.1,2.5E-02));
#7672 = VECTOR('',#7673,1.);
#7673 = DIRECTION('',(-1.,-1.224646799147E-16,0.));
#7674 = ORIENTED_EDGE('',*,*,#7675,.T.);
#7675 = EDGE_CURVE('',#7668,#7047,#7676,.T.);
#7676 = LINE('',#7677,#7678);
#7677 = CARTESIAN_POINT('',(0.63,1.49375,2.5E-02));
#7678 = VECTOR('',#7679,1.);
#7679 = DIRECTION('',(-1.224646799147E-16,1.,0.));
#7680 = ORIENTED_EDGE('',*,*,#7046,.F.);
#7681 = ORIENTED_EDGE('',*,*,#7682,.T.);
#7682 = EDGE_CURVE('',#7039,#7683,#7685,.T.);
#7683 = VERTEX_POINT('',#7684);
#7684 = CARTESIAN_POINT('',(0.37,1.1,2.5E-02));
#7685 = LINE('',#7686,#7687);
#7686 = CARTESIAN_POINT('',(0.37,1.29375,2.5E-02));
#7687 = VECTOR('',#7688,1.);
#7688 = DIRECTION('',(1.224646799147E-16,-1.,0.));
#7689 = ORIENTED_EDGE('',*,*,#7690,.T.);
#7690 = EDGE_CURVE('',#7683,#7691,#7693,.T.);
#7691 = VERTEX_POINT('',#7692);
#7692 = CARTESIAN_POINT('',(0.13,1.1,2.5E-02));
#7693 = LINE('',#7694,#7695);
#7694 = CARTESIAN_POINT('',(-0.67875,1.1,2.5E-02));
#7695 = VECTOR('',#7696,1.);
#7696 = DIRECTION('',(-1.,-1.224646799147E-16,0.));
#7697 = ORIENTED_EDGE('',*,*,#7698,.T.);
#7698 = EDGE_CURVE('',#7691,#7015,#7699,.T.);
#7699 = LINE('',#7700,#7701);
#7700 = CARTESIAN_POINT('',(0.13,1.49375,2.5E-02));
#7701 = VECTOR('',#7702,1.);
#7702 = DIRECTION('',(-1.224646799147E-16,1.,0.));
#7703 = ORIENTED_EDGE('',*,*,#7014,.F.);
#7704 = ORIENTED_EDGE('',*,*,#7705,.T.);
#7705 = EDGE_CURVE('',#7007,#7706,#7708,.T.);
#7706 = VERTEX_POINT('',#7707);
#7707 = CARTESIAN_POINT('',(-0.13,1.1,2.5E-02));
#7708 = LINE('',#7709,#7710);
#7709 = CARTESIAN_POINT('',(-0.13,1.29375,2.5E-02));
#7710 = VECTOR('',#7711,1.);
#7711 = DIRECTION('',(1.224646799147E-16,-1.,0.));
#7712 = ORIENTED_EDGE('',*,*,#7713,.T.);
#7713 = EDGE_CURVE('',#7706,#7714,#7716,.T.);
#7714 = VERTEX_POINT('',#7715);
#7715 = CARTESIAN_POINT('',(-0.37,1.1,2.5E-02));
#7716 = LINE('',#7717,#7718);
#7717 = CARTESIAN_POINT('',(-0.92875,1.1,2.5E-02));
#7718 = VECTOR('',#7719,1.);
#7719 = DIRECTION('',(-1.,-1.224646799147E-16,0.));
#7720 = ORIENTED_EDGE('',*,*,#7721,.T.);
#7721 = EDGE_CURVE('',#7714,#6983,#7722,.T.);
#7722 = LINE('',#7723,#7724);
#7723 = CARTESIAN_POINT('',(-0.37,1.49375,2.5E-02));
#7724 = VECTOR('',#7725,1.);
#7725 = DIRECTION('',(-1.224646799147E-16,1.,0.));
#7726 = ORIENTED_EDGE('',*,*,#6982,.F.);
#7727 = ORIENTED_EDGE('',*,*,#7728,.T.);
#7728 = EDGE_CURVE('',#6975,#7729,#7731,.T.);
#7729 = VERTEX_POINT('',#7730);
#7730 = CARTESIAN_POINT('',(-0.63,1.1,2.5E-02));
#7731 = LINE('',#7732,#7733);
#7732 = CARTESIAN_POINT('',(-0.63,1.29375,2.5E-02));
#7733 = VECTOR('',#7734,1.);
#7734 = DIRECTION('',(1.224646799147E-16,-1.,0.));
#7735 = ORIENTED_EDGE('',*,*,#7736,.T.);
#7736 = EDGE_CURVE('',#7729,#7737,#7739,.T.);
#7737 = VERTEX_POINT('',#7738);
#7738 = CARTESIAN_POINT('',(-0.87,1.1,2.5E-02));
#7739 = LINE('',#7740,#7741);
#7740 = CARTESIAN_POINT('',(-1.17875,1.1,2.5E-02));
#7741 = VECTOR('',#7742,1.);
#7742 = DIRECTION('',(-1.,-1.224646799147E-16,0.));
#7743 = ORIENTED_EDGE('',*,*,#7744,.T.);
#7744 = EDGE_CURVE('',#7737,#6951,#7745,.T.);
#7745 = LINE('',#7746,#7747);
#7746 = CARTESIAN_POINT('',(-0.87,1.49375,2.5E-02));
#7747 = VECTOR('',#7748,1.);
#7748 = DIRECTION('',(-1.224646799147E-16,1.,0.));
#7749 = FACE_BOUND('',#7750,.F.);
#7750 = EDGE_LOOP('',(#7751,#7761,#7769,#7777,#7785));
#7751 = ORIENTED_EDGE('',*,*,#7752,.T.);
#7752 = EDGE_CURVE('',#7753,#7755,#7757,.T.);
#7753 = VERTEX_POINT('',#7754);
#7754 = CARTESIAN_POINT('',(0.85,-0.85,2.5E-02));
#7755 = VERTEX_POINT('',#7756);
#7756 = CARTESIAN_POINT('',(-0.85,-0.85,2.5E-02));
#7757 = LINE('',#7758,#7759);
#7758 = CARTESIAN_POINT('',(-1.16875,-0.85,2.5E-02));
#7759 = VECTOR('',#7760,1.);
#7760 = DIRECTION('',(-1.,-1.763295392052E-16,0.));
#7761 = ORIENTED_EDGE('',*,*,#7762,.T.);
#7762 = EDGE_CURVE('',#7755,#7763,#7765,.T.);
#7763 = VERTEX_POINT('',#7764);
#7764 = CARTESIAN_POINT('',(-0.85,0.65,2.5E-02));
#7765 = LINE('',#7766,#7767);
#7766 = CARTESIAN_POINT('',(-0.85,1.06875,2.5E-02));
#7767 = VECTOR('',#7768,1.);
#7768 = DIRECTION('',(-1.110223024625E-16,1.,0.));
#7769 = ORIENTED_EDGE('',*,*,#7770,.T.);
#7770 = EDGE_CURVE('',#7763,#7771,#7773,.T.);
#7771 = VERTEX_POINT('',#7772);
#7772 = CARTESIAN_POINT('',(-0.65,0.85,2.5E-02));
#7773 = LINE('',#7774,#7775);
#7774 = CARTESIAN_POINT('',(-0.7,0.8,2.5E-02));
#7775 = VECTOR('',#7776,1.);
#7776 = DIRECTION('',(0.707106781187,0.707106781187,0.));
#7777 = ORIENTED_EDGE('',*,*,#7778,.T.);
#7778 = EDGE_CURVE('',#7771,#7779,#7781,.T.);
#7779 = VERTEX_POINT('',#7780);
#7780 = CARTESIAN_POINT('',(0.85,0.85,2.5E-02));
#7781 = LINE('',#7782,#7783);
#7782 = CARTESIAN_POINT('',(-0.31875,0.85,2.5E-02));
#7783 = VECTOR('',#7784,1.);
#7784 = DIRECTION('',(1.,1.110223024625E-16,0.));
#7785 = ORIENTED_EDGE('',*,*,#7786,.T.);
#7786 = EDGE_CURVE('',#7779,#7753,#7787,.T.);
#7787 = LINE('',#7788,#7789);
#7788 = CARTESIAN_POINT('',(0.85,0.31875,2.5E-02));
#7789 = VECTOR('',#7790,1.);
#7790 = DIRECTION('',(1.110223024625E-16,-1.,0.));
#7791 = PLANE('',#7792);
#7792 = AXIS2_PLACEMENT_3D('',#7793,#7794,#7795);
#7793 = CARTESIAN_POINT('',(-1.4875,1.4875,2.5E-02));
#7794 = DIRECTION('',(0.,0.,1.));
#7795 = DIRECTION('',(1.110223024625E-16,-1.,0.));
#7796 = ADVANCED_FACE('',(#7797),#7831,.F.);
#7797 = FACE_BOUND('',#7798,.F.);
#7798 = EDGE_LOOP('',(#7799,#7809,#7815,#7816,#7817,#7825));
#7799 = ORIENTED_EDGE('',*,*,#7800,.F.);
#7800 = EDGE_CURVE('',#7801,#7803,#7805,.T.);
#7801 = VERTEX_POINT('',#7802);
#7802 = CARTESIAN_POINT('',(0.87,1.1,0.));
#7803 = VERTEX_POINT('',#7804);
#7804 = CARTESIAN_POINT('',(0.87,1.5,0.));
#7805 = LINE('',#7806,#7807);
#7806 = CARTESIAN_POINT('',(0.87,1.1,0.));
#7807 = VECTOR('',#7808,1.);
#7808 = DIRECTION('',(-1.224646799147E-16,1.,0.));
#7809 = ORIENTED_EDGE('',*,*,#7810,.T.);
#7810 = EDGE_CURVE('',#7801,#7660,#7811,.T.);
#7811 = LINE('',#7812,#7813);
#7812 = CARTESIAN_POINT('',(0.87,1.1,0.));
#7813 = VECTOR('',#7814,1.);
#7814 = DIRECTION('',(0.,0.,1.));
#7815 = ORIENTED_EDGE('',*,*,#7659,.F.);
#7816 = ORIENTED_EDGE('',*,*,#7070,.F.);
#7817 = ORIENTED_EDGE('',*,*,#7818,.T.);
#7818 = EDGE_CURVE('',#7063,#7819,#7821,.T.);
#7819 = VERTEX_POINT('',#7820);
#7820 = CARTESIAN_POINT('',(0.87,1.5,0.2));
#7821 = LINE('',#7822,#7823);
#7822 = CARTESIAN_POINT('',(0.87,1.1,0.2));
#7823 = VECTOR('',#7824,1.);
#7824 = DIRECTION('',(-1.224646799147E-16,1.,0.));
#7825 = ORIENTED_EDGE('',*,*,#7826,.F.);
#7826 = EDGE_CURVE('',#7803,#7819,#7827,.T.);
#7827 = LINE('',#7828,#7829);
#7828 = CARTESIAN_POINT('',(0.87,1.5,0.));
#7829 = VECTOR('',#7830,1.);
#7830 = DIRECTION('',(0.,0.,1.));
#7831 = PLANE('',#7832);
#7832 = AXIS2_PLACEMENT_3D('',#7833,#7834,#7835);
#7833 = CARTESIAN_POINT('',(0.87,1.1,0.));
#7834 = DIRECTION('',(-1.,-1.224646799147E-16,0.));
#7835 = DIRECTION('',(-1.224646799147E-16,1.,0.));
#7836 = ADVANCED_FACE('',(#7837),#7855,.T.);
#7837 = FACE_BOUND('',#7838,.T.);
#7838 = EDGE_LOOP('',(#7839,#7847,#7853,#7854));
#7839 = ORIENTED_EDGE('',*,*,#7840,.T.);
#7840 = EDGE_CURVE('',#7819,#7841,#7843,.T.);
#7841 = VERTEX_POINT('',#7842);
#7842 = CARTESIAN_POINT('',(0.63,1.5,0.2));
#7843 = LINE('',#7844,#7845);
#7844 = CARTESIAN_POINT('',(0.87,1.5,0.2));
#7845 = VECTOR('',#7846,1.);
#7846 = DIRECTION('',(-1.,-1.224646799147E-16,0.));
#7847 = ORIENTED_EDGE('',*,*,#7848,.T.);
#7848 = EDGE_CURVE('',#7841,#7055,#7849,.T.);
#7849 = LINE('',#7850,#7851);
#7850 = CARTESIAN_POINT('',(0.63,1.5,0.2));
#7851 = VECTOR('',#7852,1.);
#7852 = DIRECTION('',(1.224646799147E-16,-1.,0.));
#7853 = ORIENTED_EDGE('',*,*,#7062,.F.);
#7854 = ORIENTED_EDGE('',*,*,#7818,.T.);
#7855 = PLANE('',#7856);
#7856 = AXIS2_PLACEMENT_3D('',#7857,#7858,#7859);
#7857 = CARTESIAN_POINT('',(0.75,1.3,0.2));
#7858 = DIRECTION('',(0.,0.,1.));
#7859 = DIRECTION('',(-1.,-1.224646799147E-16,0.));
#7860 = ADVANCED_FACE('',(#7861),#7888,.F.);
#7861 = FACE_BOUND('',#7862,.F.);
#7862 = EDGE_LOOP('',(#7863,#7873,#7879,#7880,#7881,#7882));
#7863 = ORIENTED_EDGE('',*,*,#7864,.F.);
#7864 = EDGE_CURVE('',#7865,#7867,#7869,.T.);
#7865 = VERTEX_POINT('',#7866);
#7866 = CARTESIAN_POINT('',(0.63,1.5,0.));
#7867 = VERTEX_POINT('',#7868);
#7868 = CARTESIAN_POINT('',(0.63,1.1,0.));
#7869 = LINE('',#7870,#7871);
#7870 = CARTESIAN_POINT('',(0.63,1.5,0.));
#7871 = VECTOR('',#7872,1.);
#7872 = DIRECTION('',(1.224646799147E-16,-1.,0.));
#7873 = ORIENTED_EDGE('',*,*,#7874,.T.);
#7874 = EDGE_CURVE('',#7865,#7841,#7875,.T.);
#7875 = LINE('',#7876,#7877);
#7876 = CARTESIAN_POINT('',(0.63,1.5,0.));
#7877 = VECTOR('',#7878,1.);
#7878 = DIRECTION('',(0.,0.,1.));
#7879 = ORIENTED_EDGE('',*,*,#7848,.T.);
#7880 = ORIENTED_EDGE('',*,*,#7054,.F.);
#7881 = ORIENTED_EDGE('',*,*,#7675,.F.);
#7882 = ORIENTED_EDGE('',*,*,#7883,.F.);
#7883 = EDGE_CURVE('',#7867,#7668,#7884,.T.);
#7884 = LINE('',#7885,#7886);
#7885 = CARTESIAN_POINT('',(0.63,1.1,0.));
#7886 = VECTOR('',#7887,1.);
#7887 = DIRECTION('',(0.,0.,1.));
#7888 = PLANE('',#7889);
#7889 = AXIS2_PLACEMENT_3D('',#7890,#7891,#7892);
#7890 = CARTESIAN_POINT('',(0.63,1.5,0.));
#7891 = DIRECTION('',(1.,1.224646799147E-16,0.));
#7892 = DIRECTION('',(1.224646799147E-16,-1.,0.));
#7893 = ADVANCED_FACE('',(#7894),#7928,.F.);
#7894 = FACE_BOUND('',#7895,.F.);
#7895 = EDGE_LOOP('',(#7896,#7906,#7912,#7913,#7914,#7922));
#7896 = ORIENTED_EDGE('',*,*,#7897,.F.);
#7897 = EDGE_CURVE('',#7898,#7900,#7902,.T.);
#7898 = VERTEX_POINT('',#7899);
#7899 = CARTESIAN_POINT('',(0.37,1.1,0.));
#7900 = VERTEX_POINT('',#7901);
#7901 = CARTESIAN_POINT('',(0.37,1.5,0.));
#7902 = LINE('',#7903,#7904);
#7903 = CARTESIAN_POINT('',(0.37,1.1,0.));
#7904 = VECTOR('',#7905,1.);
#7905 = DIRECTION('',(-1.224646799147E-16,1.,0.));
#7906 = ORIENTED_EDGE('',*,*,#7907,.T.);
#7907 = EDGE_CURVE('',#7898,#7683,#7908,.T.);
#7908 = LINE('',#7909,#7910);
#7909 = CARTESIAN_POINT('',(0.37,1.1,0.));
#7910 = VECTOR('',#7911,1.);
#7911 = DIRECTION('',(0.,0.,1.));
#7912 = ORIENTED_EDGE('',*,*,#7682,.F.);
#7913 = ORIENTED_EDGE('',*,*,#7038,.F.);
#7914 = ORIENTED_EDGE('',*,*,#7915,.T.);
#7915 = EDGE_CURVE('',#7031,#7916,#7918,.T.);
#7916 = VERTEX_POINT('',#7917);
#7917 = CARTESIAN_POINT('',(0.37,1.5,0.2));
#7918 = LINE('',#7919,#7920);
#7919 = CARTESIAN_POINT('',(0.37,1.1,0.2));
#7920 = VECTOR('',#7921,1.);
#7921 = DIRECTION('',(-1.224646799147E-16,1.,0.));
#7922 = ORIENTED_EDGE('',*,*,#7923,.F.);
#7923 = EDGE_CURVE('',#7900,#7916,#7924,.T.);
#7924 = LINE('',#7925,#7926);
#7925 = CARTESIAN_POINT('',(0.37,1.5,0.));
#7926 = VECTOR('',#7927,1.);
#7927 = DIRECTION('',(0.,0.,1.));
#7928 = PLANE('',#7929);
#7929 = AXIS2_PLACEMENT_3D('',#7930,#7931,#7932);
#7930 = CARTESIAN_POINT('',(0.37,1.1,0.));
#7931 = DIRECTION('',(-1.,-1.224646799147E-16,0.));
#7932 = DIRECTION('',(-1.224646799147E-16,1.,0.));
#7933 = ADVANCED_FACE('',(#7934),#7952,.T.);
#7934 = FACE_BOUND('',#7935,.T.);
#7935 = EDGE_LOOP('',(#7936,#7944,#7950,#7951));
#7936 = ORIENTED_EDGE('',*,*,#7937,.T.);
#7937 = EDGE_CURVE('',#7916,#7938,#7940,.T.);
#7938 = VERTEX_POINT('',#7939);
#7939 = CARTESIAN_POINT('',(0.13,1.5,0.2));
#7940 = LINE('',#7941,#7942);
#7941 = CARTESIAN_POINT('',(0.37,1.5,0.2));
#7942 = VECTOR('',#7943,1.);
#7943 = DIRECTION('',(-1.,-1.224646799147E-16,0.));
#7944 = ORIENTED_EDGE('',*,*,#7945,.T.);
#7945 = EDGE_CURVE('',#7938,#7023,#7946,.T.);
#7946 = LINE('',#7947,#7948);
#7947 = CARTESIAN_POINT('',(0.13,1.5,0.2));
#7948 = VECTOR('',#7949,1.);
#7949 = DIRECTION('',(1.224646799147E-16,-1.,0.));
#7950 = ORIENTED_EDGE('',*,*,#7030,.F.);
#7951 = ORIENTED_EDGE('',*,*,#7915,.T.);
#7952 = PLANE('',#7953);
#7953 = AXIS2_PLACEMENT_3D('',#7954,#7955,#7956);
#7954 = CARTESIAN_POINT('',(0.25,1.3,0.2));
#7955 = DIRECTION('',(0.,0.,1.));
#7956 = DIRECTION('',(-1.,-1.224646799147E-16,0.));
#7957 = ADVANCED_FACE('',(#7958),#7985,.F.);
#7958 = FACE_BOUND('',#7959,.F.);
#7959 = EDGE_LOOP('',(#7960,#7970,#7976,#7977,#7978,#7979));
#7960 = ORIENTED_EDGE('',*,*,#7961,.F.);
#7961 = EDGE_CURVE('',#7962,#7964,#7966,.T.);
#7962 = VERTEX_POINT('',#7963);
#7963 = CARTESIAN_POINT('',(0.13,1.5,0.));
#7964 = VERTEX_POINT('',#7965);
#7965 = CARTESIAN_POINT('',(0.13,1.1,0.));
#7966 = LINE('',#7967,#7968);
#7967 = CARTESIAN_POINT('',(0.13,1.5,0.));
#7968 = VECTOR('',#7969,1.);
#7969 = DIRECTION('',(1.224646799147E-16,-1.,0.));
#7970 = ORIENTED_EDGE('',*,*,#7971,.T.);
#7971 = EDGE_CURVE('',#7962,#7938,#7972,.T.);
#7972 = LINE('',#7973,#7974);
#7973 = CARTESIAN_POINT('',(0.13,1.5,0.));
#7974 = VECTOR('',#7975,1.);
#7975 = DIRECTION('',(0.,0.,1.));
#7976 = ORIENTED_EDGE('',*,*,#7945,.T.);
#7977 = ORIENTED_EDGE('',*,*,#7022,.F.);
#7978 = ORIENTED_EDGE('',*,*,#7698,.F.);
#7979 = ORIENTED_EDGE('',*,*,#7980,.F.);
#7980 = EDGE_CURVE('',#7964,#7691,#7981,.T.);
#7981 = LINE('',#7982,#7983);
#7982 = CARTESIAN_POINT('',(0.13,1.1,0.));
#7983 = VECTOR('',#7984,1.);
#7984 = DIRECTION('',(0.,0.,1.));
#7985 = PLANE('',#7986);
#7986 = AXIS2_PLACEMENT_3D('',#7987,#7988,#7989);
#7987 = CARTESIAN_POINT('',(0.13,1.5,0.));
#7988 = DIRECTION('',(1.,1.224646799147E-16,0.));
#7989 = DIRECTION('',(1.224646799147E-16,-1.,0.));
#7990 = ADVANCED_FACE('',(#7991),#8025,.F.);
#7991 = FACE_BOUND('',#7992,.F.);
#7992 = EDGE_LOOP('',(#7993,#8003,#8009,#8010,#8011,#8019));
#7993 = ORIENTED_EDGE('',*,*,#7994,.F.);
#7994 = EDGE_CURVE('',#7995,#7997,#7999,.T.);
#7995 = VERTEX_POINT('',#7996);
#7996 = CARTESIAN_POINT('',(-0.13,1.1,0.));
#7997 = VERTEX_POINT('',#7998);
#7998 = CARTESIAN_POINT('',(-0.13,1.5,0.));
#7999 = LINE('',#8000,#8001);
#8000 = CARTESIAN_POINT('',(-0.13,1.1,0.));
#8001 = VECTOR('',#8002,1.);
#8002 = DIRECTION('',(-1.224646799147E-16,1.,0.));
#8003 = ORIENTED_EDGE('',*,*,#8004,.T.);
#8004 = EDGE_CURVE('',#7995,#7706,#8005,.T.);
#8005 = LINE('',#8006,#8007);
#8006 = CARTESIAN_POINT('',(-0.13,1.1,0.));
#8007 = VECTOR('',#8008,1.);
#8008 = DIRECTION('',(0.,0.,1.));
#8009 = ORIENTED_EDGE('',*,*,#7705,.F.);
#8010 = ORIENTED_EDGE('',*,*,#7006,.F.);
#8011 = ORIENTED_EDGE('',*,*,#8012,.T.);
#8012 = EDGE_CURVE('',#6999,#8013,#8015,.T.);
#8013 = VERTEX_POINT('',#8014);
#8014 = CARTESIAN_POINT('',(-0.13,1.5,0.2));
#8015 = LINE('',#8016,#8017);
#8016 = CARTESIAN_POINT('',(-0.13,1.1,0.2));
#8017 = VECTOR('',#8018,1.);
#8018 = DIRECTION('',(-1.224646799147E-16,1.,0.));
#8019 = ORIENTED_EDGE('',*,*,#8020,.F.);
#8020 = EDGE_CURVE('',#7997,#8013,#8021,.T.);
#8021 = LINE('',#8022,#8023);
#8022 = CARTESIAN_POINT('',(-0.13,1.5,0.));
#8023 = VECTOR('',#8024,1.);
#8024 = DIRECTION('',(0.,0.,1.));
#8025 = PLANE('',#8026);
#8026 = AXIS2_PLACEMENT_3D('',#8027,#8028,#8029);
#8027 = CARTESIAN_POINT('',(-0.13,1.1,0.));
#8028 = DIRECTION('',(-1.,-1.224646799147E-16,0.));
#8029 = DIRECTION('',(-1.224646799147E-16,1.,0.));
#8030 = ADVANCED_FACE('',(#8031),#8049,.T.);
#8031 = FACE_BOUND('',#8032,.T.);
#8032 = EDGE_LOOP('',(#8033,#8041,#8047,#8048));
#8033 = ORIENTED_EDGE('',*,*,#8034,.T.);
#8034 = EDGE_CURVE('',#8013,#8035,#8037,.T.);
#8035 = VERTEX_POINT('',#8036);
#8036 = CARTESIAN_POINT('',(-0.37,1.5,0.2));
#8037 = LINE('',#8038,#8039);
#8038 = CARTESIAN_POINT('',(-0.13,1.5,0.2));
#8039 = VECTOR('',#8040,1.);
#8040 = DIRECTION('',(-1.,-1.224646799147E-16,0.));
#8041 = ORIENTED_EDGE('',*,*,#8042,.T.);
#8042 = EDGE_CURVE('',#8035,#6991,#8043,.T.);
#8043 = LINE('',#8044,#8045);
#8044 = CARTESIAN_POINT('',(-0.37,1.5,0.2));
#8045 = VECTOR('',#8046,1.);
#8046 = DIRECTION('',(1.224646799147E-16,-1.,0.));
#8047 = ORIENTED_EDGE('',*,*,#6998,.F.);
#8048 = ORIENTED_EDGE('',*,*,#8012,.T.);
#8049 = PLANE('',#8050);
#8050 = AXIS2_PLACEMENT_3D('',#8051,#8052,#8053);
#8051 = CARTESIAN_POINT('',(-0.25,1.3,0.2));
#8052 = DIRECTION('',(0.,0.,1.));
#8053 = DIRECTION('',(-1.,-1.224646799147E-16,0.));
#8054 = ADVANCED_FACE('',(#8055),#8082,.F.);
#8055 = FACE_BOUND('',#8056,.F.);
#8056 = EDGE_LOOP('',(#8057,#8067,#8073,#8074,#8075,#8076));
#8057 = ORIENTED_EDGE('',*,*,#8058,.F.);
#8058 = EDGE_CURVE('',#8059,#8061,#8063,.T.);
#8059 = VERTEX_POINT('',#8060);
#8060 = CARTESIAN_POINT('',(-0.37,1.5,0.));
#8061 = VERTEX_POINT('',#8062);
#8062 = CARTESIAN_POINT('',(-0.37,1.1,0.));
#8063 = LINE('',#8064,#8065);
#8064 = CARTESIAN_POINT('',(-0.37,1.5,0.));
#8065 = VECTOR('',#8066,1.);
#8066 = DIRECTION('',(1.224646799147E-16,-1.,0.));
#8067 = ORIENTED_EDGE('',*,*,#8068,.T.);
#8068 = EDGE_CURVE('',#8059,#8035,#8069,.T.);
#8069 = LINE('',#8070,#8071);
#8070 = CARTESIAN_POINT('',(-0.37,1.5,0.));
#8071 = VECTOR('',#8072,1.);
#8072 = DIRECTION('',(0.,0.,1.));
#8073 = ORIENTED_EDGE('',*,*,#8042,.T.);
#8074 = ORIENTED_EDGE('',*,*,#6990,.F.);
#8075 = ORIENTED_EDGE('',*,*,#7721,.F.);
#8076 = ORIENTED_EDGE('',*,*,#8077,.F.);
#8077 = EDGE_CURVE('',#8061,#7714,#8078,.T.);
#8078 = LINE('',#8079,#8080);
#8079 = CARTESIAN_POINT('',(-0.37,1.1,0.));
#8080 = VECTOR('',#8081,1.);
#8081 = DIRECTION('',(0.,0.,1.));
#8082 = PLANE('',#8083);
#8083 = AXIS2_PLACEMENT_3D('',#8084,#8085,#8086);
#8084 = CARTESIAN_POINT('',(-0.37,1.5,0.));
#8085 = DIRECTION('',(1.,1.224646799147E-16,0.));
#8086 = DIRECTION('',(1.224646799147E-16,-1.,0.));
#8087 = ADVANCED_FACE('',(#8088),#8122,.F.);
#8088 = FACE_BOUND('',#8089,.F.);
#8089 = EDGE_LOOP('',(#8090,#8100,#8106,#8107,#8108,#8116));
#8090 = ORIENTED_EDGE('',*,*,#8091,.F.);
#8091 = EDGE_CURVE('',#8092,#8094,#8096,.T.);
#8092 = VERTEX_POINT('',#8093);
#8093 = CARTESIAN_POINT('',(-0.63,1.1,0.));
#8094 = VERTEX_POINT('',#8095);
#8095 = CARTESIAN_POINT('',(-0.63,1.5,0.));
#8096 = LINE('',#8097,#8098);
#8097 = CARTESIAN_POINT('',(-0.63,1.1,0.));
#8098 = VECTOR('',#8099,1.);
#8099 = DIRECTION('',(-1.224646799147E-16,1.,0.));
#8100 = ORIENTED_EDGE('',*,*,#8101,.T.);
#8101 = EDGE_CURVE('',#8092,#7729,#8102,.T.);
#8102 = LINE('',#8103,#8104);
#8103 = CARTESIAN_POINT('',(-0.63,1.1,0.));
#8104 = VECTOR('',#8105,1.);
#8105 = DIRECTION('',(0.,0.,1.));
#8106 = ORIENTED_EDGE('',*,*,#7728,.F.);
#8107 = ORIENTED_EDGE('',*,*,#6974,.F.);
#8108 = ORIENTED_EDGE('',*,*,#8109,.T.);
#8109 = EDGE_CURVE('',#6967,#8110,#8112,.T.);
#8110 = VERTEX_POINT('',#8111);
#8111 = CARTESIAN_POINT('',(-0.63,1.5,0.2));
#8112 = LINE('',#8113,#8114);
#8113 = CARTESIAN_POINT('',(-0.63,1.1,0.2));
#8114 = VECTOR('',#8115,1.);
#8115 = DIRECTION('',(-1.224646799147E-16,1.,0.));
#8116 = ORIENTED_EDGE('',*,*,#8117,.F.);
#8117 = EDGE_CURVE('',#8094,#8110,#8118,.T.);
#8118 = LINE('',#8119,#8120);
#8119 = CARTESIAN_POINT('',(-0.63,1.5,0.));
#8120 = VECTOR('',#8121,1.);
#8121 = DIRECTION('',(0.,0.,1.));
#8122 = PLANE('',#8123);
#8123 = AXIS2_PLACEMENT_3D('',#8124,#8125,#8126);
#8124 = CARTESIAN_POINT('',(-0.63,1.1,0.));
#8125 = DIRECTION('',(-1.,-1.224646799147E-16,0.));
#8126 = DIRECTION('',(-1.224646799147E-16,1.,0.));
#8127 = ADVANCED_FACE('',(#8128),#8146,.T.);
#8128 = FACE_BOUND('',#8129,.T.);
#8129 = EDGE_LOOP('',(#8130,#8138,#8144,#8145));
#8130 = ORIENTED_EDGE('',*,*,#8131,.T.);
#8131 = EDGE_CURVE('',#8110,#8132,#8134,.T.);
#8132 = VERTEX_POINT('',#8133);
#8133 = CARTESIAN_POINT('',(-0.87,1.5,0.2));
#8134 = LINE('',#8135,#8136);
#8135 = CARTESIAN_POINT('',(-0.63,1.5,0.2));
#8136 = VECTOR('',#8137,1.);
#8137 = DIRECTION('',(-1.,-1.224646799147E-16,0.));
#8138 = ORIENTED_EDGE('',*,*,#8139,.T.);
#8139 = EDGE_CURVE('',#8132,#6959,#8140,.T.);
#8140 = LINE('',#8141,#8142);
#8141 = CARTESIAN_POINT('',(-0.87,1.5,0.2));
#8142 = VECTOR('',#8143,1.);
#8143 = DIRECTION('',(1.224646799147E-16,-1.,0.));
#8144 = ORIENTED_EDGE('',*,*,#6966,.F.);
#8145 = ORIENTED_EDGE('',*,*,#8109,.T.);
#8146 = PLANE('',#8147);
#8147 = AXIS2_PLACEMENT_3D('',#8148,#8149,#8150);
#8148 = CARTESIAN_POINT('',(-0.75,1.3,0.2));
#8149 = DIRECTION('',(0.,0.,1.));
#8150 = DIRECTION('',(-1.,-1.224646799147E-16,0.));
#8151 = ADVANCED_FACE('',(#8152),#8179,.F.);
#8152 = FACE_BOUND('',#8153,.F.);
#8153 = EDGE_LOOP('',(#8154,#8164,#8170,#8171,#8172,#8173));
#8154 = ORIENTED_EDGE('',*,*,#8155,.F.);
#8155 = EDGE_CURVE('',#8156,#8158,#8160,.T.);
#8156 = VERTEX_POINT('',#8157);
#8157 = CARTESIAN_POINT('',(-0.87,1.5,0.));
#8158 = VERTEX_POINT('',#8159);
#8159 = CARTESIAN_POINT('',(-0.87,1.1,0.));
#8160 = LINE('',#8161,#8162);
#8161 = CARTESIAN_POINT('',(-0.87,1.5,0.));
#8162 = VECTOR('',#8163,1.);
#8163 = DIRECTION('',(1.224646799147E-16,-1.,0.));
#8164 = ORIENTED_EDGE('',*,*,#8165,.T.);
#8165 = EDGE_CURVE('',#8156,#8132,#8166,.T.);
#8166 = LINE('',#8167,#8168);
#8167 = CARTESIAN_POINT('',(-0.87,1.5,0.));
#8168 = VECTOR('',#8169,1.);
#8169 = DIRECTION('',(0.,0.,1.));
#8170 = ORIENTED_EDGE('',*,*,#8139,.T.);
#8171 = ORIENTED_EDGE('',*,*,#6958,.F.);
#8172 = ORIENTED_EDGE('',*,*,#7744,.F.);
#8173 = ORIENTED_EDGE('',*,*,#8174,.F.);
#8174 = EDGE_CURVE('',#8158,#7737,#8175,.T.);
#8175 = LINE('',#8176,#8177);
#8176 = CARTESIAN_POINT('',(-0.87,1.1,0.));
#8177 = VECTOR('',#8178,1.);
#8178 = DIRECTION('',(0.,0.,1.));
#8179 = PLANE('',#8180);
#8180 = AXIS2_PLACEMENT_3D('',#8181,#8182,#8183);
#8181 = CARTESIAN_POINT('',(-0.87,1.5,0.));
#8182 = DIRECTION('',(1.,1.224646799147E-16,0.));
#8183 = DIRECTION('',(1.224646799147E-16,-1.,0.));
#8184 = ADVANCED_FACE('',(#8185),#8288,.F.);
#8185 = FACE_BOUND('',#8186,.F.);
#8186 = EDGE_LOOP('',(#8187,#8188,#8189,#8190,#8196,#8197,#8205,#8213,
    #8219,#8220,#8228,#8236,#8242,#8243,#8251,#8259,#8265,#8266,#8274,
    #8282));
#8187 = ORIENTED_EDGE('',*,*,#7295,.F.);
#8188 = ORIENTED_EDGE('',*,*,#6942,.T.);
#8189 = ORIENTED_EDGE('',*,*,#7101,.T.);
#8190 = ORIENTED_EDGE('',*,*,#8191,.F.);
#8191 = EDGE_CURVE('',#7424,#7102,#8192,.T.);
#8192 = LINE('',#8193,#8194);
#8193 = CARTESIAN_POINT('',(-1.4875,-1.4875,2.5E-02));
#8194 = VECTOR('',#8195,1.);
#8195 = DIRECTION('',(0.,0.,1.));
#8196 = ORIENTED_EDGE('',*,*,#7423,.F.);
#8197 = ORIENTED_EDGE('',*,*,#8198,.T.);
#8198 = EDGE_CURVE('',#7416,#8199,#8201,.T.);
#8199 = VERTEX_POINT('',#8200);
#8200 = CARTESIAN_POINT('',(-1.4875,-0.87,0.2));
#8201 = LINE('',#8202,#8203);
#8202 = CARTESIAN_POINT('',(-1.4875,-0.87,1.25E-02));
#8203 = VECTOR('',#8204,1.);
#8204 = DIRECTION('',(0.,0.,1.));
#8205 = ORIENTED_EDGE('',*,*,#8206,.F.);
#8206 = EDGE_CURVE('',#8207,#8199,#8209,.T.);
#8207 = VERTEX_POINT('',#8208);
#8208 = CARTESIAN_POINT('',(-1.4875,-0.63,0.2));
#8209 = LINE('',#8210,#8211);
#8210 = CARTESIAN_POINT('',(-1.4875,0.36875,0.2));
#8211 = VECTOR('',#8212,1.);
#8212 = DIRECTION('',(1.110223024625E-16,-1.,0.));
#8213 = ORIENTED_EDGE('',*,*,#8214,.T.);
#8214 = EDGE_CURVE('',#8207,#7392,#8215,.T.);
#8215 = LINE('',#8216,#8217);
#8216 = CARTESIAN_POINT('',(-1.4875,-0.63,1.25E-02));
#8217 = VECTOR('',#8218,1.);
#8218 = DIRECTION('',(0.,0.,-1.));
#8219 = ORIENTED_EDGE('',*,*,#7391,.F.);
#8220 = ORIENTED_EDGE('',*,*,#8221,.T.);
#8221 = EDGE_CURVE('',#7384,#8222,#8224,.T.);
#8222 = VERTEX_POINT('',#8223);
#8223 = CARTESIAN_POINT('',(-1.4875,-0.37,0.2));
#8224 = LINE('',#8225,#8226);
#8225 = CARTESIAN_POINT('',(-1.4875,-0.37,1.25E-02));
#8226 = VECTOR('',#8227,1.);
#8227 = DIRECTION('',(0.,0.,1.));
#8228 = ORIENTED_EDGE('',*,*,#8229,.F.);
#8229 = EDGE_CURVE('',#8230,#8222,#8232,.T.);
#8230 = VERTEX_POINT('',#8231);
#8231 = CARTESIAN_POINT('',(-1.4875,-0.13,0.2));
#8232 = LINE('',#8233,#8234);
#8233 = CARTESIAN_POINT('',(-1.4875,0.61875,0.2));
#8234 = VECTOR('',#8235,1.);
#8235 = DIRECTION('',(1.110223024625E-16,-1.,0.));
#8236 = ORIENTED_EDGE('',*,*,#8237,.T.);
#8237 = EDGE_CURVE('',#8230,#7360,#8238,.T.);
#8238 = LINE('',#8239,#8240);
#8239 = CARTESIAN_POINT('',(-1.4875,-0.13,1.25E-02));
#8240 = VECTOR('',#8241,1.);
#8241 = DIRECTION('',(0.,0.,-1.));
#8242 = ORIENTED_EDGE('',*,*,#7359,.F.);
#8243 = ORIENTED_EDGE('',*,*,#8244,.T.);
#8244 = EDGE_CURVE('',#7352,#8245,#8247,.T.);
#8245 = VERTEX_POINT('',#8246);
#8246 = CARTESIAN_POINT('',(-1.4875,0.13,0.2));
#8247 = LINE('',#8248,#8249);
#8248 = CARTESIAN_POINT('',(-1.4875,0.13,1.25E-02));
#8249 = VECTOR('',#8250,1.);
#8250 = DIRECTION('',(0.,0.,1.));
#8251 = ORIENTED_EDGE('',*,*,#8252,.F.);
#8252 = EDGE_CURVE('',#8253,#8245,#8255,.T.);
#8253 = VERTEX_POINT('',#8254);
#8254 = CARTESIAN_POINT('',(-1.4875,0.37,0.2));
#8255 = LINE('',#8256,#8257);
#8256 = CARTESIAN_POINT('',(-1.4875,0.86875,0.2));
#8257 = VECTOR('',#8258,1.);
#8258 = DIRECTION('',(1.110223024625E-16,-1.,0.));
#8259 = ORIENTED_EDGE('',*,*,#8260,.T.);
#8260 = EDGE_CURVE('',#8253,#7328,#8261,.T.);
#8261 = LINE('',#8262,#8263);
#8262 = CARTESIAN_POINT('',(-1.4875,0.37,1.25E-02));
#8263 = VECTOR('',#8264,1.);
#8264 = DIRECTION('',(0.,0.,-1.));
#8265 = ORIENTED_EDGE('',*,*,#7327,.F.);
#8266 = ORIENTED_EDGE('',*,*,#8267,.T.);
#8267 = EDGE_CURVE('',#7320,#8268,#8270,.T.);
#8268 = VERTEX_POINT('',#8269);
#8269 = CARTESIAN_POINT('',(-1.4875,0.63,0.2));
#8270 = LINE('',#8271,#8272);
#8271 = CARTESIAN_POINT('',(-1.4875,0.63,1.25E-02));
#8272 = VECTOR('',#8273,1.);
#8273 = DIRECTION('',(0.,0.,1.));
#8274 = ORIENTED_EDGE('',*,*,#8275,.F.);
#8275 = EDGE_CURVE('',#8276,#8268,#8278,.T.);
#8276 = VERTEX_POINT('',#8277);
#8277 = CARTESIAN_POINT('',(-1.4875,0.87,0.2));
#8278 = LINE('',#8279,#8280);
#8279 = CARTESIAN_POINT('',(-1.4875,1.11875,0.2));
#8280 = VECTOR('',#8281,1.);
#8281 = DIRECTION('',(1.110223024625E-16,-1.,0.));
#8282 = ORIENTED_EDGE('',*,*,#8283,.T.);
#8283 = EDGE_CURVE('',#8276,#7296,#8284,.T.);
#8284 = LINE('',#8285,#8286);
#8285 = CARTESIAN_POINT('',(-1.4875,0.87,1.25E-02));
#8286 = VECTOR('',#8287,1.);
#8287 = DIRECTION('',(0.,0.,-1.));
#8288 = PLANE('',#8289);
#8289 = AXIS2_PLACEMENT_3D('',#8290,#8291,#8292);
#8290 = CARTESIAN_POINT('',(-1.4875,1.4875,2.5E-02));
#8291 = DIRECTION('',(1.,1.110223024625E-16,0.));
#8292 = DIRECTION('',(0.,-0.,1.));
#8293 = ADVANCED_FACE('',(#8294),#8392,.T.);
#8294 = FACE_BOUND('',#8295,.T.);
#8295 = EDGE_LOOP('',(#8296,#8297,#8298,#8299,#8307,#8315,#8321,#8322,
    #8330,#8338,#8344,#8345,#8353,#8361,#8367,#8368,#8376,#8384,#8390,
    #8391));
#8296 = ORIENTED_EDGE('',*,*,#7109,.F.);
#8297 = ORIENTED_EDGE('',*,*,#8191,.F.);
#8298 = ORIENTED_EDGE('',*,*,#7431,.T.);
#8299 = ORIENTED_EDGE('',*,*,#8300,.T.);
#8300 = EDGE_CURVE('',#7432,#8301,#8303,.T.);
#8301 = VERTEX_POINT('',#8302);
#8302 = CARTESIAN_POINT('',(-0.87,-1.4875,0.2));
#8303 = LINE('',#8304,#8305);
#8304 = CARTESIAN_POINT('',(-0.87,-1.4875,1.25E-02));
#8305 = VECTOR('',#8306,1.);
#8306 = DIRECTION('',(0.,0.,1.));
#8307 = ORIENTED_EDGE('',*,*,#8308,.F.);
#8308 = EDGE_CURVE('',#8309,#8301,#8311,.T.);
#8309 = VERTEX_POINT('',#8310);
#8310 = CARTESIAN_POINT('',(-0.63,-1.4875,0.2));
#8311 = LINE('',#8312,#8313);
#8312 = CARTESIAN_POINT('',(-1.11875,-1.4875,0.2));
#8313 = VECTOR('',#8314,1.);
#8314 = DIRECTION('',(-1.,-1.110223024625E-16,0.));
#8315 = ORIENTED_EDGE('',*,*,#8316,.T.);
#8316 = EDGE_CURVE('',#8309,#7456,#8317,.T.);
#8317 = LINE('',#8318,#8319);
#8318 = CARTESIAN_POINT('',(-0.63,-1.4875,1.25E-02));
#8319 = VECTOR('',#8320,1.);
#8320 = DIRECTION('',(0.,-0.,-1.));
#8321 = ORIENTED_EDGE('',*,*,#7463,.T.);
#8322 = ORIENTED_EDGE('',*,*,#8323,.T.);
#8323 = EDGE_CURVE('',#7464,#8324,#8326,.T.);
#8324 = VERTEX_POINT('',#8325);
#8325 = CARTESIAN_POINT('',(-0.37,-1.4875,0.2));
#8326 = LINE('',#8327,#8328);
#8327 = CARTESIAN_POINT('',(-0.37,-1.4875,1.25E-02));
#8328 = VECTOR('',#8329,1.);
#8329 = DIRECTION('',(0.,0.,1.));
#8330 = ORIENTED_EDGE('',*,*,#8331,.F.);
#8331 = EDGE_CURVE('',#8332,#8324,#8334,.T.);
#8332 = VERTEX_POINT('',#8333);
#8333 = CARTESIAN_POINT('',(-0.13,-1.4875,0.2));
#8334 = LINE('',#8335,#8336);
#8335 = CARTESIAN_POINT('',(-0.86875,-1.4875,0.2));
#8336 = VECTOR('',#8337,1.);
#8337 = DIRECTION('',(-1.,-1.110223024625E-16,0.));
#8338 = ORIENTED_EDGE('',*,*,#8339,.T.);
#8339 = EDGE_CURVE('',#8332,#7488,#8340,.T.);
#8340 = LINE('',#8341,#8342);
#8341 = CARTESIAN_POINT('',(-0.13,-1.4875,1.25E-02));
#8342 = VECTOR('',#8343,1.);
#8343 = DIRECTION('',(0.,-0.,-1.));
#8344 = ORIENTED_EDGE('',*,*,#7495,.T.);
#8345 = ORIENTED_EDGE('',*,*,#8346,.T.);
#8346 = EDGE_CURVE('',#7496,#8347,#8349,.T.);
#8347 = VERTEX_POINT('',#8348);
#8348 = CARTESIAN_POINT('',(0.13,-1.4875,0.2));
#8349 = LINE('',#8350,#8351);
#8350 = CARTESIAN_POINT('',(0.13,-1.4875,1.25E-02));
#8351 = VECTOR('',#8352,1.);
#8352 = DIRECTION('',(0.,0.,1.));
#8353 = ORIENTED_EDGE('',*,*,#8354,.F.);
#8354 = EDGE_CURVE('',#8355,#8347,#8357,.T.);
#8355 = VERTEX_POINT('',#8356);
#8356 = CARTESIAN_POINT('',(0.37,-1.4875,0.2));
#8357 = LINE('',#8358,#8359);
#8358 = CARTESIAN_POINT('',(-0.61875,-1.4875,0.2));
#8359 = VECTOR('',#8360,1.);
#8360 = DIRECTION('',(-1.,-1.110223024625E-16,0.));
#8361 = ORIENTED_EDGE('',*,*,#8362,.T.);
#8362 = EDGE_CURVE('',#8355,#7520,#8363,.T.);
#8363 = LINE('',#8364,#8365);
#8364 = CARTESIAN_POINT('',(0.37,-1.4875,1.25E-02));
#8365 = VECTOR('',#8366,1.);
#8366 = DIRECTION('',(0.,-0.,-1.));
#8367 = ORIENTED_EDGE('',*,*,#7527,.T.);
#8368 = ORIENTED_EDGE('',*,*,#8369,.T.);
#8369 = EDGE_CURVE('',#7528,#8370,#8372,.T.);
#8370 = VERTEX_POINT('',#8371);
#8371 = CARTESIAN_POINT('',(0.63,-1.4875,0.2));
#8372 = LINE('',#8373,#8374);
#8373 = CARTESIAN_POINT('',(0.63,-1.4875,1.25E-02));
#8374 = VECTOR('',#8375,1.);
#8375 = DIRECTION('',(0.,0.,1.));
#8376 = ORIENTED_EDGE('',*,*,#8377,.F.);
#8377 = EDGE_CURVE('',#8378,#8370,#8380,.T.);
#8378 = VERTEX_POINT('',#8379);
#8379 = CARTESIAN_POINT('',(0.87,-1.4875,0.2));
#8380 = LINE('',#8381,#8382);
#8381 = CARTESIAN_POINT('',(-0.36875,-1.4875,0.2));
#8382 = VECTOR('',#8383,1.);
#8383 = DIRECTION('',(-1.,-1.110223024625E-16,0.));
#8384 = ORIENTED_EDGE('',*,*,#8385,.T.);
#8385 = EDGE_CURVE('',#8378,#7552,#8386,.T.);
#8386 = LINE('',#8387,#8388);
#8387 = CARTESIAN_POINT('',(0.87,-1.4875,1.25E-02));
#8388 = VECTOR('',#8389,1.);
#8389 = DIRECTION('',(0.,-0.,-1.));
#8390 = ORIENTED_EDGE('',*,*,#7559,.T.);
#8391 = ORIENTED_EDGE('',*,*,#7152,.T.);
#8392 = PLANE('',#8393);
#8393 = AXIS2_PLACEMENT_3D('',#8394,#8395,#8396);
#8394 = CARTESIAN_POINT('',(-1.4875,-1.4875,2.5E-02));
#8395 = DIRECTION('',(1.110223024625E-16,-1.,0.));
#8396 = DIRECTION('',(0.,0.,1.));
#8397 = ADVANCED_FACE('',(#8398),#8417,.T.);
#8398 = FACE_BOUND('',#8399,.T.);
#8399 = EDGE_LOOP('',(#8400,#8408,#8415,#8416));
#8400 = ORIENTED_EDGE('',*,*,#8401,.F.);
#8401 = EDGE_CURVE('',#8402,#7126,#8404,.T.);
#8402 = VERTEX_POINT('',#8403);
#8403 = CARTESIAN_POINT('',(-1.,0.9,0.785));
#8404 = LINE('',#8405,#8406);
#8405 = CARTESIAN_POINT('',(-1.,0.9,0.785));
#8406 = VECTOR('',#8407,1.);
#8407 = DIRECTION('',(0.,0.,-1.));
#8408 = ORIENTED_EDGE('',*,*,#8409,.T.);
#8409 = EDGE_CURVE('',#8402,#8402,#8410,.T.);
#8410 = CIRCLE('',#8411,0.1);
#8411 = AXIS2_PLACEMENT_3D('',#8412,#8413,#8414);
#8412 = CARTESIAN_POINT('',(-1.,1.,0.785));
#8413 = DIRECTION('',(0.,-0.,-1.));
#8414 = DIRECTION('',(1.110223024625E-16,-1.,0.));
#8415 = ORIENTED_EDGE('',*,*,#8401,.T.);
#8416 = ORIENTED_EDGE('',*,*,#7125,.F.);
#8417 = CYLINDRICAL_SURFACE('',#8418,0.1);
#8418 = AXIS2_PLACEMENT_3D('',#8419,#8420,#8421);
#8419 = CARTESIAN_POINT('',(-1.,1.,0.785));
#8420 = DIRECTION('',(0.,0.,-1.));
#8421 = DIRECTION('',(1.110223024625E-16,-1.,0.));
#8422 = ADVANCED_FACE('',(#8423),#8457,.F.);
#8423 = FACE_BOUND('',#8424,.F.);
#8424 = EDGE_LOOP('',(#8425,#8435,#8443,#8449,#8450,#8451));
#8425 = ORIENTED_EDGE('',*,*,#8426,.F.);
#8426 = EDGE_CURVE('',#8427,#8429,#8431,.T.);
#8427 = VERTEX_POINT('',#8428);
#8428 = CARTESIAN_POINT('',(1.5,0.87,0.));
#8429 = VERTEX_POINT('',#8430);
#8430 = CARTESIAN_POINT('',(1.1,0.87,0.));
#8431 = LINE('',#8432,#8433);
#8432 = CARTESIAN_POINT('',(1.5,0.87,0.));
#8433 = VECTOR('',#8434,1.);
#8434 = DIRECTION('',(-1.,-2.334869823773E-16,0.));
#8435 = ORIENTED_EDGE('',*,*,#8436,.T.);
#8436 = EDGE_CURVE('',#8427,#8437,#8439,.T.);
#8437 = VERTEX_POINT('',#8438);
#8438 = CARTESIAN_POINT('',(1.5,0.87,0.2));
#8439 = LINE('',#8440,#8441);
#8440 = CARTESIAN_POINT('',(1.5,0.87,0.));
#8441 = VECTOR('',#8442,1.);
#8442 = DIRECTION('',(0.,0.,1.));
#8443 = ORIENTED_EDGE('',*,*,#8444,.T.);
#8444 = EDGE_CURVE('',#8437,#7273,#8445,.T.);
#8445 = LINE('',#8446,#8447);
#8446 = CARTESIAN_POINT('',(1.5,0.87,0.2));
#8447 = VECTOR('',#8448,1.);
#8448 = DIRECTION('',(-1.,-2.334869823773E-16,0.));
#8449 = ORIENTED_EDGE('',*,*,#7280,.T.);
#8450 = ORIENTED_EDGE('',*,*,#7651,.F.);
#8451 = ORIENTED_EDGE('',*,*,#8452,.F.);
#8452 = EDGE_CURVE('',#8429,#7644,#8453,.T.);
#8453 = LINE('',#8454,#8455);
#8454 = CARTESIAN_POINT('',(1.1,0.87,0.));
#8455 = VECTOR('',#8456,1.);
#8456 = DIRECTION('',(0.,0.,1.));
#8457 = PLANE('',#8458);
#8458 = AXIS2_PLACEMENT_3D('',#8459,#8460,#8461);
#8459 = CARTESIAN_POINT('',(1.5,0.87,0.));
#8460 = DIRECTION('',(2.334869823773E-16,-1.,0.));
#8461 = DIRECTION('',(-1.,-2.334869823773E-16,0.));
#8462 = ADVANCED_FACE('',(#8463),#8481,.T.);
#8463 = FACE_BOUND('',#8464,.T.);
#8464 = EDGE_LOOP('',(#8465,#8473,#8474,#8475));
#8465 = ORIENTED_EDGE('',*,*,#8466,.T.);
#8466 = EDGE_CURVE('',#8467,#8437,#8469,.T.);
#8467 = VERTEX_POINT('',#8468);
#8468 = CARTESIAN_POINT('',(1.5,0.63,0.2));
#8469 = LINE('',#8470,#8471);
#8470 = CARTESIAN_POINT('',(1.5,0.63,0.2));
#8471 = VECTOR('',#8472,1.);
#8472 = DIRECTION('',(-2.334869823773E-16,1.,0.));
#8473 = ORIENTED_EDGE('',*,*,#8444,.T.);
#8474 = ORIENTED_EDGE('',*,*,#7272,.T.);
#8475 = ORIENTED_EDGE('',*,*,#8476,.T.);
#8476 = EDGE_CURVE('',#7265,#8467,#8477,.T.);
#8477 = LINE('',#8478,#8479);
#8478 = CARTESIAN_POINT('',(1.1,0.63,0.2));
#8479 = VECTOR('',#8480,1.);
#8480 = DIRECTION('',(1.,2.334869823773E-16,0.));
#8481 = PLANE('',#8482);
#8482 = AXIS2_PLACEMENT_3D('',#8483,#8484,#8485);
#8483 = CARTESIAN_POINT('',(1.3,0.75,0.2));
#8484 = DIRECTION('',(0.,0.,1.));
#8485 = DIRECTION('',(-2.334869823773E-16,1.,0.));
#8486 = ADVANCED_FACE('',(#8487),#8514,.F.);
#8487 = FACE_BOUND('',#8488,.F.);
#8488 = EDGE_LOOP('',(#8489,#8499,#8505,#8506,#8507,#8508));
#8489 = ORIENTED_EDGE('',*,*,#8490,.F.);
#8490 = EDGE_CURVE('',#8491,#8493,#8495,.T.);
#8491 = VERTEX_POINT('',#8492);
#8492 = CARTESIAN_POINT('',(1.1,0.63,0.));
#8493 = VERTEX_POINT('',#8494);
#8494 = CARTESIAN_POINT('',(1.5,0.63,0.));
#8495 = LINE('',#8496,#8497);
#8496 = CARTESIAN_POINT('',(1.1,0.63,0.));
#8497 = VECTOR('',#8498,1.);
#8498 = DIRECTION('',(1.,2.334869823773E-16,0.));
#8499 = ORIENTED_EDGE('',*,*,#8500,.T.);
#8500 = EDGE_CURVE('',#8491,#7636,#8501,.T.);
#8501 = LINE('',#8502,#8503);
#8502 = CARTESIAN_POINT('',(1.1,0.63,0.));
#8503 = VECTOR('',#8504,1.);
#8504 = DIRECTION('',(0.,0.,1.));
#8505 = ORIENTED_EDGE('',*,*,#7635,.F.);
#8506 = ORIENTED_EDGE('',*,*,#7264,.T.);
#8507 = ORIENTED_EDGE('',*,*,#8476,.T.);
#8508 = ORIENTED_EDGE('',*,*,#8509,.F.);
#8509 = EDGE_CURVE('',#8493,#8467,#8510,.T.);
#8510 = LINE('',#8511,#8512);
#8511 = CARTESIAN_POINT('',(1.5,0.63,0.));
#8512 = VECTOR('',#8513,1.);
#8513 = DIRECTION('',(0.,0.,1.));
#8514 = PLANE('',#8515);
#8515 = AXIS2_PLACEMENT_3D('',#8516,#8517,#8518);
#8516 = CARTESIAN_POINT('',(1.1,0.63,0.));
#8517 = DIRECTION('',(-2.334869823773E-16,1.,0.));
#8518 = DIRECTION('',(1.,2.334869823773E-16,0.));
#8519 = ADVANCED_FACE('',(#8520),#8554,.F.);
#8520 = FACE_BOUND('',#8521,.F.);
#8521 = EDGE_LOOP('',(#8522,#8532,#8540,#8546,#8547,#8548));
#8522 = ORIENTED_EDGE('',*,*,#8523,.F.);
#8523 = EDGE_CURVE('',#8524,#8526,#8528,.T.);
#8524 = VERTEX_POINT('',#8525);
#8525 = CARTESIAN_POINT('',(1.5,0.37,0.));
#8526 = VERTEX_POINT('',#8527);
#8527 = CARTESIAN_POINT('',(1.1,0.37,0.));
#8528 = LINE('',#8529,#8530);
#8529 = CARTESIAN_POINT('',(1.5,0.37,0.));
#8530 = VECTOR('',#8531,1.);
#8531 = DIRECTION('',(-1.,-2.334869823773E-16,0.));
#8532 = ORIENTED_EDGE('',*,*,#8533,.T.);
#8533 = EDGE_CURVE('',#8524,#8534,#8536,.T.);
#8534 = VERTEX_POINT('',#8535);
#8535 = CARTESIAN_POINT('',(1.5,0.37,0.2));
#8536 = LINE('',#8537,#8538);
#8537 = CARTESIAN_POINT('',(1.5,0.37,0.));
#8538 = VECTOR('',#8539,1.);
#8539 = DIRECTION('',(0.,0.,1.));
#8540 = ORIENTED_EDGE('',*,*,#8541,.T.);
#8541 = EDGE_CURVE('',#8534,#7241,#8542,.T.);
#8542 = LINE('',#8543,#8544);
#8543 = CARTESIAN_POINT('',(1.5,0.37,0.2));
#8544 = VECTOR('',#8545,1.);
#8545 = DIRECTION('',(-1.,-2.334869823773E-16,0.));
#8546 = ORIENTED_EDGE('',*,*,#7248,.T.);
#8547 = ORIENTED_EDGE('',*,*,#7628,.F.);
#8548 = ORIENTED_EDGE('',*,*,#8549,.F.);
#8549 = EDGE_CURVE('',#8526,#7621,#8550,.T.);
#8550 = LINE('',#8551,#8552);
#8551 = CARTESIAN_POINT('',(1.1,0.37,0.));
#8552 = VECTOR('',#8553,1.);
#8553 = DIRECTION('',(0.,0.,1.));
#8554 = PLANE('',#8555);
#8555 = AXIS2_PLACEMENT_3D('',#8556,#8557,#8558);
#8556 = CARTESIAN_POINT('',(1.5,0.37,0.));
#8557 = DIRECTION('',(2.334869823773E-16,-1.,0.));
#8558 = DIRECTION('',(-1.,-2.334869823773E-16,0.));
#8559 = ADVANCED_FACE('',(#8560),#8578,.T.);
#8560 = FACE_BOUND('',#8561,.T.);
#8561 = EDGE_LOOP('',(#8562,#8570,#8571,#8572));
#8562 = ORIENTED_EDGE('',*,*,#8563,.T.);
#8563 = EDGE_CURVE('',#8564,#8534,#8566,.T.);
#8564 = VERTEX_POINT('',#8565);
#8565 = CARTESIAN_POINT('',(1.5,0.13,0.2));
#8566 = LINE('',#8567,#8568);
#8567 = CARTESIAN_POINT('',(1.5,0.13,0.2));
#8568 = VECTOR('',#8569,1.);
#8569 = DIRECTION('',(-2.334869823773E-16,1.,0.));
#8570 = ORIENTED_EDGE('',*,*,#8541,.T.);
#8571 = ORIENTED_EDGE('',*,*,#7240,.T.);
#8572 = ORIENTED_EDGE('',*,*,#8573,.T.);
#8573 = EDGE_CURVE('',#7233,#8564,#8574,.T.);
#8574 = LINE('',#8575,#8576);
#8575 = CARTESIAN_POINT('',(1.1,0.13,0.2));
#8576 = VECTOR('',#8577,1.);
#8577 = DIRECTION('',(1.,2.334869823773E-16,0.));
#8578 = PLANE('',#8579);
#8579 = AXIS2_PLACEMENT_3D('',#8580,#8581,#8582);
#8580 = CARTESIAN_POINT('',(1.3,0.25,0.2));
#8581 = DIRECTION('',(0.,0.,1.));
#8582 = DIRECTION('',(-2.334869823773E-16,1.,0.));
#8583 = ADVANCED_FACE('',(#8584),#8611,.F.);
#8584 = FACE_BOUND('',#8585,.F.);
#8585 = EDGE_LOOP('',(#8586,#8596,#8602,#8603,#8604,#8605));
#8586 = ORIENTED_EDGE('',*,*,#8587,.F.);
#8587 = EDGE_CURVE('',#8588,#8590,#8592,.T.);
#8588 = VERTEX_POINT('',#8589);
#8589 = CARTESIAN_POINT('',(1.1,0.13,0.));
#8590 = VERTEX_POINT('',#8591);
#8591 = CARTESIAN_POINT('',(1.5,0.13,0.));
#8592 = LINE('',#8593,#8594);
#8593 = CARTESIAN_POINT('',(1.1,0.13,0.));
#8594 = VECTOR('',#8595,1.);
#8595 = DIRECTION('',(1.,2.334869823773E-16,0.));
#8596 = ORIENTED_EDGE('',*,*,#8597,.T.);
#8597 = EDGE_CURVE('',#8588,#7613,#8598,.T.);
#8598 = LINE('',#8599,#8600);
#8599 = CARTESIAN_POINT('',(1.1,0.13,0.));
#8600 = VECTOR('',#8601,1.);
#8601 = DIRECTION('',(0.,0.,1.));
#8602 = ORIENTED_EDGE('',*,*,#7612,.F.);
#8603 = ORIENTED_EDGE('',*,*,#7232,.T.);
#8604 = ORIENTED_EDGE('',*,*,#8573,.T.);
#8605 = ORIENTED_EDGE('',*,*,#8606,.F.);
#8606 = EDGE_CURVE('',#8590,#8564,#8607,.T.);
#8607 = LINE('',#8608,#8609);
#8608 = CARTESIAN_POINT('',(1.5,0.13,0.));
#8609 = VECTOR('',#8610,1.);
#8610 = DIRECTION('',(0.,0.,1.));
#8611 = PLANE('',#8612);
#8612 = AXIS2_PLACEMENT_3D('',#8613,#8614,#8615);
#8613 = CARTESIAN_POINT('',(1.1,0.13,0.));
#8614 = DIRECTION('',(-2.334869823773E-16,1.,0.));
#8615 = DIRECTION('',(1.,2.334869823773E-16,0.));
#8616 = ADVANCED_FACE('',(#8617),#8651,.F.);
#8617 = FACE_BOUND('',#8618,.F.);
#8618 = EDGE_LOOP('',(#8619,#8629,#8637,#8643,#8644,#8645));
#8619 = ORIENTED_EDGE('',*,*,#8620,.F.);
#8620 = EDGE_CURVE('',#8621,#8623,#8625,.T.);
#8621 = VERTEX_POINT('',#8622);
#8622 = CARTESIAN_POINT('',(1.5,-0.13,0.));
#8623 = VERTEX_POINT('',#8624);
#8624 = CARTESIAN_POINT('',(1.1,-0.13,0.));
#8625 = LINE('',#8626,#8627);
#8626 = CARTESIAN_POINT('',(1.5,-0.13,0.));
#8627 = VECTOR('',#8628,1.);
#8628 = DIRECTION('',(-1.,-2.334869823773E-16,0.));
#8629 = ORIENTED_EDGE('',*,*,#8630,.T.);
#8630 = EDGE_CURVE('',#8621,#8631,#8633,.T.);
#8631 = VERTEX_POINT('',#8632);
#8632 = CARTESIAN_POINT('',(1.5,-0.13,0.2));
#8633 = LINE('',#8634,#8635);
#8634 = CARTESIAN_POINT('',(1.5,-0.13,0.));
#8635 = VECTOR('',#8636,1.);
#8636 = DIRECTION('',(0.,0.,1.));
#8637 = ORIENTED_EDGE('',*,*,#8638,.T.);
#8638 = EDGE_CURVE('',#8631,#7209,#8639,.T.);
#8639 = LINE('',#8640,#8641);
#8640 = CARTESIAN_POINT('',(1.5,-0.13,0.2));
#8641 = VECTOR('',#8642,1.);
#8642 = DIRECTION('',(-1.,-2.334869823773E-16,0.));
#8643 = ORIENTED_EDGE('',*,*,#7216,.T.);
#8644 = ORIENTED_EDGE('',*,*,#7605,.F.);
#8645 = ORIENTED_EDGE('',*,*,#8646,.F.);
#8646 = EDGE_CURVE('',#8623,#7598,#8647,.T.);
#8647 = LINE('',#8648,#8649);
#8648 = CARTESIAN_POINT('',(1.1,-0.13,0.));
#8649 = VECTOR('',#8650,1.);
#8650 = DIRECTION('',(0.,0.,1.));
#8651 = PLANE('',#8652);
#8652 = AXIS2_PLACEMENT_3D('',#8653,#8654,#8655);
#8653 = CARTESIAN_POINT('',(1.5,-0.13,0.));
#8654 = DIRECTION('',(2.334869823773E-16,-1.,0.));
#8655 = DIRECTION('',(-1.,-2.334869823773E-16,0.));
#8656 = ADVANCED_FACE('',(#8657),#8675,.T.);
#8657 = FACE_BOUND('',#8658,.T.);
#8658 = EDGE_LOOP('',(#8659,#8667,#8668,#8669));
#8659 = ORIENTED_EDGE('',*,*,#8660,.T.);
#8660 = EDGE_CURVE('',#8661,#8631,#8663,.T.);
#8661 = VERTEX_POINT('',#8662);
#8662 = CARTESIAN_POINT('',(1.5,-0.37,0.2));
#8663 = LINE('',#8664,#8665);
#8664 = CARTESIAN_POINT('',(1.5,-0.37,0.2));
#8665 = VECTOR('',#8666,1.);
#8666 = DIRECTION('',(-2.334869823773E-16,1.,0.));
#8667 = ORIENTED_EDGE('',*,*,#8638,.T.);
#8668 = ORIENTED_EDGE('',*,*,#7208,.T.);
#8669 = ORIENTED_EDGE('',*,*,#8670,.T.);
#8670 = EDGE_CURVE('',#7201,#8661,#8671,.T.);
#8671 = LINE('',#8672,#8673);
#8672 = CARTESIAN_POINT('',(1.1,-0.37,0.2));
#8673 = VECTOR('',#8674,1.);
#8674 = DIRECTION('',(1.,2.334869823773E-16,0.));
#8675 = PLANE('',#8676);
#8676 = AXIS2_PLACEMENT_3D('',#8677,#8678,#8679);
#8677 = CARTESIAN_POINT('',(1.3,-0.25,0.2));
#8678 = DIRECTION('',(0.,0.,1.));
#8679 = DIRECTION('',(-2.334869823773E-16,1.,0.));
#8680 = ADVANCED_FACE('',(#8681),#8708,.F.);
#8681 = FACE_BOUND('',#8682,.F.);
#8682 = EDGE_LOOP('',(#8683,#8693,#8699,#8700,#8701,#8702));
#8683 = ORIENTED_EDGE('',*,*,#8684,.F.);
#8684 = EDGE_CURVE('',#8685,#8687,#8689,.T.);
#8685 = VERTEX_POINT('',#8686);
#8686 = CARTESIAN_POINT('',(1.1,-0.37,0.));
#8687 = VERTEX_POINT('',#8688);
#8688 = CARTESIAN_POINT('',(1.5,-0.37,0.));
#8689 = LINE('',#8690,#8691);
#8690 = CARTESIAN_POINT('',(1.1,-0.37,0.));
#8691 = VECTOR('',#8692,1.);
#8692 = DIRECTION('',(1.,2.334869823773E-16,0.));
#8693 = ORIENTED_EDGE('',*,*,#8694,.T.);
#8694 = EDGE_CURVE('',#8685,#7590,#8695,.T.);
#8695 = LINE('',#8696,#8697);
#8696 = CARTESIAN_POINT('',(1.1,-0.37,0.));
#8697 = VECTOR('',#8698,1.);
#8698 = DIRECTION('',(0.,0.,1.));
#8699 = ORIENTED_EDGE('',*,*,#7589,.F.);
#8700 = ORIENTED_EDGE('',*,*,#7200,.T.);
#8701 = ORIENTED_EDGE('',*,*,#8670,.T.);
#8702 = ORIENTED_EDGE('',*,*,#8703,.F.);
#8703 = EDGE_CURVE('',#8687,#8661,#8704,.T.);
#8704 = LINE('',#8705,#8706);
#8705 = CARTESIAN_POINT('',(1.5,-0.37,0.));
#8706 = VECTOR('',#8707,1.);
#8707 = DIRECTION('',(0.,0.,1.));
#8708 = PLANE('',#8709);
#8709 = AXIS2_PLACEMENT_3D('',#8710,#8711,#8712);
#8710 = CARTESIAN_POINT('',(1.1,-0.37,0.));
#8711 = DIRECTION('',(-2.334869823773E-16,1.,0.));
#8712 = DIRECTION('',(1.,2.334869823773E-16,0.));
#8713 = ADVANCED_FACE('',(#8714),#8748,.F.);
#8714 = FACE_BOUND('',#8715,.F.);
#8715 = EDGE_LOOP('',(#8716,#8726,#8734,#8740,#8741,#8742));
#8716 = ORIENTED_EDGE('',*,*,#8717,.F.);
#8717 = EDGE_CURVE('',#8718,#8720,#8722,.T.);
#8718 = VERTEX_POINT('',#8719);
#8719 = CARTESIAN_POINT('',(1.5,-0.63,0.));
#8720 = VERTEX_POINT('',#8721);
#8721 = CARTESIAN_POINT('',(1.1,-0.63,0.));
#8722 = LINE('',#8723,#8724);
#8723 = CARTESIAN_POINT('',(1.5,-0.63,0.));
#8724 = VECTOR('',#8725,1.);
#8725 = DIRECTION('',(-1.,-2.334869823773E-16,0.));
#8726 = ORIENTED_EDGE('',*,*,#8727,.T.);
#8727 = EDGE_CURVE('',#8718,#8728,#8730,.T.);
#8728 = VERTEX_POINT('',#8729);
#8729 = CARTESIAN_POINT('',(1.5,-0.63,0.2));
#8730 = LINE('',#8731,#8732);
#8731 = CARTESIAN_POINT('',(1.5,-0.63,0.));
#8732 = VECTOR('',#8733,1.);
#8733 = DIRECTION('',(0.,0.,1.));
#8734 = ORIENTED_EDGE('',*,*,#8735,.T.);
#8735 = EDGE_CURVE('',#8728,#7177,#8736,.T.);
#8736 = LINE('',#8737,#8738);
#8737 = CARTESIAN_POINT('',(1.5,-0.63,0.2));
#8738 = VECTOR('',#8739,1.);
#8739 = DIRECTION('',(-1.,-2.334869823773E-16,0.));
#8740 = ORIENTED_EDGE('',*,*,#7184,.T.);
#8741 = ORIENTED_EDGE('',*,*,#7582,.F.);
#8742 = ORIENTED_EDGE('',*,*,#8743,.F.);
#8743 = EDGE_CURVE('',#8720,#7575,#8744,.T.);
#8744 = LINE('',#8745,#8746);
#8745 = CARTESIAN_POINT('',(1.1,-0.63,0.));
#8746 = VECTOR('',#8747,1.);
#8747 = DIRECTION('',(0.,0.,1.));
#8748 = PLANE('',#8749);
#8749 = AXIS2_PLACEMENT_3D('',#8750,#8751,#8752);
#8750 = CARTESIAN_POINT('',(1.5,-0.63,0.));
#8751 = DIRECTION('',(2.334869823773E-16,-1.,0.));
#8752 = DIRECTION('',(-1.,-2.334869823773E-16,0.));
#8753 = ADVANCED_FACE('',(#8754),#8772,.T.);
#8754 = FACE_BOUND('',#8755,.T.);
#8755 = EDGE_LOOP('',(#8756,#8764,#8765,#8766));
#8756 = ORIENTED_EDGE('',*,*,#8757,.T.);
#8757 = EDGE_CURVE('',#8758,#8728,#8760,.T.);
#8758 = VERTEX_POINT('',#8759);
#8759 = CARTESIAN_POINT('',(1.5,-0.87,0.2));
#8760 = LINE('',#8761,#8762);
#8761 = CARTESIAN_POINT('',(1.5,-0.87,0.2));
#8762 = VECTOR('',#8763,1.);
#8763 = DIRECTION('',(-2.334869823773E-16,1.,0.));
#8764 = ORIENTED_EDGE('',*,*,#8735,.T.);
#8765 = ORIENTED_EDGE('',*,*,#7176,.T.);
#8766 = ORIENTED_EDGE('',*,*,#8767,.T.);
#8767 = EDGE_CURVE('',#7169,#8758,#8768,.T.);
#8768 = LINE('',#8769,#8770);
#8769 = CARTESIAN_POINT('',(1.1,-0.87,0.2));
#8770 = VECTOR('',#8771,1.);
#8771 = DIRECTION('',(1.,2.334869823773E-16,0.));
#8772 = PLANE('',#8773);
#8773 = AXIS2_PLACEMENT_3D('',#8774,#8775,#8776);
#8774 = CARTESIAN_POINT('',(1.3,-0.75,0.2));
#8775 = DIRECTION('',(0.,0.,1.));
#8776 = DIRECTION('',(-2.334869823773E-16,1.,0.));
#8777 = ADVANCED_FACE('',(#8778),#8805,.F.);
#8778 = FACE_BOUND('',#8779,.F.);
#8779 = EDGE_LOOP('',(#8780,#8790,#8796,#8797,#8798,#8799));
#8780 = ORIENTED_EDGE('',*,*,#8781,.F.);
#8781 = EDGE_CURVE('',#8782,#8784,#8786,.T.);
#8782 = VERTEX_POINT('',#8783);
#8783 = CARTESIAN_POINT('',(1.1,-0.87,0.));
#8784 = VERTEX_POINT('',#8785);
#8785 = CARTESIAN_POINT('',(1.5,-0.87,0.));
#8786 = LINE('',#8787,#8788);
#8787 = CARTESIAN_POINT('',(1.1,-0.87,0.));
#8788 = VECTOR('',#8789,1.);
#8789 = DIRECTION('',(1.,2.334869823773E-16,0.));
#8790 = ORIENTED_EDGE('',*,*,#8791,.T.);
#8791 = EDGE_CURVE('',#8782,#7567,#8792,.T.);
#8792 = LINE('',#8793,#8794);
#8793 = CARTESIAN_POINT('',(1.1,-0.87,0.));
#8794 = VECTOR('',#8795,1.);
#8795 = DIRECTION('',(0.,0.,1.));
#8796 = ORIENTED_EDGE('',*,*,#7566,.F.);
#8797 = ORIENTED_EDGE('',*,*,#7168,.T.);
#8798 = ORIENTED_EDGE('',*,*,#8767,.T.);
#8799 = ORIENTED_EDGE('',*,*,#8800,.F.);
#8800 = EDGE_CURVE('',#8784,#8758,#8801,.T.);
#8801 = LINE('',#8802,#8803);
#8802 = CARTESIAN_POINT('',(1.5,-0.87,0.));
#8803 = VECTOR('',#8804,1.);
#8804 = DIRECTION('',(0.,0.,1.));
#8805 = PLANE('',#8806);
#8806 = AXIS2_PLACEMENT_3D('',#8807,#8808,#8809);
#8807 = CARTESIAN_POINT('',(1.1,-0.87,0.));
#8808 = DIRECTION('',(-2.334869823773E-16,1.,0.));
#8809 = DIRECTION('',(1.,2.334869823773E-16,0.));
#8810 = ADVANCED_FACE('',(#8811),#8822,.F.);
#8811 = FACE_BOUND('',#8812,.F.);
#8812 = EDGE_LOOP('',(#8813,#8819,#8820,#8821));
#8813 = ORIENTED_EDGE('',*,*,#8814,.F.);
#8814 = EDGE_CURVE('',#8158,#8092,#8815,.T.);
#8815 = LINE('',#8816,#8817);
#8816 = CARTESIAN_POINT('',(-0.87,1.1,0.));
#8817 = VECTOR('',#8818,1.);
#8818 = DIRECTION('',(1.,1.224646799147E-16,0.));
#8819 = ORIENTED_EDGE('',*,*,#8174,.T.);
#8820 = ORIENTED_EDGE('',*,*,#7736,.F.);
#8821 = ORIENTED_EDGE('',*,*,#8101,.F.);
#8822 = PLANE('',#8823);
#8823 = AXIS2_PLACEMENT_3D('',#8824,#8825,#8826);
#8824 = CARTESIAN_POINT('',(-0.87,1.1,0.));
#8825 = DIRECTION('',(-1.224646799147E-16,1.,0.));
#8826 = DIRECTION('',(1.,1.224646799147E-16,0.));
#8827 = ADVANCED_FACE('',(#8828),#8839,.F.);
#8828 = FACE_BOUND('',#8829,.F.);
#8829 = EDGE_LOOP('',(#8830,#8836,#8837,#8838));
#8830 = ORIENTED_EDGE('',*,*,#8831,.F.);
#8831 = EDGE_CURVE('',#8061,#7995,#8832,.T.);
#8832 = LINE('',#8833,#8834);
#8833 = CARTESIAN_POINT('',(-0.37,1.1,0.));
#8834 = VECTOR('',#8835,1.);
#8835 = DIRECTION('',(1.,1.224646799147E-16,0.));
#8836 = ORIENTED_EDGE('',*,*,#8077,.T.);
#8837 = ORIENTED_EDGE('',*,*,#7713,.F.);
#8838 = ORIENTED_EDGE('',*,*,#8004,.F.);
#8839 = PLANE('',#8840);
#8840 = AXIS2_PLACEMENT_3D('',#8841,#8842,#8843);
#8841 = CARTESIAN_POINT('',(-0.37,1.1,0.));
#8842 = DIRECTION('',(-1.224646799147E-16,1.,0.));
#8843 = DIRECTION('',(1.,1.224646799147E-16,0.));
#8844 = ADVANCED_FACE('',(#8845),#8856,.F.);
#8845 = FACE_BOUND('',#8846,.F.);
#8846 = EDGE_LOOP('',(#8847,#8853,#8854,#8855));
#8847 = ORIENTED_EDGE('',*,*,#8848,.F.);
#8848 = EDGE_CURVE('',#7964,#7898,#8849,.T.);
#8849 = LINE('',#8850,#8851);
#8850 = CARTESIAN_POINT('',(0.13,1.1,0.));
#8851 = VECTOR('',#8852,1.);
#8852 = DIRECTION('',(1.,1.224646799147E-16,0.));
#8853 = ORIENTED_EDGE('',*,*,#7980,.T.);
#8854 = ORIENTED_EDGE('',*,*,#7690,.F.);
#8855 = ORIENTED_EDGE('',*,*,#7907,.F.);
#8856 = PLANE('',#8857);
#8857 = AXIS2_PLACEMENT_3D('',#8858,#8859,#8860);
#8858 = CARTESIAN_POINT('',(0.13,1.1,0.));
#8859 = DIRECTION('',(-1.224646799147E-16,1.,0.));
#8860 = DIRECTION('',(1.,1.224646799147E-16,0.));
#8861 = ADVANCED_FACE('',(#8862),#8873,.F.);
#8862 = FACE_BOUND('',#8863,.F.);
#8863 = EDGE_LOOP('',(#8864,#8870,#8871,#8872));
#8864 = ORIENTED_EDGE('',*,*,#8865,.F.);
#8865 = EDGE_CURVE('',#7867,#7801,#8866,.T.);
#8866 = LINE('',#8867,#8868);
#8867 = CARTESIAN_POINT('',(0.63,1.1,0.));
#8868 = VECTOR('',#8869,1.);
#8869 = DIRECTION('',(1.,1.224646799147E-16,0.));
#8870 = ORIENTED_EDGE('',*,*,#7883,.T.);
#8871 = ORIENTED_EDGE('',*,*,#7667,.F.);
#8872 = ORIENTED_EDGE('',*,*,#7810,.F.);
#8873 = PLANE('',#8874);
#8874 = AXIS2_PLACEMENT_3D('',#8875,#8876,#8877);
#8875 = CARTESIAN_POINT('',(0.63,1.1,0.));
#8876 = DIRECTION('',(-1.224646799147E-16,1.,0.));
#8877 = DIRECTION('',(1.,1.224646799147E-16,0.));
#8878 = ADVANCED_FACE('',(#8879),#8890,.F.);
#8879 = FACE_BOUND('',#8880,.F.);
#8880 = EDGE_LOOP('',(#8881,#8887,#8888,#8889));
#8881 = ORIENTED_EDGE('',*,*,#8882,.F.);
#8882 = EDGE_CURVE('',#8429,#8491,#8883,.T.);
#8883 = LINE('',#8884,#8885);
#8884 = CARTESIAN_POINT('',(1.1,0.87,0.));
#8885 = VECTOR('',#8886,1.);
#8886 = DIRECTION('',(2.334869823773E-16,-1.,0.));
#8887 = ORIENTED_EDGE('',*,*,#8452,.T.);
#8888 = ORIENTED_EDGE('',*,*,#7643,.F.);
#8889 = ORIENTED_EDGE('',*,*,#8500,.F.);
#8890 = PLANE('',#8891);
#8891 = AXIS2_PLACEMENT_3D('',#8892,#8893,#8894);
#8892 = CARTESIAN_POINT('',(1.1,0.87,0.));
#8893 = DIRECTION('',(1.,2.334869823773E-16,0.));
#8894 = DIRECTION('',(2.334869823773E-16,-1.,0.));
#8895 = ADVANCED_FACE('',(#8896),#8907,.F.);
#8896 = FACE_BOUND('',#8897,.F.);
#8897 = EDGE_LOOP('',(#8898,#8904,#8905,#8906));
#8898 = ORIENTED_EDGE('',*,*,#8899,.F.);
#8899 = EDGE_CURVE('',#8526,#8588,#8900,.T.);
#8900 = LINE('',#8901,#8902);
#8901 = CARTESIAN_POINT('',(1.1,0.37,0.));
#8902 = VECTOR('',#8903,1.);
#8903 = DIRECTION('',(2.334869823773E-16,-1.,0.));
#8904 = ORIENTED_EDGE('',*,*,#8549,.T.);
#8905 = ORIENTED_EDGE('',*,*,#7620,.F.);
#8906 = ORIENTED_EDGE('',*,*,#8597,.F.);
#8907 = PLANE('',#8908);
#8908 = AXIS2_PLACEMENT_3D('',#8909,#8910,#8911);
#8909 = CARTESIAN_POINT('',(1.1,0.37,0.));
#8910 = DIRECTION('',(1.,2.334869823773E-16,0.));
#8911 = DIRECTION('',(2.334869823773E-16,-1.,0.));
#8912 = ADVANCED_FACE('',(#8913),#8924,.F.);
#8913 = FACE_BOUND('',#8914,.F.);
#8914 = EDGE_LOOP('',(#8915,#8921,#8922,#8923));
#8915 = ORIENTED_EDGE('',*,*,#8916,.F.);
#8916 = EDGE_CURVE('',#8623,#8685,#8917,.T.);
#8917 = LINE('',#8918,#8919);
#8918 = CARTESIAN_POINT('',(1.1,-0.13,0.));
#8919 = VECTOR('',#8920,1.);
#8920 = DIRECTION('',(2.334869823773E-16,-1.,0.));
#8921 = ORIENTED_EDGE('',*,*,#8646,.T.);
#8922 = ORIENTED_EDGE('',*,*,#7597,.F.);
#8923 = ORIENTED_EDGE('',*,*,#8694,.F.);
#8924 = PLANE('',#8925);
#8925 = AXIS2_PLACEMENT_3D('',#8926,#8927,#8928);
#8926 = CARTESIAN_POINT('',(1.1,-0.13,0.));
#8927 = DIRECTION('',(1.,2.334869823773E-16,0.));
#8928 = DIRECTION('',(2.334869823773E-16,-1.,0.));
#8929 = ADVANCED_FACE('',(#8930),#8941,.F.);
#8930 = FACE_BOUND('',#8931,.F.);
#8931 = EDGE_LOOP('',(#8932,#8938,#8939,#8940));
#8932 = ORIENTED_EDGE('',*,*,#8933,.F.);
#8933 = EDGE_CURVE('',#8720,#8782,#8934,.T.);
#8934 = LINE('',#8935,#8936);
#8935 = CARTESIAN_POINT('',(1.1,-0.63,0.));
#8936 = VECTOR('',#8937,1.);
#8937 = DIRECTION('',(2.334869823773E-16,-1.,0.));
#8938 = ORIENTED_EDGE('',*,*,#8743,.T.);
#8939 = ORIENTED_EDGE('',*,*,#7574,.F.);
#8940 = ORIENTED_EDGE('',*,*,#8791,.F.);
#8941 = PLANE('',#8942);
#8942 = AXIS2_PLACEMENT_3D('',#8943,#8944,#8945);
#8943 = CARTESIAN_POINT('',(1.1,-0.63,0.));
#8944 = DIRECTION('',(1.,2.334869823773E-16,0.));
#8945 = DIRECTION('',(2.334869823773E-16,-1.,0.));
#8946 = ADVANCED_FACE('',(#8947),#8981,.F.);
#8947 = FACE_BOUND('',#8948,.F.);
#8948 = EDGE_LOOP('',(#8949,#8959,#8967,#8973,#8974,#8975));
#8949 = ORIENTED_EDGE('',*,*,#8950,.F.);
#8950 = EDGE_CURVE('',#8951,#8953,#8955,.T.);
#8951 = VERTEX_POINT('',#8952);
#8952 = CARTESIAN_POINT('',(0.87,-1.5,0.));
#8953 = VERTEX_POINT('',#8954);
#8954 = CARTESIAN_POINT('',(0.87,-1.1,0.));
#8955 = LINE('',#8956,#8957);
#8956 = CARTESIAN_POINT('',(0.87,-1.5,0.));
#8957 = VECTOR('',#8958,1.);
#8958 = DIRECTION('',(-1.144237745222E-17,1.,0.));
#8959 = ORIENTED_EDGE('',*,*,#8960,.T.);
#8960 = EDGE_CURVE('',#8951,#8961,#8963,.T.);
#8961 = VERTEX_POINT('',#8962);
#8962 = CARTESIAN_POINT('',(0.87,-1.5,0.2));
#8963 = LINE('',#8964,#8965);
#8964 = CARTESIAN_POINT('',(0.87,-1.5,0.));
#8965 = VECTOR('',#8966,1.);
#8966 = DIRECTION('',(0.,0.,1.));
#8967 = ORIENTED_EDGE('',*,*,#8968,.T.);
#8968 = EDGE_CURVE('',#8961,#8378,#8969,.T.);
#8969 = LINE('',#8970,#8971);
#8970 = CARTESIAN_POINT('',(0.87,-1.5,0.2));
#8971 = VECTOR('',#8972,1.);
#8972 = DIRECTION('',(-1.144237745222E-17,1.,0.));
#8973 = ORIENTED_EDGE('',*,*,#8385,.T.);
#8974 = ORIENTED_EDGE('',*,*,#7551,.F.);
#8975 = ORIENTED_EDGE('',*,*,#8976,.F.);
#8976 = EDGE_CURVE('',#8953,#7544,#8977,.T.);
#8977 = LINE('',#8978,#8979);
#8978 = CARTESIAN_POINT('',(0.87,-1.1,0.));
#8979 = VECTOR('',#8980,1.);
#8980 = DIRECTION('',(0.,0.,1.));
#8981 = PLANE('',#8982);
#8982 = AXIS2_PLACEMENT_3D('',#8983,#8984,#8985);
#8983 = CARTESIAN_POINT('',(0.87,-1.5,0.));
#8984 = DIRECTION('',(-1.,-1.144237745222E-17,0.));
#8985 = DIRECTION('',(-1.144237745222E-17,1.,0.));
#8986 = ADVANCED_FACE('',(#8987),#9005,.F.);
#8987 = FACE_BOUND('',#8988,.F.);
#8988 = EDGE_LOOP('',(#8989,#8997,#8998,#8999));
#8989 = ORIENTED_EDGE('',*,*,#8990,.F.);
#8990 = EDGE_CURVE('',#8953,#8991,#8993,.T.);
#8991 = VERTEX_POINT('',#8992);
#8992 = CARTESIAN_POINT('',(0.63,-1.1,0.));
#8993 = LINE('',#8994,#8995);
#8994 = CARTESIAN_POINT('',(0.87,-1.1,0.));
#8995 = VECTOR('',#8996,1.);
#8996 = DIRECTION('',(-1.,-1.144237745222E-17,0.));
#8997 = ORIENTED_EDGE('',*,*,#8976,.T.);
#8998 = ORIENTED_EDGE('',*,*,#7543,.F.);
#8999 = ORIENTED_EDGE('',*,*,#9000,.F.);
#9000 = EDGE_CURVE('',#8991,#7536,#9001,.T.);
#9001 = LINE('',#9002,#9003);
#9002 = CARTESIAN_POINT('',(0.63,-1.1,0.));
#9003 = VECTOR('',#9004,1.);
#9004 = DIRECTION('',(0.,0.,1.));
#9005 = PLANE('',#9006);
#9006 = AXIS2_PLACEMENT_3D('',#9007,#9008,#9009);
#9007 = CARTESIAN_POINT('',(0.87,-1.1,0.));
#9008 = DIRECTION('',(1.144237745222E-17,-1.,0.));
#9009 = DIRECTION('',(-1.,-1.144237745222E-17,0.));
#9010 = ADVANCED_FACE('',(#9011),#9038,.F.);
#9011 = FACE_BOUND('',#9012,.F.);
#9012 = EDGE_LOOP('',(#9013,#9021,#9022,#9023,#9024,#9032));
#9013 = ORIENTED_EDGE('',*,*,#9014,.F.);
#9014 = EDGE_CURVE('',#8991,#9015,#9017,.T.);
#9015 = VERTEX_POINT('',#9016);
#9016 = CARTESIAN_POINT('',(0.63,-1.5,0.));
#9017 = LINE('',#9018,#9019);
#9018 = CARTESIAN_POINT('',(0.63,-1.1,0.));
#9019 = VECTOR('',#9020,1.);
#9020 = DIRECTION('',(1.144237745222E-17,-1.,0.));
#9021 = ORIENTED_EDGE('',*,*,#9000,.T.);
#9022 = ORIENTED_EDGE('',*,*,#7535,.F.);
#9023 = ORIENTED_EDGE('',*,*,#8369,.T.);
#9024 = ORIENTED_EDGE('',*,*,#9025,.T.);
#9025 = EDGE_CURVE('',#8370,#9026,#9028,.T.);
#9026 = VERTEX_POINT('',#9027);
#9027 = CARTESIAN_POINT('',(0.63,-1.5,0.2));
#9028 = LINE('',#9029,#9030);
#9029 = CARTESIAN_POINT('',(0.63,-1.1,0.2));
#9030 = VECTOR('',#9031,1.);
#9031 = DIRECTION('',(1.144237745222E-17,-1.,0.));
#9032 = ORIENTED_EDGE('',*,*,#9033,.F.);
#9033 = EDGE_CURVE('',#9015,#9026,#9034,.T.);
#9034 = LINE('',#9035,#9036);
#9035 = CARTESIAN_POINT('',(0.63,-1.5,0.));
#9036 = VECTOR('',#9037,1.);
#9037 = DIRECTION('',(0.,0.,1.));
#9038 = PLANE('',#9039);
#9039 = AXIS2_PLACEMENT_3D('',#9040,#9041,#9042);
#9040 = CARTESIAN_POINT('',(0.63,-1.1,0.));
#9041 = DIRECTION('',(1.,1.144237745222E-17,0.));
#9042 = DIRECTION('',(1.144237745222E-17,-1.,0.));
#9043 = ADVANCED_FACE('',(#9044),#9078,.F.);
#9044 = FACE_BOUND('',#9045,.F.);
#9045 = EDGE_LOOP('',(#9046,#9056,#9064,#9070,#9071,#9072));
#9046 = ORIENTED_EDGE('',*,*,#9047,.F.);
#9047 = EDGE_CURVE('',#9048,#9050,#9052,.T.);
#9048 = VERTEX_POINT('',#9049);
#9049 = CARTESIAN_POINT('',(0.37,-1.5,0.));
#9050 = VERTEX_POINT('',#9051);
#9051 = CARTESIAN_POINT('',(0.37,-1.1,0.));
#9052 = LINE('',#9053,#9054);
#9053 = CARTESIAN_POINT('',(0.37,-1.5,0.));
#9054 = VECTOR('',#9055,1.);
#9055 = DIRECTION('',(-1.144237745222E-17,1.,0.));
#9056 = ORIENTED_EDGE('',*,*,#9057,.T.);
#9057 = EDGE_CURVE('',#9048,#9058,#9060,.T.);
#9058 = VERTEX_POINT('',#9059);
#9059 = CARTESIAN_POINT('',(0.37,-1.5,0.2));
#9060 = LINE('',#9061,#9062);
#9061 = CARTESIAN_POINT('',(0.37,-1.5,0.));
#9062 = VECTOR('',#9063,1.);
#9063 = DIRECTION('',(0.,0.,1.));
#9064 = ORIENTED_EDGE('',*,*,#9065,.T.);
#9065 = EDGE_CURVE('',#9058,#8355,#9066,.T.);
#9066 = LINE('',#9067,#9068);
#9067 = CARTESIAN_POINT('',(0.37,-1.5,0.2));
#9068 = VECTOR('',#9069,1.);
#9069 = DIRECTION('',(-1.144237745222E-17,1.,0.));
#9070 = ORIENTED_EDGE('',*,*,#8362,.T.);
#9071 = ORIENTED_EDGE('',*,*,#7519,.F.);
#9072 = ORIENTED_EDGE('',*,*,#9073,.F.);
#9073 = EDGE_CURVE('',#9050,#7512,#9074,.T.);
#9074 = LINE('',#9075,#9076);
#9075 = CARTESIAN_POINT('',(0.37,-1.1,0.));
#9076 = VECTOR('',#9077,1.);
#9077 = DIRECTION('',(0.,0.,1.));
#9078 = PLANE('',#9079);
#9079 = AXIS2_PLACEMENT_3D('',#9080,#9081,#9082);
#9080 = CARTESIAN_POINT('',(0.37,-1.5,0.));
#9081 = DIRECTION('',(-1.,-1.144237745222E-17,0.));
#9082 = DIRECTION('',(-1.144237745222E-17,1.,0.));
#9083 = ADVANCED_FACE('',(#9084),#9102,.F.);
#9084 = FACE_BOUND('',#9085,.F.);
#9085 = EDGE_LOOP('',(#9086,#9094,#9095,#9096));
#9086 = ORIENTED_EDGE('',*,*,#9087,.F.);
#9087 = EDGE_CURVE('',#9050,#9088,#9090,.T.);
#9088 = VERTEX_POINT('',#9089);
#9089 = CARTESIAN_POINT('',(0.13,-1.1,0.));
#9090 = LINE('',#9091,#9092);
#9091 = CARTESIAN_POINT('',(0.37,-1.1,0.));
#9092 = VECTOR('',#9093,1.);
#9093 = DIRECTION('',(-1.,-1.144237745222E-17,0.));
#9094 = ORIENTED_EDGE('',*,*,#9073,.T.);
#9095 = ORIENTED_EDGE('',*,*,#7511,.F.);
#9096 = ORIENTED_EDGE('',*,*,#9097,.F.);
#9097 = EDGE_CURVE('',#9088,#7504,#9098,.T.);
#9098 = LINE('',#9099,#9100);
#9099 = CARTESIAN_POINT('',(0.13,-1.1,0.));
#9100 = VECTOR('',#9101,1.);
#9101 = DIRECTION('',(0.,0.,1.));
#9102 = PLANE('',#9103);
#9103 = AXIS2_PLACEMENT_3D('',#9104,#9105,#9106);
#9104 = CARTESIAN_POINT('',(0.37,-1.1,0.));
#9105 = DIRECTION('',(1.144237745222E-17,-1.,0.));
#9106 = DIRECTION('',(-1.,-1.144237745222E-17,0.));
#9107 = ADVANCED_FACE('',(#9108),#9135,.F.);
#9108 = FACE_BOUND('',#9109,.F.);
#9109 = EDGE_LOOP('',(#9110,#9118,#9119,#9120,#9121,#9129));
#9110 = ORIENTED_EDGE('',*,*,#9111,.F.);
#9111 = EDGE_CURVE('',#9088,#9112,#9114,.T.);
#9112 = VERTEX_POINT('',#9113);
#9113 = CARTESIAN_POINT('',(0.13,-1.5,0.));
#9114 = LINE('',#9115,#9116);
#9115 = CARTESIAN_POINT('',(0.13,-1.1,0.));
#9116 = VECTOR('',#9117,1.);
#9117 = DIRECTION('',(1.144237745222E-17,-1.,0.));
#9118 = ORIENTED_EDGE('',*,*,#9097,.T.);
#9119 = ORIENTED_EDGE('',*,*,#7503,.F.);
#9120 = ORIENTED_EDGE('',*,*,#8346,.T.);
#9121 = ORIENTED_EDGE('',*,*,#9122,.T.);
#9122 = EDGE_CURVE('',#8347,#9123,#9125,.T.);
#9123 = VERTEX_POINT('',#9124);
#9124 = CARTESIAN_POINT('',(0.13,-1.5,0.2));
#9125 = LINE('',#9126,#9127);
#9126 = CARTESIAN_POINT('',(0.13,-1.1,0.2));
#9127 = VECTOR('',#9128,1.);
#9128 = DIRECTION('',(1.144237745222E-17,-1.,0.));
#9129 = ORIENTED_EDGE('',*,*,#9130,.F.);
#9130 = EDGE_CURVE('',#9112,#9123,#9131,.T.);
#9131 = LINE('',#9132,#9133);
#9132 = CARTESIAN_POINT('',(0.13,-1.5,0.));
#9133 = VECTOR('',#9134,1.);
#9134 = DIRECTION('',(0.,0.,1.));
#9135 = PLANE('',#9136);
#9136 = AXIS2_PLACEMENT_3D('',#9137,#9138,#9139);
#9137 = CARTESIAN_POINT('',(0.13,-1.1,0.));
#9138 = DIRECTION('',(1.,1.144237745222E-17,0.));
#9139 = DIRECTION('',(1.144237745222E-17,-1.,0.));
#9140 = ADVANCED_FACE('',(#9141),#9175,.F.);
#9141 = FACE_BOUND('',#9142,.F.);
#9142 = EDGE_LOOP('',(#9143,#9153,#9161,#9167,#9168,#9169));
#9143 = ORIENTED_EDGE('',*,*,#9144,.F.);
#9144 = EDGE_CURVE('',#9145,#9147,#9149,.T.);
#9145 = VERTEX_POINT('',#9146);
#9146 = CARTESIAN_POINT('',(-0.13,-1.5,0.));
#9147 = VERTEX_POINT('',#9148);
#9148 = CARTESIAN_POINT('',(-0.13,-1.1,0.));
#9149 = LINE('',#9150,#9151);
#9150 = CARTESIAN_POINT('',(-0.13,-1.5,0.));
#9151 = VECTOR('',#9152,1.);
#9152 = DIRECTION('',(-1.144237745222E-17,1.,0.));
#9153 = ORIENTED_EDGE('',*,*,#9154,.T.);
#9154 = EDGE_CURVE('',#9145,#9155,#9157,.T.);
#9155 = VERTEX_POINT('',#9156);
#9156 = CARTESIAN_POINT('',(-0.13,-1.5,0.2));
#9157 = LINE('',#9158,#9159);
#9158 = CARTESIAN_POINT('',(-0.13,-1.5,0.));
#9159 = VECTOR('',#9160,1.);
#9160 = DIRECTION('',(0.,0.,1.));
#9161 = ORIENTED_EDGE('',*,*,#9162,.T.);
#9162 = EDGE_CURVE('',#9155,#8332,#9163,.T.);
#9163 = LINE('',#9164,#9165);
#9164 = CARTESIAN_POINT('',(-0.13,-1.5,0.2));
#9165 = VECTOR('',#9166,1.);
#9166 = DIRECTION('',(-1.144237745222E-17,1.,0.));
#9167 = ORIENTED_EDGE('',*,*,#8339,.T.);
#9168 = ORIENTED_EDGE('',*,*,#7487,.F.);
#9169 = ORIENTED_EDGE('',*,*,#9170,.F.);
#9170 = EDGE_CURVE('',#9147,#7480,#9171,.T.);
#9171 = LINE('',#9172,#9173);
#9172 = CARTESIAN_POINT('',(-0.13,-1.1,0.));
#9173 = VECTOR('',#9174,1.);
#9174 = DIRECTION('',(0.,0.,1.));
#9175 = PLANE('',#9176);
#9176 = AXIS2_PLACEMENT_3D('',#9177,#9178,#9179);
#9177 = CARTESIAN_POINT('',(-0.13,-1.5,0.));
#9178 = DIRECTION('',(-1.,-1.144237745222E-17,0.));
#9179 = DIRECTION('',(-1.144237745222E-17,1.,0.));
#9180 = ADVANCED_FACE('',(#9181),#9199,.F.);
#9181 = FACE_BOUND('',#9182,.F.);
#9182 = EDGE_LOOP('',(#9183,#9191,#9192,#9193));
#9183 = ORIENTED_EDGE('',*,*,#9184,.F.);
#9184 = EDGE_CURVE('',#9147,#9185,#9187,.T.);
#9185 = VERTEX_POINT('',#9186);
#9186 = CARTESIAN_POINT('',(-0.37,-1.1,0.));
#9187 = LINE('',#9188,#9189);
#9188 = CARTESIAN_POINT('',(-0.13,-1.1,0.));
#9189 = VECTOR('',#9190,1.);
#9190 = DIRECTION('',(-1.,-1.144237745222E-17,0.));
#9191 = ORIENTED_EDGE('',*,*,#9170,.T.);
#9192 = ORIENTED_EDGE('',*,*,#7479,.F.);
#9193 = ORIENTED_EDGE('',*,*,#9194,.F.);
#9194 = EDGE_CURVE('',#9185,#7472,#9195,.T.);
#9195 = LINE('',#9196,#9197);
#9196 = CARTESIAN_POINT('',(-0.37,-1.1,0.));
#9197 = VECTOR('',#9198,1.);
#9198 = DIRECTION('',(0.,0.,1.));
#9199 = PLANE('',#9200);
#9200 = AXIS2_PLACEMENT_3D('',#9201,#9202,#9203);
#9201 = CARTESIAN_POINT('',(-0.13,-1.1,0.));
#9202 = DIRECTION('',(1.144237745222E-17,-1.,0.));
#9203 = DIRECTION('',(-1.,-1.144237745222E-17,0.));
#9204 = ADVANCED_FACE('',(#9205),#9232,.F.);
#9205 = FACE_BOUND('',#9206,.F.);
#9206 = EDGE_LOOP('',(#9207,#9215,#9216,#9217,#9218,#9226));
#9207 = ORIENTED_EDGE('',*,*,#9208,.F.);
#9208 = EDGE_CURVE('',#9185,#9209,#9211,.T.);
#9209 = VERTEX_POINT('',#9210);
#9210 = CARTESIAN_POINT('',(-0.37,-1.5,0.));
#9211 = LINE('',#9212,#9213);
#9212 = CARTESIAN_POINT('',(-0.37,-1.1,0.));
#9213 = VECTOR('',#9214,1.);
#9214 = DIRECTION('',(1.144237745222E-17,-1.,0.));
#9215 = ORIENTED_EDGE('',*,*,#9194,.T.);
#9216 = ORIENTED_EDGE('',*,*,#7471,.F.);
#9217 = ORIENTED_EDGE('',*,*,#8323,.T.);
#9218 = ORIENTED_EDGE('',*,*,#9219,.T.);
#9219 = EDGE_CURVE('',#8324,#9220,#9222,.T.);
#9220 = VERTEX_POINT('',#9221);
#9221 = CARTESIAN_POINT('',(-0.37,-1.5,0.2));
#9222 = LINE('',#9223,#9224);
#9223 = CARTESIAN_POINT('',(-0.37,-1.1,0.2));
#9224 = VECTOR('',#9225,1.);
#9225 = DIRECTION('',(1.144237745222E-17,-1.,0.));
#9226 = ORIENTED_EDGE('',*,*,#9227,.F.);
#9227 = EDGE_CURVE('',#9209,#9220,#9228,.T.);
#9228 = LINE('',#9229,#9230);
#9229 = CARTESIAN_POINT('',(-0.37,-1.5,0.));
#9230 = VECTOR('',#9231,1.);
#9231 = DIRECTION('',(0.,0.,1.));
#9232 = PLANE('',#9233);
#9233 = AXIS2_PLACEMENT_3D('',#9234,#9235,#9236);
#9234 = CARTESIAN_POINT('',(-0.37,-1.1,0.));
#9235 = DIRECTION('',(1.,1.144237745222E-17,0.));
#9236 = DIRECTION('',(1.144237745222E-17,-1.,0.));
#9237 = ADVANCED_FACE('',(#9238),#9272,.F.);
#9238 = FACE_BOUND('',#9239,.F.);
#9239 = EDGE_LOOP('',(#9240,#9250,#9258,#9264,#9265,#9266));
#9240 = ORIENTED_EDGE('',*,*,#9241,.F.);
#9241 = EDGE_CURVE('',#9242,#9244,#9246,.T.);
#9242 = VERTEX_POINT('',#9243);
#9243 = CARTESIAN_POINT('',(-0.63,-1.5,0.));
#9244 = VERTEX_POINT('',#9245);
#9245 = CARTESIAN_POINT('',(-0.63,-1.1,0.));
#9246 = LINE('',#9247,#9248);
#9247 = CARTESIAN_POINT('',(-0.63,-1.5,0.));
#9248 = VECTOR('',#9249,1.);
#9249 = DIRECTION('',(-1.144237745222E-17,1.,0.));
#9250 = ORIENTED_EDGE('',*,*,#9251,.T.);
#9251 = EDGE_CURVE('',#9242,#9252,#9254,.T.);
#9252 = VERTEX_POINT('',#9253);
#9253 = CARTESIAN_POINT('',(-0.63,-1.5,0.2));
#9254 = LINE('',#9255,#9256);
#9255 = CARTESIAN_POINT('',(-0.63,-1.5,0.));
#9256 = VECTOR('',#9257,1.);
#9257 = DIRECTION('',(0.,0.,1.));
#9258 = ORIENTED_EDGE('',*,*,#9259,.T.);
#9259 = EDGE_CURVE('',#9252,#8309,#9260,.T.);
#9260 = LINE('',#9261,#9262);
#9261 = CARTESIAN_POINT('',(-0.63,-1.5,0.2));
#9262 = VECTOR('',#9263,1.);
#9263 = DIRECTION('',(-1.144237745222E-17,1.,0.));
#9264 = ORIENTED_EDGE('',*,*,#8316,.T.);
#9265 = ORIENTED_EDGE('',*,*,#7455,.F.);
#9266 = ORIENTED_EDGE('',*,*,#9267,.F.);
#9267 = EDGE_CURVE('',#9244,#7448,#9268,.T.);
#9268 = LINE('',#9269,#9270);
#9269 = CARTESIAN_POINT('',(-0.63,-1.1,0.));
#9270 = VECTOR('',#9271,1.);
#9271 = DIRECTION('',(0.,0.,1.));
#9272 = PLANE('',#9273);
#9273 = AXIS2_PLACEMENT_3D('',#9274,#9275,#9276);
#9274 = CARTESIAN_POINT('',(-0.63,-1.5,0.));
#9275 = DIRECTION('',(-1.,-1.144237745222E-17,0.));
#9276 = DIRECTION('',(-1.144237745222E-17,1.,0.));
#9277 = ADVANCED_FACE('',(#9278),#9296,.F.);
#9278 = FACE_BOUND('',#9279,.F.);
#9279 = EDGE_LOOP('',(#9280,#9288,#9289,#9290));
#9280 = ORIENTED_EDGE('',*,*,#9281,.F.);
#9281 = EDGE_CURVE('',#9244,#9282,#9284,.T.);
#9282 = VERTEX_POINT('',#9283);
#9283 = CARTESIAN_POINT('',(-0.87,-1.1,0.));
#9284 = LINE('',#9285,#9286);
#9285 = CARTESIAN_POINT('',(-0.63,-1.1,0.));
#9286 = VECTOR('',#9287,1.);
#9287 = DIRECTION('',(-1.,-1.144237745222E-17,0.));
#9288 = ORIENTED_EDGE('',*,*,#9267,.T.);
#9289 = ORIENTED_EDGE('',*,*,#7447,.F.);
#9290 = ORIENTED_EDGE('',*,*,#9291,.F.);
#9291 = EDGE_CURVE('',#9282,#7440,#9292,.T.);
#9292 = LINE('',#9293,#9294);
#9293 = CARTESIAN_POINT('',(-0.87,-1.1,0.));
#9294 = VECTOR('',#9295,1.);
#9295 = DIRECTION('',(0.,0.,1.));
#9296 = PLANE('',#9297);
#9297 = AXIS2_PLACEMENT_3D('',#9298,#9299,#9300);
#9298 = CARTESIAN_POINT('',(-0.63,-1.1,0.));
#9299 = DIRECTION('',(1.144237745222E-17,-1.,0.));
#9300 = DIRECTION('',(-1.,-1.144237745222E-17,0.));
#9301 = ADVANCED_FACE('',(#9302),#9329,.F.);
#9302 = FACE_BOUND('',#9303,.F.);
#9303 = EDGE_LOOP('',(#9304,#9312,#9313,#9314,#9315,#9323));
#9304 = ORIENTED_EDGE('',*,*,#9305,.F.);
#9305 = EDGE_CURVE('',#9282,#9306,#9308,.T.);
#9306 = VERTEX_POINT('',#9307);
#9307 = CARTESIAN_POINT('',(-0.87,-1.5,0.));
#9308 = LINE('',#9309,#9310);
#9309 = CARTESIAN_POINT('',(-0.87,-1.1,0.));
#9310 = VECTOR('',#9311,1.);
#9311 = DIRECTION('',(1.144237745222E-17,-1.,0.));
#9312 = ORIENTED_EDGE('',*,*,#9291,.T.);
#9313 = ORIENTED_EDGE('',*,*,#7439,.F.);
#9314 = ORIENTED_EDGE('',*,*,#8300,.T.);
#9315 = ORIENTED_EDGE('',*,*,#9316,.T.);
#9316 = EDGE_CURVE('',#8301,#9317,#9319,.T.);
#9317 = VERTEX_POINT('',#9318);
#9318 = CARTESIAN_POINT('',(-0.87,-1.5,0.2));
#9319 = LINE('',#9320,#9321);
#9320 = CARTESIAN_POINT('',(-0.87,-1.1,0.2));
#9321 = VECTOR('',#9322,1.);
#9322 = DIRECTION('',(1.144237745222E-17,-1.,0.));
#9323 = ORIENTED_EDGE('',*,*,#9324,.F.);
#9324 = EDGE_CURVE('',#9306,#9317,#9325,.T.);
#9325 = LINE('',#9326,#9327);
#9326 = CARTESIAN_POINT('',(-0.87,-1.5,0.));
#9327 = VECTOR('',#9328,1.);
#9328 = DIRECTION('',(0.,0.,1.));
#9329 = PLANE('',#9330);
#9330 = AXIS2_PLACEMENT_3D('',#9331,#9332,#9333);
#9331 = CARTESIAN_POINT('',(-0.87,-1.1,0.));
#9332 = DIRECTION('',(1.,1.144237745222E-17,0.));
#9333 = DIRECTION('',(1.144237745222E-17,-1.,0.));
#9334 = ADVANCED_FACE('',(#9335),#9369,.F.);
#9335 = FACE_BOUND('',#9336,.F.);
#9336 = EDGE_LOOP('',(#9337,#9347,#9355,#9361,#9362,#9363));
#9337 = ORIENTED_EDGE('',*,*,#9338,.F.);
#9338 = EDGE_CURVE('',#9339,#9341,#9343,.T.);
#9339 = VERTEX_POINT('',#9340);
#9340 = CARTESIAN_POINT('',(-1.5,-0.87,0.));
#9341 = VERTEX_POINT('',#9342);
#9342 = CARTESIAN_POINT('',(-1.1,-0.87,0.));
#9343 = LINE('',#9344,#9345);
#9344 = CARTESIAN_POINT('',(-1.5,-0.87,0.));
#9345 = VECTOR('',#9346,1.);
#9346 = DIRECTION('',(1.,1.110223024625E-16,0.));
#9347 = ORIENTED_EDGE('',*,*,#9348,.T.);
#9348 = EDGE_CURVE('',#9339,#9349,#9351,.T.);
#9349 = VERTEX_POINT('',#9350);
#9350 = CARTESIAN_POINT('',(-1.5,-0.87,0.2));
#9351 = LINE('',#9352,#9353);
#9352 = CARTESIAN_POINT('',(-1.5,-0.87,0.));
#9353 = VECTOR('',#9354,1.);
#9354 = DIRECTION('',(0.,0.,1.));
#9355 = ORIENTED_EDGE('',*,*,#9356,.T.);
#9356 = EDGE_CURVE('',#9349,#8199,#9357,.T.);
#9357 = LINE('',#9358,#9359);
#9358 = CARTESIAN_POINT('',(-1.5,-0.87,0.2));
#9359 = VECTOR('',#9360,1.);
#9360 = DIRECTION('',(1.,1.110223024625E-16,0.));
#9361 = ORIENTED_EDGE('',*,*,#8198,.F.);
#9362 = ORIENTED_EDGE('',*,*,#7415,.F.);
#9363 = ORIENTED_EDGE('',*,*,#9364,.F.);
#9364 = EDGE_CURVE('',#9341,#7408,#9365,.T.);
#9365 = LINE('',#9366,#9367);
#9366 = CARTESIAN_POINT('',(-1.1,-0.87,0.));
#9367 = VECTOR('',#9368,1.);
#9368 = DIRECTION('',(0.,0.,1.));
#9369 = PLANE('',#9370);
#9370 = AXIS2_PLACEMENT_3D('',#9371,#9372,#9373);
#9371 = CARTESIAN_POINT('',(-1.5,-0.87,0.));
#9372 = DIRECTION('',(-1.110223024625E-16,1.,0.));
#9373 = DIRECTION('',(1.,1.110223024625E-16,0.));
#9374 = ADVANCED_FACE('',(#9375),#9393,.F.);
#9375 = FACE_BOUND('',#9376,.F.);
#9376 = EDGE_LOOP('',(#9377,#9385,#9386,#9387));
#9377 = ORIENTED_EDGE('',*,*,#9378,.F.);
#9378 = EDGE_CURVE('',#9341,#9379,#9381,.T.);
#9379 = VERTEX_POINT('',#9380);
#9380 = CARTESIAN_POINT('',(-1.1,-0.63,0.));
#9381 = LINE('',#9382,#9383);
#9382 = CARTESIAN_POINT('',(-1.1,-0.87,0.));
#9383 = VECTOR('',#9384,1.);
#9384 = DIRECTION('',(-1.110223024625E-16,1.,0.));
#9385 = ORIENTED_EDGE('',*,*,#9364,.T.);
#9386 = ORIENTED_EDGE('',*,*,#7407,.F.);
#9387 = ORIENTED_EDGE('',*,*,#9388,.F.);
#9388 = EDGE_CURVE('',#9379,#7400,#9389,.T.);
#9389 = LINE('',#9390,#9391);
#9390 = CARTESIAN_POINT('',(-1.1,-0.63,0.));
#9391 = VECTOR('',#9392,1.);
#9392 = DIRECTION('',(0.,0.,1.));
#9393 = PLANE('',#9394);
#9394 = AXIS2_PLACEMENT_3D('',#9395,#9396,#9397);
#9395 = CARTESIAN_POINT('',(-1.1,-0.87,0.));
#9396 = DIRECTION('',(-1.,-1.110223024625E-16,0.));
#9397 = DIRECTION('',(-1.110223024625E-16,1.,0.));
#9398 = ADVANCED_FACE('',(#9399),#9426,.F.);
#9399 = FACE_BOUND('',#9400,.F.);
#9400 = EDGE_LOOP('',(#9401,#9409,#9410,#9411,#9412,#9420));
#9401 = ORIENTED_EDGE('',*,*,#9402,.F.);
#9402 = EDGE_CURVE('',#9379,#9403,#9405,.T.);
#9403 = VERTEX_POINT('',#9404);
#9404 = CARTESIAN_POINT('',(-1.5,-0.63,0.));
#9405 = LINE('',#9406,#9407);
#9406 = CARTESIAN_POINT('',(-1.1,-0.63,0.));
#9407 = VECTOR('',#9408,1.);
#9408 = DIRECTION('',(-1.,-1.110223024625E-16,0.));
#9409 = ORIENTED_EDGE('',*,*,#9388,.T.);
#9410 = ORIENTED_EDGE('',*,*,#7399,.F.);
#9411 = ORIENTED_EDGE('',*,*,#8214,.F.);
#9412 = ORIENTED_EDGE('',*,*,#9413,.T.);
#9413 = EDGE_CURVE('',#8207,#9414,#9416,.T.);
#9414 = VERTEX_POINT('',#9415);
#9415 = CARTESIAN_POINT('',(-1.5,-0.63,0.2));
#9416 = LINE('',#9417,#9418);
#9417 = CARTESIAN_POINT('',(-1.1,-0.63,0.2));
#9418 = VECTOR('',#9419,1.);
#9419 = DIRECTION('',(-1.,-1.110223024625E-16,0.));
#9420 = ORIENTED_EDGE('',*,*,#9421,.F.);
#9421 = EDGE_CURVE('',#9403,#9414,#9422,.T.);
#9422 = LINE('',#9423,#9424);
#9423 = CARTESIAN_POINT('',(-1.5,-0.63,0.));
#9424 = VECTOR('',#9425,1.);
#9425 = DIRECTION('',(0.,0.,1.));
#9426 = PLANE('',#9427);
#9427 = AXIS2_PLACEMENT_3D('',#9428,#9429,#9430);
#9428 = CARTESIAN_POINT('',(-1.1,-0.63,0.));
#9429 = DIRECTION('',(1.110223024625E-16,-1.,0.));
#9430 = DIRECTION('',(-1.,-1.110223024625E-16,0.));
#9431 = ADVANCED_FACE('',(#9432),#9466,.F.);
#9432 = FACE_BOUND('',#9433,.F.);
#9433 = EDGE_LOOP('',(#9434,#9444,#9452,#9458,#9459,#9460));
#9434 = ORIENTED_EDGE('',*,*,#9435,.F.);
#9435 = EDGE_CURVE('',#9436,#9438,#9440,.T.);
#9436 = VERTEX_POINT('',#9437);
#9437 = CARTESIAN_POINT('',(-1.5,-0.37,0.));
#9438 = VERTEX_POINT('',#9439);
#9439 = CARTESIAN_POINT('',(-1.1,-0.37,0.));
#9440 = LINE('',#9441,#9442);
#9441 = CARTESIAN_POINT('',(-1.5,-0.37,0.));
#9442 = VECTOR('',#9443,1.);
#9443 = DIRECTION('',(1.,1.110223024625E-16,0.));
#9444 = ORIENTED_EDGE('',*,*,#9445,.T.);
#9445 = EDGE_CURVE('',#9436,#9446,#9448,.T.);
#9446 = VERTEX_POINT('',#9447);
#9447 = CARTESIAN_POINT('',(-1.5,-0.37,0.2));
#9448 = LINE('',#9449,#9450);
#9449 = CARTESIAN_POINT('',(-1.5,-0.37,0.));
#9450 = VECTOR('',#9451,1.);
#9451 = DIRECTION('',(0.,0.,1.));
#9452 = ORIENTED_EDGE('',*,*,#9453,.T.);
#9453 = EDGE_CURVE('',#9446,#8222,#9454,.T.);
#9454 = LINE('',#9455,#9456);
#9455 = CARTESIAN_POINT('',(-1.5,-0.37,0.2));
#9456 = VECTOR('',#9457,1.);
#9457 = DIRECTION('',(1.,1.110223024625E-16,0.));
#9458 = ORIENTED_EDGE('',*,*,#8221,.F.);
#9459 = ORIENTED_EDGE('',*,*,#7383,.F.);
#9460 = ORIENTED_EDGE('',*,*,#9461,.F.);
#9461 = EDGE_CURVE('',#9438,#7376,#9462,.T.);
#9462 = LINE('',#9463,#9464);
#9463 = CARTESIAN_POINT('',(-1.1,-0.37,0.));
#9464 = VECTOR('',#9465,1.);
#9465 = DIRECTION('',(0.,0.,1.));
#9466 = PLANE('',#9467);
#9467 = AXIS2_PLACEMENT_3D('',#9468,#9469,#9470);
#9468 = CARTESIAN_POINT('',(-1.5,-0.37,0.));
#9469 = DIRECTION('',(-1.110223024625E-16,1.,0.));
#9470 = DIRECTION('',(1.,1.110223024625E-16,0.));
#9471 = ADVANCED_FACE('',(#9472),#9490,.F.);
#9472 = FACE_BOUND('',#9473,.F.);
#9473 = EDGE_LOOP('',(#9474,#9482,#9483,#9484));
#9474 = ORIENTED_EDGE('',*,*,#9475,.F.);
#9475 = EDGE_CURVE('',#9438,#9476,#9478,.T.);
#9476 = VERTEX_POINT('',#9477);
#9477 = CARTESIAN_POINT('',(-1.1,-0.13,0.));
#9478 = LINE('',#9479,#9480);
#9479 = CARTESIAN_POINT('',(-1.1,-0.37,0.));
#9480 = VECTOR('',#9481,1.);
#9481 = DIRECTION('',(-1.110223024625E-16,1.,0.));
#9482 = ORIENTED_EDGE('',*,*,#9461,.T.);
#9483 = ORIENTED_EDGE('',*,*,#7375,.F.);
#9484 = ORIENTED_EDGE('',*,*,#9485,.F.);
#9485 = EDGE_CURVE('',#9476,#7368,#9486,.T.);
#9486 = LINE('',#9487,#9488);
#9487 = CARTESIAN_POINT('',(-1.1,-0.13,0.));
#9488 = VECTOR('',#9489,1.);
#9489 = DIRECTION('',(0.,0.,1.));
#9490 = PLANE('',#9491);
#9491 = AXIS2_PLACEMENT_3D('',#9492,#9493,#9494);
#9492 = CARTESIAN_POINT('',(-1.1,-0.37,0.));
#9493 = DIRECTION('',(-1.,-1.110223024625E-16,0.));
#9494 = DIRECTION('',(-1.110223024625E-16,1.,0.));
#9495 = ADVANCED_FACE('',(#9496),#9523,.F.);
#9496 = FACE_BOUND('',#9497,.F.);
#9497 = EDGE_LOOP('',(#9498,#9506,#9507,#9508,#9509,#9517));
#9498 = ORIENTED_EDGE('',*,*,#9499,.F.);
#9499 = EDGE_CURVE('',#9476,#9500,#9502,.T.);
#9500 = VERTEX_POINT('',#9501);
#9501 = CARTESIAN_POINT('',(-1.5,-0.13,0.));
#9502 = LINE('',#9503,#9504);
#9503 = CARTESIAN_POINT('',(-1.1,-0.13,0.));
#9504 = VECTOR('',#9505,1.);
#9505 = DIRECTION('',(-1.,-1.110223024625E-16,0.));
#9506 = ORIENTED_EDGE('',*,*,#9485,.T.);
#9507 = ORIENTED_EDGE('',*,*,#7367,.F.);
#9508 = ORIENTED_EDGE('',*,*,#8237,.F.);
#9509 = ORIENTED_EDGE('',*,*,#9510,.T.);
#9510 = EDGE_CURVE('',#8230,#9511,#9513,.T.);
#9511 = VERTEX_POINT('',#9512);
#9512 = CARTESIAN_POINT('',(-1.5,-0.13,0.2));
#9513 = LINE('',#9514,#9515);
#9514 = CARTESIAN_POINT('',(-1.1,-0.13,0.2));
#9515 = VECTOR('',#9516,1.);
#9516 = DIRECTION('',(-1.,-1.110223024625E-16,0.));
#9517 = ORIENTED_EDGE('',*,*,#9518,.F.);
#9518 = EDGE_CURVE('',#9500,#9511,#9519,.T.);
#9519 = LINE('',#9520,#9521);
#9520 = CARTESIAN_POINT('',(-1.5,-0.13,0.));
#9521 = VECTOR('',#9522,1.);
#9522 = DIRECTION('',(0.,0.,1.));
#9523 = PLANE('',#9524);
#9524 = AXIS2_PLACEMENT_3D('',#9525,#9526,#9527);
#9525 = CARTESIAN_POINT('',(-1.1,-0.13,0.));
#9526 = DIRECTION('',(1.110223024625E-16,-1.,0.));
#9527 = DIRECTION('',(-1.,-1.110223024625E-16,0.));
#9528 = ADVANCED_FACE('',(#9529),#9563,.F.);
#9529 = FACE_BOUND('',#9530,.F.);
#9530 = EDGE_LOOP('',(#9531,#9541,#9549,#9555,#9556,#9557));
#9531 = ORIENTED_EDGE('',*,*,#9532,.F.);
#9532 = EDGE_CURVE('',#9533,#9535,#9537,.T.);
#9533 = VERTEX_POINT('',#9534);
#9534 = CARTESIAN_POINT('',(-1.5,0.13,0.));
#9535 = VERTEX_POINT('',#9536);
#9536 = CARTESIAN_POINT('',(-1.1,0.13,0.));
#9537 = LINE('',#9538,#9539);
#9538 = CARTESIAN_POINT('',(-1.5,0.13,0.));
#9539 = VECTOR('',#9540,1.);
#9540 = DIRECTION('',(1.,1.110223024625E-16,0.));
#9541 = ORIENTED_EDGE('',*,*,#9542,.T.);
#9542 = EDGE_CURVE('',#9533,#9543,#9545,.T.);
#9543 = VERTEX_POINT('',#9544);
#9544 = CARTESIAN_POINT('',(-1.5,0.13,0.2));
#9545 = LINE('',#9546,#9547);
#9546 = CARTESIAN_POINT('',(-1.5,0.13,0.));
#9547 = VECTOR('',#9548,1.);
#9548 = DIRECTION('',(0.,0.,1.));
#9549 = ORIENTED_EDGE('',*,*,#9550,.T.);
#9550 = EDGE_CURVE('',#9543,#8245,#9551,.T.);
#9551 = LINE('',#9552,#9553);
#9552 = CARTESIAN_POINT('',(-1.5,0.13,0.2));
#9553 = VECTOR('',#9554,1.);
#9554 = DIRECTION('',(1.,1.110223024625E-16,0.));
#9555 = ORIENTED_EDGE('',*,*,#8244,.F.);
#9556 = ORIENTED_EDGE('',*,*,#7351,.F.);
#9557 = ORIENTED_EDGE('',*,*,#9558,.F.);
#9558 = EDGE_CURVE('',#9535,#7344,#9559,.T.);
#9559 = LINE('',#9560,#9561);
#9560 = CARTESIAN_POINT('',(-1.1,0.13,0.));
#9561 = VECTOR('',#9562,1.);
#9562 = DIRECTION('',(0.,0.,1.));
#9563 = PLANE('',#9564);
#9564 = AXIS2_PLACEMENT_3D('',#9565,#9566,#9567);
#9565 = CARTESIAN_POINT('',(-1.5,0.13,0.));
#9566 = DIRECTION('',(-1.110223024625E-16,1.,0.));
#9567 = DIRECTION('',(1.,1.110223024625E-16,0.));
#9568 = ADVANCED_FACE('',(#9569),#9587,.F.);
#9569 = FACE_BOUND('',#9570,.F.);
#9570 = EDGE_LOOP('',(#9571,#9579,#9580,#9581));
#9571 = ORIENTED_EDGE('',*,*,#9572,.F.);
#9572 = EDGE_CURVE('',#9535,#9573,#9575,.T.);
#9573 = VERTEX_POINT('',#9574);
#9574 = CARTESIAN_POINT('',(-1.1,0.37,0.));
#9575 = LINE('',#9576,#9577);
#9576 = CARTESIAN_POINT('',(-1.1,0.13,0.));
#9577 = VECTOR('',#9578,1.);
#9578 = DIRECTION('',(-1.110223024625E-16,1.,0.));
#9579 = ORIENTED_EDGE('',*,*,#9558,.T.);
#9580 = ORIENTED_EDGE('',*,*,#7343,.F.);
#9581 = ORIENTED_EDGE('',*,*,#9582,.F.);
#9582 = EDGE_CURVE('',#9573,#7336,#9583,.T.);
#9583 = LINE('',#9584,#9585);
#9584 = CARTESIAN_POINT('',(-1.1,0.37,0.));
#9585 = VECTOR('',#9586,1.);
#9586 = DIRECTION('',(0.,0.,1.));
#9587 = PLANE('',#9588);
#9588 = AXIS2_PLACEMENT_3D('',#9589,#9590,#9591);
#9589 = CARTESIAN_POINT('',(-1.1,0.13,0.));
#9590 = DIRECTION('',(-1.,-1.110223024625E-16,0.));
#9591 = DIRECTION('',(-1.110223024625E-16,1.,0.));
#9592 = ADVANCED_FACE('',(#9593),#9620,.F.);
#9593 = FACE_BOUND('',#9594,.F.);
#9594 = EDGE_LOOP('',(#9595,#9603,#9604,#9605,#9606,#9614));
#9595 = ORIENTED_EDGE('',*,*,#9596,.F.);
#9596 = EDGE_CURVE('',#9573,#9597,#9599,.T.);
#9597 = VERTEX_POINT('',#9598);
#9598 = CARTESIAN_POINT('',(-1.5,0.37,0.));
#9599 = LINE('',#9600,#9601);
#9600 = CARTESIAN_POINT('',(-1.1,0.37,0.));
#9601 = VECTOR('',#9602,1.);
#9602 = DIRECTION('',(-1.,-1.110223024625E-16,0.));
#9603 = ORIENTED_EDGE('',*,*,#9582,.T.);
#9604 = ORIENTED_EDGE('',*,*,#7335,.F.);
#9605 = ORIENTED_EDGE('',*,*,#8260,.F.);
#9606 = ORIENTED_EDGE('',*,*,#9607,.T.);
#9607 = EDGE_CURVE('',#8253,#9608,#9610,.T.);
#9608 = VERTEX_POINT('',#9609);
#9609 = CARTESIAN_POINT('',(-1.5,0.37,0.2));
#9610 = LINE('',#9611,#9612);
#9611 = CARTESIAN_POINT('',(-1.1,0.37,0.2));
#9612 = VECTOR('',#9613,1.);
#9613 = DIRECTION('',(-1.,-1.110223024625E-16,0.));
#9614 = ORIENTED_EDGE('',*,*,#9615,.F.);
#9615 = EDGE_CURVE('',#9597,#9608,#9616,.T.);
#9616 = LINE('',#9617,#9618);
#9617 = CARTESIAN_POINT('',(-1.5,0.37,0.));
#9618 = VECTOR('',#9619,1.);
#9619 = DIRECTION('',(0.,0.,1.));
#9620 = PLANE('',#9621);
#9621 = AXIS2_PLACEMENT_3D('',#9622,#9623,#9624);
#9622 = CARTESIAN_POINT('',(-1.1,0.37,0.));
#9623 = DIRECTION('',(1.110223024625E-16,-1.,0.));
#9624 = DIRECTION('',(-1.,-1.110223024625E-16,0.));
#9625 = ADVANCED_FACE('',(#9626),#9660,.F.);
#9626 = FACE_BOUND('',#9627,.F.);
#9627 = EDGE_LOOP('',(#9628,#9638,#9646,#9652,#9653,#9654));
#9628 = ORIENTED_EDGE('',*,*,#9629,.F.);
#9629 = EDGE_CURVE('',#9630,#9632,#9634,.T.);
#9630 = VERTEX_POINT('',#9631);
#9631 = CARTESIAN_POINT('',(-1.5,0.63,0.));
#9632 = VERTEX_POINT('',#9633);
#9633 = CARTESIAN_POINT('',(-1.1,0.63,0.));
#9634 = LINE('',#9635,#9636);
#9635 = CARTESIAN_POINT('',(-1.5,0.63,0.));
#9636 = VECTOR('',#9637,1.);
#9637 = DIRECTION('',(1.,1.110223024625E-16,0.));
#9638 = ORIENTED_EDGE('',*,*,#9639,.T.);
#9639 = EDGE_CURVE('',#9630,#9640,#9642,.T.);
#9640 = VERTEX_POINT('',#9641);
#9641 = CARTESIAN_POINT('',(-1.5,0.63,0.2));
#9642 = LINE('',#9643,#9644);
#9643 = CARTESIAN_POINT('',(-1.5,0.63,0.));
#9644 = VECTOR('',#9645,1.);
#9645 = DIRECTION('',(0.,0.,1.));
#9646 = ORIENTED_EDGE('',*,*,#9647,.T.);
#9647 = EDGE_CURVE('',#9640,#8268,#9648,.T.);
#9648 = LINE('',#9649,#9650);
#9649 = CARTESIAN_POINT('',(-1.5,0.63,0.2));
#9650 = VECTOR('',#9651,1.);
#9651 = DIRECTION('',(1.,1.110223024625E-16,0.));
#9652 = ORIENTED_EDGE('',*,*,#8267,.F.);
#9653 = ORIENTED_EDGE('',*,*,#7319,.F.);
#9654 = ORIENTED_EDGE('',*,*,#9655,.F.);
#9655 = EDGE_CURVE('',#9632,#7312,#9656,.T.);
#9656 = LINE('',#9657,#9658);
#9657 = CARTESIAN_POINT('',(-1.1,0.63,0.));
#9658 = VECTOR('',#9659,1.);
#9659 = DIRECTION('',(0.,0.,1.));
#9660 = PLANE('',#9661);
#9661 = AXIS2_PLACEMENT_3D('',#9662,#9663,#9664);
#9662 = CARTESIAN_POINT('',(-1.5,0.63,0.));
#9663 = DIRECTION('',(-1.110223024625E-16,1.,0.));
#9664 = DIRECTION('',(1.,1.110223024625E-16,0.));
#9665 = ADVANCED_FACE('',(#9666),#9684,.F.);
#9666 = FACE_BOUND('',#9667,.F.);
#9667 = EDGE_LOOP('',(#9668,#9676,#9677,#9678));
#9668 = ORIENTED_EDGE('',*,*,#9669,.F.);
#9669 = EDGE_CURVE('',#9632,#9670,#9672,.T.);
#9670 = VERTEX_POINT('',#9671);
#9671 = CARTESIAN_POINT('',(-1.1,0.87,0.));
#9672 = LINE('',#9673,#9674);
#9673 = CARTESIAN_POINT('',(-1.1,0.63,0.));
#9674 = VECTOR('',#9675,1.);
#9675 = DIRECTION('',(-1.110223024625E-16,1.,0.));
#9676 = ORIENTED_EDGE('',*,*,#9655,.T.);
#9677 = ORIENTED_EDGE('',*,*,#7311,.F.);
#9678 = ORIENTED_EDGE('',*,*,#9679,.F.);
#9679 = EDGE_CURVE('',#9670,#7304,#9680,.T.);
#9680 = LINE('',#9681,#9682);
#9681 = CARTESIAN_POINT('',(-1.1,0.87,0.));
#9682 = VECTOR('',#9683,1.);
#9683 = DIRECTION('',(0.,0.,1.));
#9684 = PLANE('',#9685);
#9685 = AXIS2_PLACEMENT_3D('',#9686,#9687,#9688);
#9686 = CARTESIAN_POINT('',(-1.1,0.63,0.));
#9687 = DIRECTION('',(-1.,-1.110223024625E-16,0.));
#9688 = DIRECTION('',(-1.110223024625E-16,1.,0.));
#9689 = ADVANCED_FACE('',(#9690),#9717,.F.);
#9690 = FACE_BOUND('',#9691,.F.);
#9691 = EDGE_LOOP('',(#9692,#9700,#9701,#9702,#9703,#9711));
#9692 = ORIENTED_EDGE('',*,*,#9693,.F.);
#9693 = EDGE_CURVE('',#9670,#9694,#9696,.T.);
#9694 = VERTEX_POINT('',#9695);
#9695 = CARTESIAN_POINT('',(-1.5,0.87,0.));
#9696 = LINE('',#9697,#9698);
#9697 = CARTESIAN_POINT('',(-1.1,0.87,0.));
#9698 = VECTOR('',#9699,1.);
#9699 = DIRECTION('',(-1.,-1.110223024625E-16,0.));
#9700 = ORIENTED_EDGE('',*,*,#9679,.T.);
#9701 = ORIENTED_EDGE('',*,*,#7303,.F.);
#9702 = ORIENTED_EDGE('',*,*,#8283,.F.);
#9703 = ORIENTED_EDGE('',*,*,#9704,.T.);
#9704 = EDGE_CURVE('',#8276,#9705,#9707,.T.);
#9705 = VERTEX_POINT('',#9706);
#9706 = CARTESIAN_POINT('',(-1.5,0.87,0.2));
#9707 = LINE('',#9708,#9709);
#9708 = CARTESIAN_POINT('',(-1.1,0.87,0.2));
#9709 = VECTOR('',#9710,1.);
#9710 = DIRECTION('',(-1.,-1.110223024625E-16,0.));
#9711 = ORIENTED_EDGE('',*,*,#9712,.F.);
#9712 = EDGE_CURVE('',#9694,#9705,#9713,.T.);
#9713 = LINE('',#9714,#9715);
#9714 = CARTESIAN_POINT('',(-1.5,0.87,0.));
#9715 = VECTOR('',#9716,1.);
#9716 = DIRECTION('',(0.,0.,1.));
#9717 = PLANE('',#9718);
#9718 = AXIS2_PLACEMENT_3D('',#9719,#9720,#9721);
#9719 = CARTESIAN_POINT('',(-1.1,0.87,0.));
#9720 = DIRECTION('',(1.110223024625E-16,-1.,0.));
#9721 = DIRECTION('',(-1.,-1.110223024625E-16,0.));
#9722 = ADVANCED_FACE('',(#9723),#9748,.F.);
#9723 = FACE_BOUND('',#9724,.F.);
#9724 = EDGE_LOOP('',(#9725,#9735,#9741,#9742));
#9725 = ORIENTED_EDGE('',*,*,#9726,.F.);
#9726 = EDGE_CURVE('',#9727,#9729,#9731,.T.);
#9727 = VERTEX_POINT('',#9728);
#9728 = CARTESIAN_POINT('',(-0.85,-0.85,0.));
#9729 = VERTEX_POINT('',#9730);
#9730 = CARTESIAN_POINT('',(0.85,-0.85,0.));
#9731 = LINE('',#9732,#9733);
#9732 = CARTESIAN_POINT('',(-0.85,-0.85,0.));
#9733 = VECTOR('',#9734,1.);
#9734 = DIRECTION('',(1.,1.763295392052E-16,0.));
#9735 = ORIENTED_EDGE('',*,*,#9736,.T.);
#9736 = EDGE_CURVE('',#9727,#7755,#9737,.T.);
#9737 = LINE('',#9738,#9739);
#9738 = CARTESIAN_POINT('',(-0.85,-0.85,0.));
#9739 = VECTOR('',#9740,1.);
#9740 = DIRECTION('',(0.,0.,1.));
#9741 = ORIENTED_EDGE('',*,*,#7752,.F.);
#9742 = ORIENTED_EDGE('',*,*,#9743,.F.);
#9743 = EDGE_CURVE('',#9729,#7753,#9744,.T.);
#9744 = LINE('',#9745,#9746);
#9745 = CARTESIAN_POINT('',(0.85,-0.85,0.));
#9746 = VECTOR('',#9747,1.);
#9747 = DIRECTION('',(0.,0.,1.));
#9748 = PLANE('',#9749);
#9749 = AXIS2_PLACEMENT_3D('',#9750,#9751,#9752);
#9750 = CARTESIAN_POINT('',(-0.85,-0.85,0.));
#9751 = DIRECTION('',(-1.763295392052E-16,1.,0.));
#9752 = DIRECTION('',(1.,1.763295392052E-16,0.));
#9753 = ADVANCED_FACE('',(#9754),#9772,.F.);
#9754 = FACE_BOUND('',#9755,.F.);
#9755 = EDGE_LOOP('',(#9756,#9764,#9765,#9766));
#9756 = ORIENTED_EDGE('',*,*,#9757,.F.);
#9757 = EDGE_CURVE('',#9729,#9758,#9760,.T.);
#9758 = VERTEX_POINT('',#9759);
#9759 = CARTESIAN_POINT('',(0.85,0.85,0.));
#9760 = LINE('',#9761,#9762);
#9761 = CARTESIAN_POINT('',(0.85,-0.85,0.));
#9762 = VECTOR('',#9763,1.);
#9763 = DIRECTION('',(-1.110223024625E-16,1.,0.));
#9764 = ORIENTED_EDGE('',*,*,#9743,.T.);
#9765 = ORIENTED_EDGE('',*,*,#7786,.F.);
#9766 = ORIENTED_EDGE('',*,*,#9767,.F.);
#9767 = EDGE_CURVE('',#9758,#7779,#9768,.T.);
#9768 = LINE('',#9769,#9770);
#9769 = CARTESIAN_POINT('',(0.85,0.85,0.));
#9770 = VECTOR('',#9771,1.);
#9771 = DIRECTION('',(0.,0.,1.));
#9772 = PLANE('',#9773);
#9773 = AXIS2_PLACEMENT_3D('',#9774,#9775,#9776);
#9774 = CARTESIAN_POINT('',(0.85,-0.85,0.));
#9775 = DIRECTION('',(-1.,-1.110223024625E-16,0.));
#9776 = DIRECTION('',(-1.110223024625E-16,1.,0.));
#9777 = ADVANCED_FACE('',(#9778),#9796,.F.);
#9778 = FACE_BOUND('',#9779,.F.);
#9779 = EDGE_LOOP('',(#9780,#9788,#9789,#9790));
#9780 = ORIENTED_EDGE('',*,*,#9781,.F.);
#9781 = EDGE_CURVE('',#9758,#9782,#9784,.T.);
#9782 = VERTEX_POINT('',#9783);
#9783 = CARTESIAN_POINT('',(-0.65,0.85,0.));
#9784 = LINE('',#9785,#9786);
#9785 = CARTESIAN_POINT('',(0.85,0.85,0.));
#9786 = VECTOR('',#9787,1.);
#9787 = DIRECTION('',(-1.,-1.110223024625E-16,0.));
#9788 = ORIENTED_EDGE('',*,*,#9767,.T.);
#9789 = ORIENTED_EDGE('',*,*,#7778,.F.);
#9790 = ORIENTED_EDGE('',*,*,#9791,.F.);
#9791 = EDGE_CURVE('',#9782,#7771,#9792,.T.);
#9792 = LINE('',#9793,#9794);
#9793 = CARTESIAN_POINT('',(-0.65,0.85,0.));
#9794 = VECTOR('',#9795,1.);
#9795 = DIRECTION('',(0.,0.,1.));
#9796 = PLANE('',#9797);
#9797 = AXIS2_PLACEMENT_3D('',#9798,#9799,#9800);
#9798 = CARTESIAN_POINT('',(0.85,0.85,0.));
#9799 = DIRECTION('',(1.110223024625E-16,-1.,0.));
#9800 = DIRECTION('',(-1.,-1.110223024625E-16,0.));
#9801 = ADVANCED_FACE('',(#9802),#9820,.F.);
#9802 = FACE_BOUND('',#9803,.F.);
#9803 = EDGE_LOOP('',(#9804,#9812,#9813,#9814));
#9804 = ORIENTED_EDGE('',*,*,#9805,.F.);
#9805 = EDGE_CURVE('',#9782,#9806,#9808,.T.);
#9806 = VERTEX_POINT('',#9807);
#9807 = CARTESIAN_POINT('',(-0.85,0.65,0.));
#9808 = LINE('',#9809,#9810);
#9809 = CARTESIAN_POINT('',(-0.65,0.85,0.));
#9810 = VECTOR('',#9811,1.);
#9811 = DIRECTION('',(-0.707106781187,-0.707106781187,0.));
#9812 = ORIENTED_EDGE('',*,*,#9791,.T.);
#9813 = ORIENTED_EDGE('',*,*,#7770,.F.);
#9814 = ORIENTED_EDGE('',*,*,#9815,.F.);
#9815 = EDGE_CURVE('',#9806,#7763,#9816,.T.);
#9816 = LINE('',#9817,#9818);
#9817 = CARTESIAN_POINT('',(-0.85,0.65,0.));
#9818 = VECTOR('',#9819,1.);
#9819 = DIRECTION('',(0.,0.,1.));
#9820 = PLANE('',#9821);
#9821 = AXIS2_PLACEMENT_3D('',#9822,#9823,#9824);
#9822 = CARTESIAN_POINT('',(-0.65,0.85,0.));
#9823 = DIRECTION('',(0.707106781187,-0.707106781187,0.));
#9824 = DIRECTION('',(-0.707106781187,-0.707106781187,0.));
#9825 = ADVANCED_FACE('',(#9826),#9837,.F.);
#9826 = FACE_BOUND('',#9827,.F.);
#9827 = EDGE_LOOP('',(#9828,#9834,#9835,#9836));
#9828 = ORIENTED_EDGE('',*,*,#9829,.F.);
#9829 = EDGE_CURVE('',#9806,#9727,#9830,.T.);
#9830 = LINE('',#9831,#9832);
#9831 = CARTESIAN_POINT('',(-0.85,0.65,0.));
#9832 = VECTOR('',#9833,1.);
#9833 = DIRECTION('',(1.110223024625E-16,-1.,0.));
#9834 = ORIENTED_EDGE('',*,*,#9815,.T.);
#9835 = ORIENTED_EDGE('',*,*,#7762,.F.);
#9836 = ORIENTED_EDGE('',*,*,#9736,.F.);
#9837 = PLANE('',#9838);
#9838 = AXIS2_PLACEMENT_3D('',#9839,#9840,#9841);
#9839 = CARTESIAN_POINT('',(-0.85,0.65,0.));
#9840 = DIRECTION('',(1.,1.110223024625E-16,0.));
#9841 = DIRECTION('',(1.110223024625E-16,-1.,0.));
#9842 = ADVANCED_FACE('',(#9843),#9854,.F.);
#9843 = FACE_BOUND('',#9844,.F.);
#9844 = EDGE_LOOP('',(#9845,#9846,#9847,#9848));
#9845 = ORIENTED_EDGE('',*,*,#7864,.T.);
#9846 = ORIENTED_EDGE('',*,*,#8865,.T.);
#9847 = ORIENTED_EDGE('',*,*,#7800,.T.);
#9848 = ORIENTED_EDGE('',*,*,#9849,.T.);
#9849 = EDGE_CURVE('',#7803,#7865,#9850,.T.);
#9850 = LINE('',#9851,#9852);
#9851 = CARTESIAN_POINT('',(0.87,1.5,0.));
#9852 = VECTOR('',#9853,1.);
#9853 = DIRECTION('',(-1.,-1.224646799147E-16,0.));
#9854 = PLANE('',#9855);
#9855 = AXIS2_PLACEMENT_3D('',#9856,#9857,#9858);
#9856 = CARTESIAN_POINT('',(0.75,1.3,0.));
#9857 = DIRECTION('',(0.,0.,1.));
#9858 = DIRECTION('',(-1.,-1.224646799147E-16,0.));
#9859 = ADVANCED_FACE('',(#9860),#9866,.F.);
#9860 = FACE_BOUND('',#9861,.F.);
#9861 = EDGE_LOOP('',(#9862,#9863,#9864,#9865));
#9862 = ORIENTED_EDGE('',*,*,#7826,.T.);
#9863 = ORIENTED_EDGE('',*,*,#7840,.T.);
#9864 = ORIENTED_EDGE('',*,*,#7874,.F.);
#9865 = ORIENTED_EDGE('',*,*,#9849,.F.);
#9866 = PLANE('',#9867);
#9867 = AXIS2_PLACEMENT_3D('',#9868,#9869,#9870);
#9868 = CARTESIAN_POINT('',(0.87,1.5,0.));
#9869 = DIRECTION('',(1.224646799147E-16,-1.,0.));
#9870 = DIRECTION('',(-1.,-1.224646799147E-16,0.));
#9871 = ADVANCED_FACE('',(#9872),#9883,.F.);
#9872 = FACE_BOUND('',#9873,.F.);
#9873 = EDGE_LOOP('',(#9874,#9875,#9876,#9877));
#9874 = ORIENTED_EDGE('',*,*,#7961,.T.);
#9875 = ORIENTED_EDGE('',*,*,#8848,.T.);
#9876 = ORIENTED_EDGE('',*,*,#7897,.T.);
#9877 = ORIENTED_EDGE('',*,*,#9878,.T.);
#9878 = EDGE_CURVE('',#7900,#7962,#9879,.T.);
#9879 = LINE('',#9880,#9881);
#9880 = CARTESIAN_POINT('',(0.37,1.5,0.));
#9881 = VECTOR('',#9882,1.);
#9882 = DIRECTION('',(-1.,-1.224646799147E-16,0.));
#9883 = PLANE('',#9884);
#9884 = AXIS2_PLACEMENT_3D('',#9885,#9886,#9887);
#9885 = CARTESIAN_POINT('',(0.25,1.3,0.));
#9886 = DIRECTION('',(0.,0.,1.));
#9887 = DIRECTION('',(-1.,-1.224646799147E-16,0.));
#9888 = ADVANCED_FACE('',(#9889),#9895,.F.);
#9889 = FACE_BOUND('',#9890,.F.);
#9890 = EDGE_LOOP('',(#9891,#9892,#9893,#9894));
#9891 = ORIENTED_EDGE('',*,*,#7923,.T.);
#9892 = ORIENTED_EDGE('',*,*,#7937,.T.);
#9893 = ORIENTED_EDGE('',*,*,#7971,.F.);
#9894 = ORIENTED_EDGE('',*,*,#9878,.F.);
#9895 = PLANE('',#9896);
#9896 = AXIS2_PLACEMENT_3D('',#9897,#9898,#9899);
#9897 = CARTESIAN_POINT('',(0.37,1.5,0.));
#9898 = DIRECTION('',(1.224646799147E-16,-1.,0.));
#9899 = DIRECTION('',(-1.,-1.224646799147E-16,0.));
#9900 = ADVANCED_FACE('',(#9901),#9912,.F.);
#9901 = FACE_BOUND('',#9902,.F.);
#9902 = EDGE_LOOP('',(#9903,#9904,#9905,#9906));
#9903 = ORIENTED_EDGE('',*,*,#8058,.T.);
#9904 = ORIENTED_EDGE('',*,*,#8831,.T.);
#9905 = ORIENTED_EDGE('',*,*,#7994,.T.);
#9906 = ORIENTED_EDGE('',*,*,#9907,.T.);
#9907 = EDGE_CURVE('',#7997,#8059,#9908,.T.);
#9908 = LINE('',#9909,#9910);
#9909 = CARTESIAN_POINT('',(-0.13,1.5,0.));
#9910 = VECTOR('',#9911,1.);
#9911 = DIRECTION('',(-1.,-1.224646799147E-16,0.));
#9912 = PLANE('',#9913);
#9913 = AXIS2_PLACEMENT_3D('',#9914,#9915,#9916);
#9914 = CARTESIAN_POINT('',(-0.25,1.3,0.));
#9915 = DIRECTION('',(0.,0.,1.));
#9916 = DIRECTION('',(-1.,-1.224646799147E-16,0.));
#9917 = ADVANCED_FACE('',(#9918),#9924,.F.);
#9918 = FACE_BOUND('',#9919,.F.);
#9919 = EDGE_LOOP('',(#9920,#9921,#9922,#9923));
#9920 = ORIENTED_EDGE('',*,*,#8020,.T.);
#9921 = ORIENTED_EDGE('',*,*,#8034,.T.);
#9922 = ORIENTED_EDGE('',*,*,#8068,.F.);
#9923 = ORIENTED_EDGE('',*,*,#9907,.F.);
#9924 = PLANE('',#9925);
#9925 = AXIS2_PLACEMENT_3D('',#9926,#9927,#9928);
#9926 = CARTESIAN_POINT('',(-0.13,1.5,0.));
#9927 = DIRECTION('',(1.224646799147E-16,-1.,0.));
#9928 = DIRECTION('',(-1.,-1.224646799147E-16,0.));
#9929 = ADVANCED_FACE('',(#9930),#9941,.F.);
#9930 = FACE_BOUND('',#9931,.F.);
#9931 = EDGE_LOOP('',(#9932,#9933,#9934,#9935));
#9932 = ORIENTED_EDGE('',*,*,#8155,.T.);
#9933 = ORIENTED_EDGE('',*,*,#8814,.T.);
#9934 = ORIENTED_EDGE('',*,*,#8091,.T.);
#9935 = ORIENTED_EDGE('',*,*,#9936,.T.);
#9936 = EDGE_CURVE('',#8094,#8156,#9937,.T.);
#9937 = LINE('',#9938,#9939);
#9938 = CARTESIAN_POINT('',(-0.63,1.5,0.));
#9939 = VECTOR('',#9940,1.);
#9940 = DIRECTION('',(-1.,-1.224646799147E-16,0.));
#9941 = PLANE('',#9942);
#9942 = AXIS2_PLACEMENT_3D('',#9943,#9944,#9945);
#9943 = CARTESIAN_POINT('',(-0.75,1.3,0.));
#9944 = DIRECTION('',(0.,0.,1.));
#9945 = DIRECTION('',(-1.,-1.224646799147E-16,0.));
#9946 = ADVANCED_FACE('',(#9947),#9953,.F.);
#9947 = FACE_BOUND('',#9948,.F.);
#9948 = EDGE_LOOP('',(#9949,#9950,#9951,#9952));
#9949 = ORIENTED_EDGE('',*,*,#8117,.T.);
#9950 = ORIENTED_EDGE('',*,*,#8131,.T.);
#9951 = ORIENTED_EDGE('',*,*,#8165,.F.);
#9952 = ORIENTED_EDGE('',*,*,#9936,.F.);
#9953 = PLANE('',#9954);
#9954 = AXIS2_PLACEMENT_3D('',#9955,#9956,#9957);
#9955 = CARTESIAN_POINT('',(-0.63,1.5,0.));
#9956 = DIRECTION('',(1.224646799147E-16,-1.,0.));
#9957 = DIRECTION('',(-1.,-1.224646799147E-16,0.));
#9958 = ADVANCED_FACE('',(#9959),#9970,.T.);
#9959 = FACE_BOUND('',#9960,.T.);
#9960 = EDGE_LOOP('',(#9961,#9967,#9968,#9969));
#9961 = ORIENTED_EDGE('',*,*,#9962,.T.);
#9962 = EDGE_CURVE('',#9705,#9640,#9963,.T.);
#9963 = LINE('',#9964,#9965);
#9964 = CARTESIAN_POINT('',(-1.5,0.87,0.2));
#9965 = VECTOR('',#9966,1.);
#9966 = DIRECTION('',(1.110223024625E-16,-1.,0.));
#9967 = ORIENTED_EDGE('',*,*,#9647,.T.);
#9968 = ORIENTED_EDGE('',*,*,#8275,.F.);
#9969 = ORIENTED_EDGE('',*,*,#9704,.T.);
#9970 = PLANE('',#9971);
#9971 = AXIS2_PLACEMENT_3D('',#9972,#9973,#9974);
#9972 = CARTESIAN_POINT('',(-1.3,0.75,0.2));
#9973 = DIRECTION('',(0.,0.,1.));
#9974 = DIRECTION('',(1.110223024625E-16,-1.,0.));
#9975 = ADVANCED_FACE('',(#9976),#9987,.T.);
#9976 = FACE_BOUND('',#9977,.T.);
#9977 = EDGE_LOOP('',(#9978,#9984,#9985,#9986));
#9978 = ORIENTED_EDGE('',*,*,#9979,.T.);
#9979 = EDGE_CURVE('',#9608,#9543,#9980,.T.);
#9980 = LINE('',#9981,#9982);
#9981 = CARTESIAN_POINT('',(-1.5,0.37,0.2));
#9982 = VECTOR('',#9983,1.);
#9983 = DIRECTION('',(1.110223024625E-16,-1.,0.));
#9984 = ORIENTED_EDGE('',*,*,#9550,.T.);
#9985 = ORIENTED_EDGE('',*,*,#8252,.F.);
#9986 = ORIENTED_EDGE('',*,*,#9607,.T.);
#9987 = PLANE('',#9988);
#9988 = AXIS2_PLACEMENT_3D('',#9989,#9990,#9991);
#9989 = CARTESIAN_POINT('',(-1.3,0.25,0.2));
#9990 = DIRECTION('',(0.,0.,1.));
#9991 = DIRECTION('',(1.110223024625E-16,-1.,0.));
#9992 = ADVANCED_FACE('',(#9993),#10004,.T.);
#9993 = FACE_BOUND('',#9994,.T.);
#9994 = EDGE_LOOP('',(#9995,#10001,#10002,#10003));
#9995 = ORIENTED_EDGE('',*,*,#9996,.T.);
#9996 = EDGE_CURVE('',#9511,#9446,#9997,.T.);
#9997 = LINE('',#9998,#9999);
#9998 = CARTESIAN_POINT('',(-1.5,-0.13,0.2));
#9999 = VECTOR('',#10000,1.);
#10000 = DIRECTION('',(1.110223024625E-16,-1.,0.));
#10001 = ORIENTED_EDGE('',*,*,#9453,.T.);
#10002 = ORIENTED_EDGE('',*,*,#8229,.F.);
#10003 = ORIENTED_EDGE('',*,*,#9510,.T.);
#10004 = PLANE('',#10005);
#10005 = AXIS2_PLACEMENT_3D('',#10006,#10007,#10008);
#10006 = CARTESIAN_POINT('',(-1.3,-0.25,0.2));
#10007 = DIRECTION('',(0.,0.,1.));
#10008 = DIRECTION('',(1.110223024625E-16,-1.,0.));
#10009 = ADVANCED_FACE('',(#10010),#10021,.T.);
#10010 = FACE_BOUND('',#10011,.T.);
#10011 = EDGE_LOOP('',(#10012,#10018,#10019,#10020));
#10012 = ORIENTED_EDGE('',*,*,#10013,.T.);
#10013 = EDGE_CURVE('',#9414,#9349,#10014,.T.);
#10014 = LINE('',#10015,#10016);
#10015 = CARTESIAN_POINT('',(-1.5,-0.63,0.2));
#10016 = VECTOR('',#10017,1.);
#10017 = DIRECTION('',(1.110223024625E-16,-1.,0.));
#10018 = ORIENTED_EDGE('',*,*,#9356,.T.);
#10019 = ORIENTED_EDGE('',*,*,#8206,.F.);
#10020 = ORIENTED_EDGE('',*,*,#9413,.T.);
#10021 = PLANE('',#10022);
#10022 = AXIS2_PLACEMENT_3D('',#10023,#10024,#10025);
#10023 = CARTESIAN_POINT('',(-1.3,-0.75,0.2));
#10024 = DIRECTION('',(0.,0.,1.));
#10025 = DIRECTION('',(1.110223024625E-16,-1.,0.));
#10026 = ADVANCED_FACE('',(#10027),#10038,.T.);
#10027 = FACE_BOUND('',#10028,.T.);
#10028 = EDGE_LOOP('',(#10029,#10035,#10036,#10037));
#10029 = ORIENTED_EDGE('',*,*,#10030,.T.);
#10030 = EDGE_CURVE('',#9026,#8961,#10031,.T.);
#10031 = LINE('',#10032,#10033);
#10032 = CARTESIAN_POINT('',(0.63,-1.5,0.2));
#10033 = VECTOR('',#10034,1.);
#10034 = DIRECTION('',(1.,1.144237745222E-17,0.));
#10035 = ORIENTED_EDGE('',*,*,#8968,.T.);
#10036 = ORIENTED_EDGE('',*,*,#8377,.T.);
#10037 = ORIENTED_EDGE('',*,*,#9025,.T.);
#10038 = PLANE('',#10039);
#10039 = AXIS2_PLACEMENT_3D('',#10040,#10041,#10042);
#10040 = CARTESIAN_POINT('',(0.75,-1.3,0.2));
#10041 = DIRECTION('',(0.,0.,1.));
#10042 = DIRECTION('',(1.,1.144237745222E-17,-0.));
#10043 = ADVANCED_FACE('',(#10044),#10055,.T.);
#10044 = FACE_BOUND('',#10045,.T.);
#10045 = EDGE_LOOP('',(#10046,#10052,#10053,#10054));
#10046 = ORIENTED_EDGE('',*,*,#10047,.T.);
#10047 = EDGE_CURVE('',#9123,#9058,#10048,.T.);
#10048 = LINE('',#10049,#10050);
#10049 = CARTESIAN_POINT('',(0.13,-1.5,0.2));
#10050 = VECTOR('',#10051,1.);
#10051 = DIRECTION('',(1.,1.144237745222E-17,0.));
#10052 = ORIENTED_EDGE('',*,*,#9065,.T.);
#10053 = ORIENTED_EDGE('',*,*,#8354,.T.);
#10054 = ORIENTED_EDGE('',*,*,#9122,.T.);
#10055 = PLANE('',#10056);
#10056 = AXIS2_PLACEMENT_3D('',#10057,#10058,#10059);
#10057 = CARTESIAN_POINT('',(0.25,-1.3,0.2));
#10058 = DIRECTION('',(0.,0.,1.));
#10059 = DIRECTION('',(1.,1.144237745222E-17,-0.));
#10060 = ADVANCED_FACE('',(#10061),#10072,.T.);
#10061 = FACE_BOUND('',#10062,.T.);
#10062 = EDGE_LOOP('',(#10063,#10069,#10070,#10071));
#10063 = ORIENTED_EDGE('',*,*,#10064,.T.);
#10064 = EDGE_CURVE('',#9220,#9155,#10065,.T.);
#10065 = LINE('',#10066,#10067);
#10066 = CARTESIAN_POINT('',(-0.37,-1.5,0.2));
#10067 = VECTOR('',#10068,1.);
#10068 = DIRECTION('',(1.,1.144237745222E-17,0.));
#10069 = ORIENTED_EDGE('',*,*,#9162,.T.);
#10070 = ORIENTED_EDGE('',*,*,#8331,.T.);
#10071 = ORIENTED_EDGE('',*,*,#9219,.T.);
#10072 = PLANE('',#10073);
#10073 = AXIS2_PLACEMENT_3D('',#10074,#10075,#10076);
#10074 = CARTESIAN_POINT('',(-0.25,-1.3,0.2));
#10075 = DIRECTION('',(0.,0.,1.));
#10076 = DIRECTION('',(1.,1.144237745222E-17,-0.));
#10077 = ADVANCED_FACE('',(#10078),#10089,.T.);
#10078 = FACE_BOUND('',#10079,.T.);
#10079 = EDGE_LOOP('',(#10080,#10086,#10087,#10088));
#10080 = ORIENTED_EDGE('',*,*,#10081,.T.);
#10081 = EDGE_CURVE('',#9317,#9252,#10082,.T.);
#10082 = LINE('',#10083,#10084);
#10083 = CARTESIAN_POINT('',(-0.87,-1.5,0.2));
#10084 = VECTOR('',#10085,1.);
#10085 = DIRECTION('',(1.,1.144237745222E-17,0.));
#10086 = ORIENTED_EDGE('',*,*,#9259,.T.);
#10087 = ORIENTED_EDGE('',*,*,#8308,.T.);
#10088 = ORIENTED_EDGE('',*,*,#9316,.T.);
#10089 = PLANE('',#10090);
#10090 = AXIS2_PLACEMENT_3D('',#10091,#10092,#10093);
#10091 = CARTESIAN_POINT('',(-0.75,-1.3,0.2));
#10092 = DIRECTION('',(0.,0.,1.));
#10093 = DIRECTION('',(1.,1.144237745222E-17,-0.));
#10094 = ADVANCED_FACE('',(#10095),#10098,.F.);
#10095 = FACE_BOUND('',#10096,.T.);
#10096 = EDGE_LOOP('',(#10097));
#10097 = ORIENTED_EDGE('',*,*,#8409,.F.);
#10098 = PLANE('',#10099);
#10099 = AXIS2_PLACEMENT_3D('',#10100,#10101,#10102);
#10100 = CARTESIAN_POINT('',(-1.,1.,0.785));
#10101 = DIRECTION('',(0.,0.,-1.));
#10102 = DIRECTION('',(1.110223024625E-16,-1.,0.));
#10103 = ADVANCED_FACE('',(#10104),#10115,.F.);
#10104 = FACE_BOUND('',#10105,.F.);
#10105 = EDGE_LOOP('',(#10106,#10107,#10108,#10109));
#10106 = ORIENTED_EDGE('',*,*,#8426,.T.);
#10107 = ORIENTED_EDGE('',*,*,#8882,.T.);
#10108 = ORIENTED_EDGE('',*,*,#8490,.T.);
#10109 = ORIENTED_EDGE('',*,*,#10110,.T.);
#10110 = EDGE_CURVE('',#8493,#8427,#10111,.T.);
#10111 = LINE('',#10112,#10113);
#10112 = CARTESIAN_POINT('',(1.5,0.63,0.));
#10113 = VECTOR('',#10114,1.);
#10114 = DIRECTION('',(-2.334869823773E-16,1.,0.));
#10115 = PLANE('',#10116);
#10116 = AXIS2_PLACEMENT_3D('',#10117,#10118,#10119);
#10117 = CARTESIAN_POINT('',(1.3,0.75,0.));
#10118 = DIRECTION('',(0.,0.,1.));
#10119 = DIRECTION('',(-2.334869823773E-16,1.,0.));
#10120 = ADVANCED_FACE('',(#10121),#10127,.F.);
#10121 = FACE_BOUND('',#10122,.F.);
#10122 = EDGE_LOOP('',(#10123,#10124,#10125,#10126));
#10123 = ORIENTED_EDGE('',*,*,#8509,.T.);
#10124 = ORIENTED_EDGE('',*,*,#8466,.T.);
#10125 = ORIENTED_EDGE('',*,*,#8436,.F.);
#10126 = ORIENTED_EDGE('',*,*,#10110,.F.);
#10127 = PLANE('',#10128);
#10128 = AXIS2_PLACEMENT_3D('',#10129,#10130,#10131);
#10129 = CARTESIAN_POINT('',(1.5,0.63,0.));
#10130 = DIRECTION('',(-1.,-2.334869823773E-16,0.));
#10131 = DIRECTION('',(-2.334869823773E-16,1.,0.));
#10132 = ADVANCED_FACE('',(#10133),#10144,.F.);
#10133 = FACE_BOUND('',#10134,.F.);
#10134 = EDGE_LOOP('',(#10135,#10136,#10137,#10138));
#10135 = ORIENTED_EDGE('',*,*,#8523,.T.);
#10136 = ORIENTED_EDGE('',*,*,#8899,.T.);
#10137 = ORIENTED_EDGE('',*,*,#8587,.T.);
#10138 = ORIENTED_EDGE('',*,*,#10139,.T.);
#10139 = EDGE_CURVE('',#8590,#8524,#10140,.T.);
#10140 = LINE('',#10141,#10142);
#10141 = CARTESIAN_POINT('',(1.5,0.13,0.));
#10142 = VECTOR('',#10143,1.);
#10143 = DIRECTION('',(-2.334869823773E-16,1.,0.));
#10144 = PLANE('',#10145);
#10145 = AXIS2_PLACEMENT_3D('',#10146,#10147,#10148);
#10146 = CARTESIAN_POINT('',(1.3,0.25,0.));
#10147 = DIRECTION('',(0.,0.,1.));
#10148 = DIRECTION('',(-2.334869823773E-16,1.,0.));
#10149 = ADVANCED_FACE('',(#10150),#10156,.F.);
#10150 = FACE_BOUND('',#10151,.F.);
#10151 = EDGE_LOOP('',(#10152,#10153,#10154,#10155));
#10152 = ORIENTED_EDGE('',*,*,#8606,.T.);
#10153 = ORIENTED_EDGE('',*,*,#8563,.T.);
#10154 = ORIENTED_EDGE('',*,*,#8533,.F.);
#10155 = ORIENTED_EDGE('',*,*,#10139,.F.);
#10156 = PLANE('',#10157);
#10157 = AXIS2_PLACEMENT_3D('',#10158,#10159,#10160);
#10158 = CARTESIAN_POINT('',(1.5,0.13,0.));
#10159 = DIRECTION('',(-1.,-2.334869823773E-16,0.));
#10160 = DIRECTION('',(-2.334869823773E-16,1.,0.));
#10161 = ADVANCED_FACE('',(#10162),#10173,.F.);
#10162 = FACE_BOUND('',#10163,.F.);
#10163 = EDGE_LOOP('',(#10164,#10165,#10166,#10167));
#10164 = ORIENTED_EDGE('',*,*,#8620,.T.);
#10165 = ORIENTED_EDGE('',*,*,#8916,.T.);
#10166 = ORIENTED_EDGE('',*,*,#8684,.T.);
#10167 = ORIENTED_EDGE('',*,*,#10168,.T.);
#10168 = EDGE_CURVE('',#8687,#8621,#10169,.T.);
#10169 = LINE('',#10170,#10171);
#10170 = CARTESIAN_POINT('',(1.5,-0.37,0.));
#10171 = VECTOR('',#10172,1.);
#10172 = DIRECTION('',(-2.334869823773E-16,1.,0.));
#10173 = PLANE('',#10174);
#10174 = AXIS2_PLACEMENT_3D('',#10175,#10176,#10177);
#10175 = CARTESIAN_POINT('',(1.3,-0.25,0.));
#10176 = DIRECTION('',(0.,0.,1.));
#10177 = DIRECTION('',(-2.334869823773E-16,1.,0.));
#10178 = ADVANCED_FACE('',(#10179),#10185,.F.);
#10179 = FACE_BOUND('',#10180,.F.);
#10180 = EDGE_LOOP('',(#10181,#10182,#10183,#10184));
#10181 = ORIENTED_EDGE('',*,*,#8703,.T.);
#10182 = ORIENTED_EDGE('',*,*,#8660,.T.);
#10183 = ORIENTED_EDGE('',*,*,#8630,.F.);
#10184 = ORIENTED_EDGE('',*,*,#10168,.F.);
#10185 = PLANE('',#10186);
#10186 = AXIS2_PLACEMENT_3D('',#10187,#10188,#10189);
#10187 = CARTESIAN_POINT('',(1.5,-0.37,0.));
#10188 = DIRECTION('',(-1.,-2.334869823773E-16,0.));
#10189 = DIRECTION('',(-2.334869823773E-16,1.,0.));
#10190 = ADVANCED_FACE('',(#10191),#10202,.F.);
#10191 = FACE_BOUND('',#10192,.F.);
#10192 = EDGE_LOOP('',(#10193,#10194,#10195,#10196));
#10193 = ORIENTED_EDGE('',*,*,#8717,.T.);
#10194 = ORIENTED_EDGE('',*,*,#8933,.T.);
#10195 = ORIENTED_EDGE('',*,*,#8781,.T.);
#10196 = ORIENTED_EDGE('',*,*,#10197,.T.);
#10197 = EDGE_CURVE('',#8784,#8718,#10198,.T.);
#10198 = LINE('',#10199,#10200);
#10199 = CARTESIAN_POINT('',(1.5,-0.87,0.));
#10200 = VECTOR('',#10201,1.);
#10201 = DIRECTION('',(-2.334869823773E-16,1.,0.));
#10202 = PLANE('',#10203);
#10203 = AXIS2_PLACEMENT_3D('',#10204,#10205,#10206);
#10204 = CARTESIAN_POINT('',(1.3,-0.75,0.));
#10205 = DIRECTION('',(0.,0.,1.));
#10206 = DIRECTION('',(-2.334869823773E-16,1.,0.));
#10207 = ADVANCED_FACE('',(#10208),#10214,.F.);
#10208 = FACE_BOUND('',#10209,.F.);
#10209 = EDGE_LOOP('',(#10210,#10211,#10212,#10213));
#10210 = ORIENTED_EDGE('',*,*,#8800,.T.);
#10211 = ORIENTED_EDGE('',*,*,#8757,.T.);
#10212 = ORIENTED_EDGE('',*,*,#8727,.F.);
#10213 = ORIENTED_EDGE('',*,*,#10197,.F.);
#10214 = PLANE('',#10215);
#10215 = AXIS2_PLACEMENT_3D('',#10216,#10217,#10218);
#10216 = CARTESIAN_POINT('',(1.5,-0.87,0.));
#10217 = DIRECTION('',(-1.,-2.334869823773E-16,0.));
#10218 = DIRECTION('',(-2.334869823773E-16,1.,0.));
#10219 = ADVANCED_FACE('',(#10220),#10231,.F.);
#10220 = FACE_BOUND('',#10221,.F.);
#10221 = EDGE_LOOP('',(#10222,#10223,#10224,#10225));
#10222 = ORIENTED_EDGE('',*,*,#8950,.T.);
#10223 = ORIENTED_EDGE('',*,*,#8990,.T.);
#10224 = ORIENTED_EDGE('',*,*,#9014,.T.);
#10225 = ORIENTED_EDGE('',*,*,#10226,.T.);
#10226 = EDGE_CURVE('',#9015,#8951,#10227,.T.);
#10227 = LINE('',#10228,#10229);
#10228 = CARTESIAN_POINT('',(0.63,-1.5,0.));
#10229 = VECTOR('',#10230,1.);
#10230 = DIRECTION('',(1.,1.144237745222E-17,0.));
#10231 = PLANE('',#10232);
#10232 = AXIS2_PLACEMENT_3D('',#10233,#10234,#10235);
#10233 = CARTESIAN_POINT('',(0.75,-1.3,0.));
#10234 = DIRECTION('',(0.,0.,1.));
#10235 = DIRECTION('',(1.,1.144237745222E-17,-0.));
#10236 = ADVANCED_FACE('',(#10237),#10243,.F.);
#10237 = FACE_BOUND('',#10238,.F.);
#10238 = EDGE_LOOP('',(#10239,#10240,#10241,#10242));
#10239 = ORIENTED_EDGE('',*,*,#9033,.T.);
#10240 = ORIENTED_EDGE('',*,*,#10030,.T.);
#10241 = ORIENTED_EDGE('',*,*,#8960,.F.);
#10242 = ORIENTED_EDGE('',*,*,#10226,.F.);
#10243 = PLANE('',#10244);
#10244 = AXIS2_PLACEMENT_3D('',#10245,#10246,#10247);
#10245 = CARTESIAN_POINT('',(0.63,-1.5,0.));
#10246 = DIRECTION('',(-1.144237745222E-17,1.,0.));
#10247 = DIRECTION('',(1.,1.144237745222E-17,0.));
#10248 = ADVANCED_FACE('',(#10249),#10260,.F.);
#10249 = FACE_BOUND('',#10250,.F.);
#10250 = EDGE_LOOP('',(#10251,#10252,#10253,#10254));
#10251 = ORIENTED_EDGE('',*,*,#9047,.T.);
#10252 = ORIENTED_EDGE('',*,*,#9087,.T.);
#10253 = ORIENTED_EDGE('',*,*,#9111,.T.);
#10254 = ORIENTED_EDGE('',*,*,#10255,.T.);
#10255 = EDGE_CURVE('',#9112,#9048,#10256,.T.);
#10256 = LINE('',#10257,#10258);
#10257 = CARTESIAN_POINT('',(0.13,-1.5,0.));
#10258 = VECTOR('',#10259,1.);
#10259 = DIRECTION('',(1.,1.144237745222E-17,0.));
#10260 = PLANE('',#10261);
#10261 = AXIS2_PLACEMENT_3D('',#10262,#10263,#10264);
#10262 = CARTESIAN_POINT('',(0.25,-1.3,0.));
#10263 = DIRECTION('',(0.,0.,1.));
#10264 = DIRECTION('',(1.,1.144237745222E-17,-0.));
#10265 = ADVANCED_FACE('',(#10266),#10272,.F.);
#10266 = FACE_BOUND('',#10267,.F.);
#10267 = EDGE_LOOP('',(#10268,#10269,#10270,#10271));
#10268 = ORIENTED_EDGE('',*,*,#9130,.T.);
#10269 = ORIENTED_EDGE('',*,*,#10047,.T.);
#10270 = ORIENTED_EDGE('',*,*,#9057,.F.);
#10271 = ORIENTED_EDGE('',*,*,#10255,.F.);
#10272 = PLANE('',#10273);
#10273 = AXIS2_PLACEMENT_3D('',#10274,#10275,#10276);
#10274 = CARTESIAN_POINT('',(0.13,-1.5,0.));
#10275 = DIRECTION('',(-1.144237745222E-17,1.,0.));
#10276 = DIRECTION('',(1.,1.144237745222E-17,0.));
#10277 = ADVANCED_FACE('',(#10278),#10289,.F.);
#10278 = FACE_BOUND('',#10279,.F.);
#10279 = EDGE_LOOP('',(#10280,#10281,#10282,#10283));
#10280 = ORIENTED_EDGE('',*,*,#9144,.T.);
#10281 = ORIENTED_EDGE('',*,*,#9184,.T.);
#10282 = ORIENTED_EDGE('',*,*,#9208,.T.);
#10283 = ORIENTED_EDGE('',*,*,#10284,.T.);
#10284 = EDGE_CURVE('',#9209,#9145,#10285,.T.);
#10285 = LINE('',#10286,#10287);
#10286 = CARTESIAN_POINT('',(-0.37,-1.5,0.));
#10287 = VECTOR('',#10288,1.);
#10288 = DIRECTION('',(1.,1.144237745222E-17,0.));
#10289 = PLANE('',#10290);
#10290 = AXIS2_PLACEMENT_3D('',#10291,#10292,#10293);
#10291 = CARTESIAN_POINT('',(-0.25,-1.3,0.));
#10292 = DIRECTION('',(0.,0.,1.));
#10293 = DIRECTION('',(1.,1.144237745222E-17,-0.));
#10294 = ADVANCED_FACE('',(#10295),#10301,.F.);
#10295 = FACE_BOUND('',#10296,.F.);
#10296 = EDGE_LOOP('',(#10297,#10298,#10299,#10300));
#10297 = ORIENTED_EDGE('',*,*,#9227,.T.);
#10298 = ORIENTED_EDGE('',*,*,#10064,.T.);
#10299 = ORIENTED_EDGE('',*,*,#9154,.F.);
#10300 = ORIENTED_EDGE('',*,*,#10284,.F.);
#10301 = PLANE('',#10302);
#10302 = AXIS2_PLACEMENT_3D('',#10303,#10304,#10305);
#10303 = CARTESIAN_POINT('',(-0.37,-1.5,0.));
#10304 = DIRECTION('',(-1.144237745222E-17,1.,0.));
#10305 = DIRECTION('',(1.,1.144237745222E-17,0.));
#10306 = ADVANCED_FACE('',(#10307),#10318,.F.);
#10307 = FACE_BOUND('',#10308,.F.);
#10308 = EDGE_LOOP('',(#10309,#10310,#10311,#10312));
#10309 = ORIENTED_EDGE('',*,*,#9241,.T.);
#10310 = ORIENTED_EDGE('',*,*,#9281,.T.);
#10311 = ORIENTED_EDGE('',*,*,#9305,.T.);
#10312 = ORIENTED_EDGE('',*,*,#10313,.T.);
#10313 = EDGE_CURVE('',#9306,#9242,#10314,.T.);
#10314 = LINE('',#10315,#10316);
#10315 = CARTESIAN_POINT('',(-0.87,-1.5,0.));
#10316 = VECTOR('',#10317,1.);
#10317 = DIRECTION('',(1.,1.144237745222E-17,0.));
#10318 = PLANE('',#10319);
#10319 = AXIS2_PLACEMENT_3D('',#10320,#10321,#10322);
#10320 = CARTESIAN_POINT('',(-0.75,-1.3,0.));
#10321 = DIRECTION('',(0.,0.,1.));
#10322 = DIRECTION('',(1.,1.144237745222E-17,-0.));
#10323 = ADVANCED_FACE('',(#10324),#10330,.F.);
#10324 = FACE_BOUND('',#10325,.F.);
#10325 = EDGE_LOOP('',(#10326,#10327,#10328,#10329));
#10326 = ORIENTED_EDGE('',*,*,#9324,.T.);
#10327 = ORIENTED_EDGE('',*,*,#10081,.T.);
#10328 = ORIENTED_EDGE('',*,*,#9251,.F.);
#10329 = ORIENTED_EDGE('',*,*,#10313,.F.);
#10330 = PLANE('',#10331);
#10331 = AXIS2_PLACEMENT_3D('',#10332,#10333,#10334);
#10332 = CARTESIAN_POINT('',(-0.87,-1.5,0.));
#10333 = DIRECTION('',(-1.144237745222E-17,1.,0.));
#10334 = DIRECTION('',(1.,1.144237745222E-17,0.));
#10335 = ADVANCED_FACE('',(#10336),#10347,.F.);
#10336 = FACE_BOUND('',#10337,.F.);
#10337 = EDGE_LOOP('',(#10338,#10339,#10340,#10341));
#10338 = ORIENTED_EDGE('',*,*,#9338,.T.);
#10339 = ORIENTED_EDGE('',*,*,#9378,.T.);
#10340 = ORIENTED_EDGE('',*,*,#9402,.T.);
#10341 = ORIENTED_EDGE('',*,*,#10342,.T.);
#10342 = EDGE_CURVE('',#9403,#9339,#10343,.T.);
#10343 = LINE('',#10344,#10345);
#10344 = CARTESIAN_POINT('',(-1.5,-0.63,0.));
#10345 = VECTOR('',#10346,1.);
#10346 = DIRECTION('',(1.110223024625E-16,-1.,0.));
#10347 = PLANE('',#10348);
#10348 = AXIS2_PLACEMENT_3D('',#10349,#10350,#10351);
#10349 = CARTESIAN_POINT('',(-1.3,-0.75,0.));
#10350 = DIRECTION('',(0.,0.,1.));
#10351 = DIRECTION('',(1.110223024625E-16,-1.,0.));
#10352 = ADVANCED_FACE('',(#10353),#10359,.F.);
#10353 = FACE_BOUND('',#10354,.F.);
#10354 = EDGE_LOOP('',(#10355,#10356,#10357,#10358));
#10355 = ORIENTED_EDGE('',*,*,#9421,.T.);
#10356 = ORIENTED_EDGE('',*,*,#10013,.T.);
#10357 = ORIENTED_EDGE('',*,*,#9348,.F.);
#10358 = ORIENTED_EDGE('',*,*,#10342,.F.);
#10359 = PLANE('',#10360);
#10360 = AXIS2_PLACEMENT_3D('',#10361,#10362,#10363);
#10361 = CARTESIAN_POINT('',(-1.5,-0.63,0.));
#10362 = DIRECTION('',(1.,1.110223024625E-16,0.));
#10363 = DIRECTION('',(1.110223024625E-16,-1.,0.));
#10364 = ADVANCED_FACE('',(#10365),#10376,.F.);
#10365 = FACE_BOUND('',#10366,.F.);
#10366 = EDGE_LOOP('',(#10367,#10368,#10369,#10370));
#10367 = ORIENTED_EDGE('',*,*,#9435,.T.);
#10368 = ORIENTED_EDGE('',*,*,#9475,.T.);
#10369 = ORIENTED_EDGE('',*,*,#9499,.T.);
#10370 = ORIENTED_EDGE('',*,*,#10371,.T.);
#10371 = EDGE_CURVE('',#9500,#9436,#10372,.T.);
#10372 = LINE('',#10373,#10374);
#10373 = CARTESIAN_POINT('',(-1.5,-0.13,0.));
#10374 = VECTOR('',#10375,1.);
#10375 = DIRECTION('',(1.110223024625E-16,-1.,0.));
#10376 = PLANE('',#10377);
#10377 = AXIS2_PLACEMENT_3D('',#10378,#10379,#10380);
#10378 = CARTESIAN_POINT('',(-1.3,-0.25,0.));
#10379 = DIRECTION('',(0.,0.,1.));
#10380 = DIRECTION('',(1.110223024625E-16,-1.,0.));
#10381 = ADVANCED_FACE('',(#10382),#10388,.F.);
#10382 = FACE_BOUND('',#10383,.F.);
#10383 = EDGE_LOOP('',(#10384,#10385,#10386,#10387));
#10384 = ORIENTED_EDGE('',*,*,#9518,.T.);
#10385 = ORIENTED_EDGE('',*,*,#9996,.T.);
#10386 = ORIENTED_EDGE('',*,*,#9445,.F.);
#10387 = ORIENTED_EDGE('',*,*,#10371,.F.);
#10388 = PLANE('',#10389);
#10389 = AXIS2_PLACEMENT_3D('',#10390,#10391,#10392);
#10390 = CARTESIAN_POINT('',(-1.5,-0.13,0.));
#10391 = DIRECTION('',(1.,1.110223024625E-16,0.));
#10392 = DIRECTION('',(1.110223024625E-16,-1.,0.));
#10393 = ADVANCED_FACE('',(#10394),#10405,.F.);
#10394 = FACE_BOUND('',#10395,.F.);
#10395 = EDGE_LOOP('',(#10396,#10397,#10398,#10399));
#10396 = ORIENTED_EDGE('',*,*,#9532,.T.);
#10397 = ORIENTED_EDGE('',*,*,#9572,.T.);
#10398 = ORIENTED_EDGE('',*,*,#9596,.T.);
#10399 = ORIENTED_EDGE('',*,*,#10400,.T.);
#10400 = EDGE_CURVE('',#9597,#9533,#10401,.T.);
#10401 = LINE('',#10402,#10403);
#10402 = CARTESIAN_POINT('',(-1.5,0.37,0.));
#10403 = VECTOR('',#10404,1.);
#10404 = DIRECTION('',(1.110223024625E-16,-1.,0.));
#10405 = PLANE('',#10406);
#10406 = AXIS2_PLACEMENT_3D('',#10407,#10408,#10409);
#10407 = CARTESIAN_POINT('',(-1.3,0.25,0.));
#10408 = DIRECTION('',(0.,0.,1.));
#10409 = DIRECTION('',(1.110223024625E-16,-1.,0.));
#10410 = ADVANCED_FACE('',(#10411),#10417,.F.);
#10411 = FACE_BOUND('',#10412,.F.);
#10412 = EDGE_LOOP('',(#10413,#10414,#10415,#10416));
#10413 = ORIENTED_EDGE('',*,*,#9615,.T.);
#10414 = ORIENTED_EDGE('',*,*,#9979,.T.);
#10415 = ORIENTED_EDGE('',*,*,#9542,.F.);
#10416 = ORIENTED_EDGE('',*,*,#10400,.F.);
#10417 = PLANE('',#10418);
#10418 = AXIS2_PLACEMENT_3D('',#10419,#10420,#10421);
#10419 = CARTESIAN_POINT('',(-1.5,0.37,0.));
#10420 = DIRECTION('',(1.,1.110223024625E-16,0.));
#10421 = DIRECTION('',(1.110223024625E-16,-1.,0.));
#10422 = ADVANCED_FACE('',(#10423),#10434,.F.);
#10423 = FACE_BOUND('',#10424,.F.);
#10424 = EDGE_LOOP('',(#10425,#10426,#10427,#10428));
#10425 = ORIENTED_EDGE('',*,*,#9629,.T.);
#10426 = ORIENTED_EDGE('',*,*,#9669,.T.);
#10427 = ORIENTED_EDGE('',*,*,#9693,.T.);
#10428 = ORIENTED_EDGE('',*,*,#10429,.T.);
#10429 = EDGE_CURVE('',#9694,#9630,#10430,.T.);
#10430 = LINE('',#10431,#10432);
#10431 = CARTESIAN_POINT('',(-1.5,0.87,0.));
#10432 = VECTOR('',#10433,1.);
#10433 = DIRECTION('',(1.110223024625E-16,-1.,0.));
#10434 = PLANE('',#10435);
#10435 = AXIS2_PLACEMENT_3D('',#10436,#10437,#10438);
#10436 = CARTESIAN_POINT('',(-1.3,0.75,0.));
#10437 = DIRECTION('',(0.,0.,1.));
#10438 = DIRECTION('',(1.110223024625E-16,-1.,0.));
#10439 = ADVANCED_FACE('',(#10440),#10446,.F.);
#10440 = FACE_BOUND('',#10441,.F.);
#10441 = EDGE_LOOP('',(#10442,#10443,#10444,#10445));
#10442 = ORIENTED_EDGE('',*,*,#9712,.T.);
#10443 = ORIENTED_EDGE('',*,*,#9962,.T.);
#10444 = ORIENTED_EDGE('',*,*,#9639,.F.);
#10445 = ORIENTED_EDGE('',*,*,#10429,.F.);
#10446 = PLANE('',#10447);
#10447 = AXIS2_PLACEMENT_3D('',#10448,#10449,#10450);
#10448 = CARTESIAN_POINT('',(-1.5,0.87,0.));
#10449 = DIRECTION('',(1.,1.110223024625E-16,0.));
#10450 = DIRECTION('',(1.110223024625E-16,-1.,0.));
#10451 = ADVANCED_FACE('',(#10452),#10459,.F.);
#10452 = FACE_BOUND('',#10453,.F.);
#10453 = EDGE_LOOP('',(#10454,#10455,#10456,#10457,#10458));
#10454 = ORIENTED_EDGE('',*,*,#9829,.T.);
#10455 = ORIENTED_EDGE('',*,*,#9726,.T.);
#10456 = ORIENTED_EDGE('',*,*,#9757,.T.);
#10457 = ORIENTED_EDGE('',*,*,#9781,.T.);
#10458 = ORIENTED_EDGE('',*,*,#9805,.T.);
#10459 = PLANE('',#10460);
#10460 = AXIS2_PLACEMENT_3D('',#10461,#10462,#10463);
#10461 = CARTESIAN_POINT('',(1.614103014017E-02,-1.614103014017E-02,0.)
  );
#10462 = DIRECTION('',(0.,0.,1.));
#10463 = DIRECTION('',(1.110223024625E-16,-1.,0.));
#10464 = ( GEOMETRIC_REPRESENTATION_CONTEXT(3) 
GLOBAL_UNCERTAINTY_ASSIGNED_CONTEXT((#10468)) 
GLOBAL_UNIT_ASSIGNED_CONTEXT((#10465,#10466,#10467)) 
REPRESENTATION_CONTEXT('Context #1',
  '3D Context with UNIT and UNCERTAINTY') );
#10465 = ( LENGTH_UNIT() NAMED_UNIT(*) SI_UNIT(.MILLI.,.METRE.) );
#10466 = ( NAMED_UNIT(*) PLANE_ANGLE_UNIT() SI_UNIT($,.RADIAN.) );
#10467 = ( NAMED_UNIT(*) SI_UNIT($,.STERADIAN.) SOLID_ANGLE_UNIT() );
#10468 = UNCERTAINTY_MEASURE_WITH_UNIT(LENGTH_MEASURE(1.E-07),#10465,
  'distance_accuracy_value','confusion accuracy');
#10469 = CONTEXT_DEPENDENT_SHAPE_REPRESENTATION(#10470,#10472);
#10470 = ( REPRESENTATION_RELATIONSHIP('','',#6925,#10) 
REPRESENTATION_RELATIONSHIP_WITH_TRANSFORMATION(#10471) 
SHAPE_REPRESENTATION_RELATIONSHIP() );
#10471 = ITEM_DEFINED_TRANSFORMATION('','',#11,#43);
#10472 = PRODUCT_DEFINITION_SHAPE('Placement','Placement of an item',
  #10473);
#10473 = NEXT_ASSEMBLY_USAGE_OCCURRENCE('8','U1','',#5,#6920,$);
#10474 = PRODUCT_RELATED_PRODUCT_CATEGORY('part',$,(#6922));
#10475 = SHAPE_DEFINITION_REPRESENTATION(#10476,#10482);
#10476 = PRODUCT_DEFINITION_SHAPE('','',#10477);
#10477 = PRODUCT_DEFINITION('design','',#10478,#10481);
#10478 = PRODUCT_DEFINITION_FORMATION('','',#10479);
#10479 = PRODUCT('C_0805_2012Metric','C_0805_2012Metric','',(#10480));
#10480 = PRODUCT_CONTEXT('',#2,'mechanical');
#10481 = PRODUCT_DEFINITION_CONTEXT('part definition',#2,'design');
#10482 = ADVANCED_BREP_SHAPE_REPRESENTATION('',(#11,#10483),#11337);
#10483 = MANIFOLD_SOLID_BREP('',#10484);
#10484 = CLOSED_SHELL('',(#10485,#10561,#10592,#10617,#10642,#10666,
    #10690,#10715,#10740,#10757,#10843,#10875,#10899,#10924,#10948,
    #10973,#10997,#11022,#11039,#11125,#11156,#11181,#11206,#11230,
    #11254,#11279,#11304,#11321));
#10485 = ADVANCED_FACE('',(#10486),#10556,.F.);
#10486 = FACE_BOUND('',#10487,.F.);
#10487 = EDGE_LOOP('',(#10488,#10498,#10507,#10515,#10524,#10532,#10541,
    #10549));
#10488 = ORIENTED_EDGE('',*,*,#10489,.F.);
#10489 = EDGE_CURVE('',#10490,#10492,#10494,.T.);
#10490 = VERTEX_POINT('',#10491);
#10491 = CARTESIAN_POINT('',(-1.,-0.625,4.E-02));
#10492 = VERTEX_POINT('',#10493);
#10493 = CARTESIAN_POINT('',(-1.,-0.625,1.21));
#10494 = LINE('',#10495,#10496);
#10495 = CARTESIAN_POINT('',(-1.,-0.625,0.));
#10496 = VECTOR('',#10497,1.);
#10497 = DIRECTION('',(0.,0.,1.));
#10498 = ORIENTED_EDGE('',*,*,#10499,.T.);
#10499 = EDGE_CURVE('',#10490,#10500,#10502,.T.);
#10500 = VERTEX_POINT('',#10501);
#10501 = CARTESIAN_POINT('',(-1.,-0.585,0.));
#10502 = CIRCLE('',#10503,4.E-02);
#10503 = AXIS2_PLACEMENT_3D('',#10504,#10505,#10506);
#10504 = CARTESIAN_POINT('',(-1.,-0.585,4.E-02));
#10505 = DIRECTION('',(1.,0.,-0.));
#10506 = DIRECTION('',(0.,0.,1.));
#10507 = ORIENTED_EDGE('',*,*,#10508,.T.);
#10508 = EDGE_CURVE('',#10500,#10509,#10511,.T.);
#10509 = VERTEX_POINT('',#10510);
#10510 = CARTESIAN_POINT('',(-1.,0.585,0.));
#10511 = LINE('',#10512,#10513);
#10512 = CARTESIAN_POINT('',(-1.,-0.625,0.));
#10513 = VECTOR('',#10514,1.);
#10514 = DIRECTION('',(0.,1.,0.));
#10515 = ORIENTED_EDGE('',*,*,#10516,.F.);
#10516 = EDGE_CURVE('',#10517,#10509,#10519,.T.);
#10517 = VERTEX_POINT('',#10518);
#10518 = CARTESIAN_POINT('',(-1.,0.625,4.E-02));
#10519 = CIRCLE('',#10520,4.E-02);
#10520 = AXIS2_PLACEMENT_3D('',#10521,#10522,#10523);
#10521 = CARTESIAN_POINT('',(-1.,0.585,4.E-02));
#10522 = DIRECTION('',(-1.,0.,0.));
#10523 = DIRECTION('',(0.,0.,1.));
#10524 = ORIENTED_EDGE('',*,*,#10525,.T.);
#10525 = EDGE_CURVE('',#10517,#10526,#10528,.T.);
#10526 = VERTEX_POINT('',#10527);
#10527 = CARTESIAN_POINT('',(-1.,0.625,1.21));
#10528 = LINE('',#10529,#10530);
#10529 = CARTESIAN_POINT('',(-1.,0.625,0.));
#10530 = VECTOR('',#10531,1.);
#10531 = DIRECTION('',(0.,0.,1.));
#10532 = ORIENTED_EDGE('',*,*,#10533,.T.);
#10533 = EDGE_CURVE('',#10526,#10534,#10536,.T.);
#10534 = VERTEX_POINT('',#10535);
#10535 = CARTESIAN_POINT('',(-1.,0.585,1.25));
#10536 = CIRCLE('',#10537,4.E-02);
#10537 = AXIS2_PLACEMENT_3D('',#10538,#10539,#10540);
#10538 = CARTESIAN_POINT('',(-1.,0.585,1.21));
#10539 = DIRECTION('',(1.,0.,-0.));
#10540 = DIRECTION('',(0.,0.,1.));
#10541 = ORIENTED_EDGE('',*,*,#10542,.F.);
#10542 = EDGE_CURVE('',#10543,#10534,#10545,.T.);
#10543 = VERTEX_POINT('',#10544);
#10544 = CARTESIAN_POINT('',(-1.,-0.585,1.25));
#10545 = LINE('',#10546,#10547);
#10546 = CARTESIAN_POINT('',(-1.,-0.625,1.25));
#10547 = VECTOR('',#10548,1.);
#10548 = DIRECTION('',(0.,1.,0.));
#10549 = ORIENTED_EDGE('',*,*,#10550,.F.);
#10550 = EDGE_CURVE('',#10492,#10543,#10551,.T.);
#10551 = CIRCLE('',#10552,4.E-02);
#10552 = AXIS2_PLACEMENT_3D('',#10553,#10554,#10555);
#10553 = CARTESIAN_POINT('',(-1.,-0.585,1.21));
#10554 = DIRECTION('',(-1.,0.,0.));
#10555 = DIRECTION('',(0.,0.,1.));
#10556 = PLANE('',#10557);
#10557 = AXIS2_PLACEMENT_3D('',#10558,#10559,#10560);
#10558 = CARTESIAN_POINT('',(-1.,-0.625,0.));
#10559 = DIRECTION('',(1.,0.,0.));
#10560 = DIRECTION('',(0.,0.,1.));
#10561 = ADVANCED_FACE('',(#10562),#10587,.F.);
#10562 = FACE_BOUND('',#10563,.F.);
#10563 = EDGE_LOOP('',(#10564,#10574,#10580,#10581));
#10564 = ORIENTED_EDGE('',*,*,#10565,.F.);
#10565 = EDGE_CURVE('',#10566,#10568,#10570,.T.);
#10566 = VERTEX_POINT('',#10567);
#10567 = CARTESIAN_POINT('',(-0.6,-0.625,4.E-02));
#10568 = VERTEX_POINT('',#10569);
#10569 = CARTESIAN_POINT('',(-0.6,-0.625,1.21));
#10570 = LINE('',#10571,#10572);
#10571 = CARTESIAN_POINT('',(-0.6,-0.625,0.));
#10572 = VECTOR('',#10573,1.);
#10573 = DIRECTION('',(0.,0.,1.));
#10574 = ORIENTED_EDGE('',*,*,#10575,.F.);
#10575 = EDGE_CURVE('',#10490,#10566,#10576,.T.);
#10576 = LINE('',#10577,#10578);
#10577 = CARTESIAN_POINT('',(-1.,-0.625,4.E-02));
#10578 = VECTOR('',#10579,1.);
#10579 = DIRECTION('',(1.,0.,0.));
#10580 = ORIENTED_EDGE('',*,*,#10489,.T.);
#10581 = ORIENTED_EDGE('',*,*,#10582,.T.);
#10582 = EDGE_CURVE('',#10492,#10568,#10583,.T.);
#10583 = LINE('',#10584,#10585);
#10584 = CARTESIAN_POINT('',(-1.,-0.625,1.21));
#10585 = VECTOR('',#10586,1.);
#10586 = DIRECTION('',(1.,0.,0.));
#10587 = PLANE('',#10588);
#10588 = AXIS2_PLACEMENT_3D('',#10589,#10590,#10591);
#10589 = CARTESIAN_POINT('',(-1.,-0.625,0.));
#10590 = DIRECTION('',(0.,1.,0.));
#10591 = DIRECTION('',(0.,-0.,1.));
#10592 = ADVANCED_FACE('',(#10593),#10612,.T.);
#10593 = FACE_BOUND('',#10594,.T.);
#10594 = EDGE_LOOP('',(#10595,#10596,#10604,#10611));
#10595 = ORIENTED_EDGE('',*,*,#10499,.T.);
#10596 = ORIENTED_EDGE('',*,*,#10597,.T.);
#10597 = EDGE_CURVE('',#10500,#10598,#10600,.T.);
#10598 = VERTEX_POINT('',#10599);
#10599 = CARTESIAN_POINT('',(-0.6,-0.585,0.));
#10600 = LINE('',#10601,#10602);
#10601 = CARTESIAN_POINT('',(-1.,-0.585,0.));
#10602 = VECTOR('',#10603,1.);
#10603 = DIRECTION('',(1.,0.,0.));
#10604 = ORIENTED_EDGE('',*,*,#10605,.F.);
#10605 = EDGE_CURVE('',#10566,#10598,#10606,.T.);
#10606 = CIRCLE('',#10607,4.E-02);
#10607 = AXIS2_PLACEMENT_3D('',#10608,#10609,#10610);
#10608 = CARTESIAN_POINT('',(-0.6,-0.585,4.E-02));
#10609 = DIRECTION('',(1.,0.,-0.));
#10610 = DIRECTION('',(0.,0.,1.));
#10611 = ORIENTED_EDGE('',*,*,#10575,.F.);
#10612 = CYLINDRICAL_SURFACE('',#10613,4.E-02);
#10613 = AXIS2_PLACEMENT_3D('',#10614,#10615,#10616);
#10614 = CARTESIAN_POINT('',(-1.,-0.585,4.E-02));
#10615 = DIRECTION('',(1.,0.,0.));
#10616 = DIRECTION('',(0.,-1.,0.));
#10617 = ADVANCED_FACE('',(#10618),#10637,.T.);
#10618 = FACE_BOUND('',#10619,.T.);
#10619 = EDGE_LOOP('',(#10620,#10621,#10630,#10636));
#10620 = ORIENTED_EDGE('',*,*,#10582,.T.);
#10621 = ORIENTED_EDGE('',*,*,#10622,.T.);
#10622 = EDGE_CURVE('',#10568,#10623,#10625,.T.);
#10623 = VERTEX_POINT('',#10624);
#10624 = CARTESIAN_POINT('',(-0.6,-0.585,1.25));
#10625 = CIRCLE('',#10626,4.E-02);
#10626 = AXIS2_PLACEMENT_3D('',#10627,#10628,#10629);
#10627 = CARTESIAN_POINT('',(-0.6,-0.585,1.21));
#10628 = DIRECTION('',(-1.,0.,0.));
#10629 = DIRECTION('',(0.,0.,1.));
#10630 = ORIENTED_EDGE('',*,*,#10631,.F.);
#10631 = EDGE_CURVE('',#10543,#10623,#10632,.T.);
#10632 = LINE('',#10633,#10634);
#10633 = CARTESIAN_POINT('',(-1.,-0.585,1.25));
#10634 = VECTOR('',#10635,1.);
#10635 = DIRECTION('',(1.,0.,0.));
#10636 = ORIENTED_EDGE('',*,*,#10550,.F.);
#10637 = CYLINDRICAL_SURFACE('',#10638,4.E-02);
#10638 = AXIS2_PLACEMENT_3D('',#10639,#10640,#10641);
#10639 = CARTESIAN_POINT('',(-1.,-0.585,1.21));
#10640 = DIRECTION('',(1.,0.,0.));
#10641 = DIRECTION('',(0.,-1.,0.));
#10642 = ADVANCED_FACE('',(#10643),#10661,.F.);
#10643 = FACE_BOUND('',#10644,.F.);
#10644 = EDGE_LOOP('',(#10645,#10646,#10647,#10655));
#10645 = ORIENTED_EDGE('',*,*,#10508,.F.);
#10646 = ORIENTED_EDGE('',*,*,#10597,.T.);
#10647 = ORIENTED_EDGE('',*,*,#10648,.T.);
#10648 = EDGE_CURVE('',#10598,#10649,#10651,.T.);
#10649 = VERTEX_POINT('',#10650);
#10650 = CARTESIAN_POINT('',(-0.6,0.585,0.));
#10651 = LINE('',#10652,#10653);
#10652 = CARTESIAN_POINT('',(-0.6,-0.625,0.));
#10653 = VECTOR('',#10654,1.);
#10654 = DIRECTION('',(0.,1.,0.));
#10655 = ORIENTED_EDGE('',*,*,#10656,.F.);
#10656 = EDGE_CURVE('',#10509,#10649,#10657,.T.);
#10657 = LINE('',#10658,#10659);
#10658 = CARTESIAN_POINT('',(-1.,0.585,0.));
#10659 = VECTOR('',#10660,1.);
#10660 = DIRECTION('',(1.,0.,0.));
#10661 = PLANE('',#10662);
#10662 = AXIS2_PLACEMENT_3D('',#10663,#10664,#10665);
#10663 = CARTESIAN_POINT('',(-1.,-0.625,0.));
#10664 = DIRECTION('',(0.,0.,1.));
#10665 = DIRECTION('',(1.,0.,-0.));
#10666 = ADVANCED_FACE('',(#10667),#10685,.T.);
#10667 = FACE_BOUND('',#10668,.T.);
#10668 = EDGE_LOOP('',(#10669,#10670,#10671,#10679));
#10669 = ORIENTED_EDGE('',*,*,#10542,.F.);
#10670 = ORIENTED_EDGE('',*,*,#10631,.T.);
#10671 = ORIENTED_EDGE('',*,*,#10672,.T.);
#10672 = EDGE_CURVE('',#10623,#10673,#10675,.T.);
#10673 = VERTEX_POINT('',#10674);
#10674 = CARTESIAN_POINT('',(-0.6,0.585,1.25));
#10675 = LINE('',#10676,#10677);
#10676 = CARTESIAN_POINT('',(-0.6,-0.625,1.25));
#10677 = VECTOR('',#10678,1.);
#10678 = DIRECTION('',(0.,1.,0.));
#10679 = ORIENTED_EDGE('',*,*,#10680,.F.);
#10680 = EDGE_CURVE('',#10534,#10673,#10681,.T.);
#10681 = LINE('',#10682,#10683);
#10682 = CARTESIAN_POINT('',(-1.,0.585,1.25));
#10683 = VECTOR('',#10684,1.);
#10684 = DIRECTION('',(1.,0.,0.));
#10685 = PLANE('',#10686);
#10686 = AXIS2_PLACEMENT_3D('',#10687,#10688,#10689);
#10687 = CARTESIAN_POINT('',(-1.,-0.625,1.25));
#10688 = DIRECTION('',(0.,0.,1.));
#10689 = DIRECTION('',(1.,0.,-0.));
#10690 = ADVANCED_FACE('',(#10691),#10710,.T.);
#10691 = FACE_BOUND('',#10692,.T.);
#10692 = EDGE_LOOP('',(#10693,#10701,#10708,#10709));
#10693 = ORIENTED_EDGE('',*,*,#10694,.T.);
#10694 = EDGE_CURVE('',#10517,#10695,#10697,.T.);
#10695 = VERTEX_POINT('',#10696);
#10696 = CARTESIAN_POINT('',(-0.6,0.625,4.E-02));
#10697 = LINE('',#10698,#10699);
#10698 = CARTESIAN_POINT('',(-1.,0.625,4.E-02));
#10699 = VECTOR('',#10700,1.);
#10700 = DIRECTION('',(1.,0.,0.));
#10701 = ORIENTED_EDGE('',*,*,#10702,.T.);
#10702 = EDGE_CURVE('',#10695,#10649,#10703,.T.);
#10703 = CIRCLE('',#10704,4.E-02);
#10704 = AXIS2_PLACEMENT_3D('',#10705,#10706,#10707);
#10705 = CARTESIAN_POINT('',(-0.6,0.585,4.E-02));
#10706 = DIRECTION('',(-1.,0.,0.));
#10707 = DIRECTION('',(0.,0.,1.));
#10708 = ORIENTED_EDGE('',*,*,#10656,.F.);
#10709 = ORIENTED_EDGE('',*,*,#10516,.F.);
#10710 = CYLINDRICAL_SURFACE('',#10711,4.E-02);
#10711 = AXIS2_PLACEMENT_3D('',#10712,#10713,#10714);
#10712 = CARTESIAN_POINT('',(-1.,0.585,4.E-02));
#10713 = DIRECTION('',(1.,0.,0.));
#10714 = DIRECTION('',(-0.,1.,0.));
#10715 = ADVANCED_FACE('',(#10716),#10735,.T.);
#10716 = FACE_BOUND('',#10717,.T.);
#10717 = EDGE_LOOP('',(#10718,#10719,#10720,#10729));
#10718 = ORIENTED_EDGE('',*,*,#10533,.T.);
#10719 = ORIENTED_EDGE('',*,*,#10680,.T.);
#10720 = ORIENTED_EDGE('',*,*,#10721,.F.);
#10721 = EDGE_CURVE('',#10722,#10673,#10724,.T.);
#10722 = VERTEX_POINT('',#10723);
#10723 = CARTESIAN_POINT('',(-0.6,0.625,1.21));
#10724 = CIRCLE('',#10725,4.E-02);
#10725 = AXIS2_PLACEMENT_3D('',#10726,#10727,#10728);
#10726 = CARTESIAN_POINT('',(-0.6,0.585,1.21));
#10727 = DIRECTION('',(1.,0.,-0.));
#10728 = DIRECTION('',(0.,0.,1.));
#10729 = ORIENTED_EDGE('',*,*,#10730,.F.);
#10730 = EDGE_CURVE('',#10526,#10722,#10731,.T.);
#10731 = LINE('',#10732,#10733);
#10732 = CARTESIAN_POINT('',(-1.,0.625,1.21));
#10733 = VECTOR('',#10734,1.);
#10734 = DIRECTION('',(1.,0.,0.));
#10735 = CYLINDRICAL_SURFACE('',#10736,4.E-02);
#10736 = AXIS2_PLACEMENT_3D('',#10737,#10738,#10739);
#10737 = CARTESIAN_POINT('',(-1.,0.585,1.21));
#10738 = DIRECTION('',(1.,0.,0.));
#10739 = DIRECTION('',(-0.,1.,0.));
#10740 = ADVANCED_FACE('',(#10741),#10752,.T.);
#10741 = FACE_BOUND('',#10742,.T.);
#10742 = EDGE_LOOP('',(#10743,#10749,#10750,#10751));
#10743 = ORIENTED_EDGE('',*,*,#10744,.F.);
#10744 = EDGE_CURVE('',#10695,#10722,#10745,.T.);
#10745 = LINE('',#10746,#10747);
#10746 = CARTESIAN_POINT('',(-0.6,0.625,0.));
#10747 = VECTOR('',#10748,1.);
#10748 = DIRECTION('',(0.,0.,1.));
#10749 = ORIENTED_EDGE('',*,*,#10694,.F.);
#10750 = ORIENTED_EDGE('',*,*,#10525,.T.);
#10751 = ORIENTED_EDGE('',*,*,#10730,.T.);
#10752 = PLANE('',#10753);
#10753 = AXIS2_PLACEMENT_3D('',#10754,#10755,#10756);
#10754 = CARTESIAN_POINT('',(-1.,0.625,0.));
#10755 = DIRECTION('',(0.,1.,0.));
#10756 = DIRECTION('',(0.,-0.,1.));
#10757 = ADVANCED_FACE('',(#10758,#10768),#10838,.T.);
#10758 = FACE_BOUND('',#10759,.T.);
#10759 = EDGE_LOOP('',(#10760,#10761,#10762,#10763,#10764,#10765,#10766,
    #10767));
#10760 = ORIENTED_EDGE('',*,*,#10565,.F.);
#10761 = ORIENTED_EDGE('',*,*,#10605,.T.);
#10762 = ORIENTED_EDGE('',*,*,#10648,.T.);
#10763 = ORIENTED_EDGE('',*,*,#10702,.F.);
#10764 = ORIENTED_EDGE('',*,*,#10744,.T.);
#10765 = ORIENTED_EDGE('',*,*,#10721,.T.);
#10766 = ORIENTED_EDGE('',*,*,#10672,.F.);
#10767 = ORIENTED_EDGE('',*,*,#10622,.F.);
#10768 = FACE_BOUND('',#10769,.T.);
#10769 = EDGE_LOOP('',(#10770,#10781,#10789,#10798,#10806,#10815,#10823,
    #10832));
#10770 = ORIENTED_EDGE('',*,*,#10771,.F.);
#10771 = EDGE_CURVE('',#10772,#10774,#10776,.T.);
#10772 = VERTEX_POINT('',#10773);
#10773 = CARTESIAN_POINT('',(-0.6,-0.585,8.E-02));
#10774 = VERTEX_POINT('',#10775);
#10775 = CARTESIAN_POINT('',(-0.6,-0.545,4.E-02));
#10776 = CIRCLE('',#10777,4.E-02);
#10777 = AXIS2_PLACEMENT_3D('',#10778,#10779,#10780);
#10778 = CARTESIAN_POINT('',(-0.6,-0.545,8.E-02));
#10779 = DIRECTION('',(1.,0.,-0.));
#10780 = DIRECTION('',(0.,0.,1.));
#10781 = ORIENTED_EDGE('',*,*,#10782,.T.);
#10782 = EDGE_CURVE('',#10772,#10783,#10785,.T.);
#10783 = VERTEX_POINT('',#10784);
#10784 = CARTESIAN_POINT('',(-0.6,-0.585,1.17));
#10785 = LINE('',#10786,#10787);
#10786 = CARTESIAN_POINT('',(-0.6,-0.585,4.E-02));
#10787 = VECTOR('',#10788,1.);
#10788 = DIRECTION('',(0.,0.,1.));
#10789 = ORIENTED_EDGE('',*,*,#10790,.T.);
#10790 = EDGE_CURVE('',#10783,#10791,#10793,.T.);
#10791 = VERTEX_POINT('',#10792);
#10792 = CARTESIAN_POINT('',(-0.6,-0.545,1.21));
#10793 = CIRCLE('',#10794,4.E-02);
#10794 = AXIS2_PLACEMENT_3D('',#10795,#10796,#10797);
#10795 = CARTESIAN_POINT('',(-0.6,-0.545,1.17));
#10796 = DIRECTION('',(-1.,0.,0.));
#10797 = DIRECTION('',(0.,0.,1.));
#10798 = ORIENTED_EDGE('',*,*,#10799,.T.);
#10799 = EDGE_CURVE('',#10791,#10800,#10802,.T.);
#10800 = VERTEX_POINT('',#10801);
#10801 = CARTESIAN_POINT('',(-0.6,0.545,1.21));
#10802 = LINE('',#10803,#10804);
#10803 = CARTESIAN_POINT('',(-0.6,-0.585,1.21));
#10804 = VECTOR('',#10805,1.);
#10805 = DIRECTION('',(0.,1.,0.));
#10806 = ORIENTED_EDGE('',*,*,#10807,.F.);
#10807 = EDGE_CURVE('',#10808,#10800,#10810,.T.);
#10808 = VERTEX_POINT('',#10809);
#10809 = CARTESIAN_POINT('',(-0.6,0.585,1.17));
#10810 = CIRCLE('',#10811,4.E-02);
#10811 = AXIS2_PLACEMENT_3D('',#10812,#10813,#10814);
#10812 = CARTESIAN_POINT('',(-0.6,0.545,1.17));
#10813 = DIRECTION('',(1.,0.,-0.));
#10814 = DIRECTION('',(0.,0.,1.));
#10815 = ORIENTED_EDGE('',*,*,#10816,.F.);
#10816 = EDGE_CURVE('',#10817,#10808,#10819,.T.);
#10817 = VERTEX_POINT('',#10818);
#10818 = CARTESIAN_POINT('',(-0.6,0.585,8.E-02));
#10819 = LINE('',#10820,#10821);
#10820 = CARTESIAN_POINT('',(-0.6,0.585,4.E-02));
#10821 = VECTOR('',#10822,1.);
#10822 = DIRECTION('',(0.,0.,1.));
#10823 = ORIENTED_EDGE('',*,*,#10824,.T.);
#10824 = EDGE_CURVE('',#10817,#10825,#10827,.T.);
#10825 = VERTEX_POINT('',#10826);
#10826 = CARTESIAN_POINT('',(-0.6,0.545,4.E-02));
#10827 = CIRCLE('',#10828,4.E-02);
#10828 = AXIS2_PLACEMENT_3D('',#10829,#10830,#10831);
#10829 = CARTESIAN_POINT('',(-0.6,0.545,8.E-02));
#10830 = DIRECTION('',(-1.,0.,0.));
#10831 = DIRECTION('',(0.,0.,1.));
#10832 = ORIENTED_EDGE('',*,*,#10833,.F.);
#10833 = EDGE_CURVE('',#10774,#10825,#10834,.T.);
#10834 = LINE('',#10835,#10836);
#10835 = CARTESIAN_POINT('',(-0.6,-0.585,4.E-02));
#10836 = VECTOR('',#10837,1.);
#10837 = DIRECTION('',(0.,1.,0.));
#10838 = PLANE('',#10839);
#10839 = AXIS2_PLACEMENT_3D('',#10840,#10841,#10842);
#10840 = CARTESIAN_POINT('',(-0.6,-0.625,0.));
#10841 = DIRECTION('',(1.,0.,0.));
#10842 = DIRECTION('',(0.,0.,1.));
#10843 = ADVANCED_FACE('',(#10844),#10870,.T.);
#10844 = FACE_BOUND('',#10845,.T.);
#10845 = EDGE_LOOP('',(#10846,#10847,#10855,#10864));
#10846 = ORIENTED_EDGE('',*,*,#10771,.T.);
#10847 = ORIENTED_EDGE('',*,*,#10848,.T.);
#10848 = EDGE_CURVE('',#10774,#10849,#10851,.T.);
#10849 = VERTEX_POINT('',#10850);
#10850 = CARTESIAN_POINT('',(0.6,-0.545,4.E-02));
#10851 = LINE('',#10852,#10853);
#10852 = CARTESIAN_POINT('',(-0.6,-0.545,4.E-02));
#10853 = VECTOR('',#10854,1.);
#10854 = DIRECTION('',(1.,0.,0.));
#10855 = ORIENTED_EDGE('',*,*,#10856,.F.);
#10856 = EDGE_CURVE('',#10857,#10849,#10859,.T.);
#10857 = VERTEX_POINT('',#10858);
#10858 = CARTESIAN_POINT('',(0.6,-0.585,8.E-02));
#10859 = CIRCLE('',#10860,4.E-02);
#10860 = AXIS2_PLACEMENT_3D('',#10861,#10862,#10863);
#10861 = CARTESIAN_POINT('',(0.6,-0.545,8.E-02));
#10862 = DIRECTION('',(1.,0.,-0.));
#10863 = DIRECTION('',(0.,0.,1.));
#10864 = ORIENTED_EDGE('',*,*,#10865,.F.);
#10865 = EDGE_CURVE('',#10772,#10857,#10866,.T.);
#10866 = LINE('',#10867,#10868);
#10867 = CARTESIAN_POINT('',(-0.6,-0.585,8.E-02));
#10868 = VECTOR('',#10869,1.);
#10869 = DIRECTION('',(1.,0.,0.));
#10870 = CYLINDRICAL_SURFACE('',#10871,4.E-02);
#10871 = AXIS2_PLACEMENT_3D('',#10872,#10873,#10874);
#10872 = CARTESIAN_POINT('',(-0.6,-0.545,8.E-02));
#10873 = DIRECTION('',(1.,0.,0.));
#10874 = DIRECTION('',(0.,-1.,0.));
#10875 = ADVANCED_FACE('',(#10876),#10894,.F.);
#10876 = FACE_BOUND('',#10877,.F.);
#10877 = EDGE_LOOP('',(#10878,#10879,#10880,#10888));
#10878 = ORIENTED_EDGE('',*,*,#10833,.F.);
#10879 = ORIENTED_EDGE('',*,*,#10848,.T.);
#10880 = ORIENTED_EDGE('',*,*,#10881,.T.);
#10881 = EDGE_CURVE('',#10849,#10882,#10884,.T.);
#10882 = VERTEX_POINT('',#10883);
#10883 = CARTESIAN_POINT('',(0.6,0.545,4.E-02));
#10884 = LINE('',#10885,#10886);
#10885 = CARTESIAN_POINT('',(0.6,-0.585,4.E-02));
#10886 = VECTOR('',#10887,1.);
#10887 = DIRECTION('',(0.,1.,0.));
#10888 = ORIENTED_EDGE('',*,*,#10889,.F.);
#10889 = EDGE_CURVE('',#10825,#10882,#10890,.T.);
#10890 = LINE('',#10891,#10892);
#10891 = CARTESIAN_POINT('',(-0.6,0.545,4.E-02));
#10892 = VECTOR('',#10893,1.);
#10893 = DIRECTION('',(1.,0.,0.));
#10894 = PLANE('',#10895);
#10895 = AXIS2_PLACEMENT_3D('',#10896,#10897,#10898);
#10896 = CARTESIAN_POINT('',(-0.6,-0.585,4.E-02));
#10897 = DIRECTION('',(0.,0.,1.));
#10898 = DIRECTION('',(1.,0.,-0.));
#10899 = ADVANCED_FACE('',(#10900),#10919,.T.);
#10900 = FACE_BOUND('',#10901,.T.);
#10901 = EDGE_LOOP('',(#10902,#10910,#10917,#10918));
#10902 = ORIENTED_EDGE('',*,*,#10903,.T.);
#10903 = EDGE_CURVE('',#10817,#10904,#10906,.T.);
#10904 = VERTEX_POINT('',#10905);
#10905 = CARTESIAN_POINT('',(0.6,0.585,8.E-02));
#10906 = LINE('',#10907,#10908);
#10907 = CARTESIAN_POINT('',(-0.6,0.585,8.E-02));
#10908 = VECTOR('',#10909,1.);
#10909 = DIRECTION('',(1.,0.,0.));
#10910 = ORIENTED_EDGE('',*,*,#10911,.T.);
#10911 = EDGE_CURVE('',#10904,#10882,#10912,.T.);
#10912 = CIRCLE('',#10913,4.E-02);
#10913 = AXIS2_PLACEMENT_3D('',#10914,#10915,#10916);
#10914 = CARTESIAN_POINT('',(0.6,0.545,8.E-02));
#10915 = DIRECTION('',(-1.,0.,0.));
#10916 = DIRECTION('',(0.,0.,1.));
#10917 = ORIENTED_EDGE('',*,*,#10889,.F.);
#10918 = ORIENTED_EDGE('',*,*,#10824,.F.);
#10919 = CYLINDRICAL_SURFACE('',#10920,4.E-02);
#10920 = AXIS2_PLACEMENT_3D('',#10921,#10922,#10923);
#10921 = CARTESIAN_POINT('',(-0.6,0.545,8.E-02));
#10922 = DIRECTION('',(1.,0.,0.));
#10923 = DIRECTION('',(-0.,1.,0.));
#10924 = ADVANCED_FACE('',(#10925),#10943,.T.);
#10925 = FACE_BOUND('',#10926,.T.);
#10926 = EDGE_LOOP('',(#10927,#10935,#10936,#10937));
#10927 = ORIENTED_EDGE('',*,*,#10928,.F.);
#10928 = EDGE_CURVE('',#10904,#10929,#10931,.T.);
#10929 = VERTEX_POINT('',#10930);
#10930 = CARTESIAN_POINT('',(0.6,0.585,1.17));
#10931 = LINE('',#10932,#10933);
#10932 = CARTESIAN_POINT('',(0.6,0.585,4.E-02));
#10933 = VECTOR('',#10934,1.);
#10934 = DIRECTION('',(0.,0.,1.));
#10935 = ORIENTED_EDGE('',*,*,#10903,.F.);
#10936 = ORIENTED_EDGE('',*,*,#10816,.T.);
#10937 = ORIENTED_EDGE('',*,*,#10938,.T.);
#10938 = EDGE_CURVE('',#10808,#10929,#10939,.T.);
#10939 = LINE('',#10940,#10941);
#10940 = CARTESIAN_POINT('',(-0.6,0.585,1.17));
#10941 = VECTOR('',#10942,1.);
#10942 = DIRECTION('',(1.,0.,0.));
#10943 = PLANE('',#10944);
#10944 = AXIS2_PLACEMENT_3D('',#10945,#10946,#10947);
#10945 = CARTESIAN_POINT('',(-0.6,0.585,4.E-02));
#10946 = DIRECTION('',(0.,1.,0.));
#10947 = DIRECTION('',(0.,-0.,1.));
#10948 = ADVANCED_FACE('',(#10949),#10968,.T.);
#10949 = FACE_BOUND('',#10950,.T.);
#10950 = EDGE_LOOP('',(#10951,#10952,#10960,#10967));
#10951 = ORIENTED_EDGE('',*,*,#10807,.T.);
#10952 = ORIENTED_EDGE('',*,*,#10953,.T.);
#10953 = EDGE_CURVE('',#10800,#10954,#10956,.T.);
#10954 = VERTEX_POINT('',#10955);
#10955 = CARTESIAN_POINT('',(0.6,0.545,1.21));
#10956 = LINE('',#10957,#10958);
#10957 = CARTESIAN_POINT('',(-0.6,0.545,1.21));
#10958 = VECTOR('',#10959,1.);
#10959 = DIRECTION('',(1.,0.,0.));
#10960 = ORIENTED_EDGE('',*,*,#10961,.F.);
#10961 = EDGE_CURVE('',#10929,#10954,#10962,.T.);
#10962 = CIRCLE('',#10963,4.E-02);
#10963 = AXIS2_PLACEMENT_3D('',#10964,#10965,#10966);
#10964 = CARTESIAN_POINT('',(0.6,0.545,1.17));
#10965 = DIRECTION('',(1.,0.,-0.));
#10966 = DIRECTION('',(0.,0.,1.));
#10967 = ORIENTED_EDGE('',*,*,#10938,.F.);
#10968 = CYLINDRICAL_SURFACE('',#10969,4.E-02);
#10969 = AXIS2_PLACEMENT_3D('',#10970,#10971,#10972);
#10970 = CARTESIAN_POINT('',(-0.6,0.545,1.17));
#10971 = DIRECTION('',(1.,0.,0.));
#10972 = DIRECTION('',(-0.,1.,0.));
#10973 = ADVANCED_FACE('',(#10974),#10992,.T.);
#10974 = FACE_BOUND('',#10975,.T.);
#10975 = EDGE_LOOP('',(#10976,#10977,#10985,#10991));
#10976 = ORIENTED_EDGE('',*,*,#10799,.F.);
#10977 = ORIENTED_EDGE('',*,*,#10978,.T.);
#10978 = EDGE_CURVE('',#10791,#10979,#10981,.T.);
#10979 = VERTEX_POINT('',#10980);
#10980 = CARTESIAN_POINT('',(0.6,-0.545,1.21));
#10981 = LINE('',#10982,#10983);
#10982 = CARTESIAN_POINT('',(-0.6,-0.545,1.21));
#10983 = VECTOR('',#10984,1.);
#10984 = DIRECTION('',(1.,0.,0.));
#10985 = ORIENTED_EDGE('',*,*,#10986,.T.);
#10986 = EDGE_CURVE('',#10979,#10954,#10987,.T.);
#10987 = LINE('',#10988,#10989);
#10988 = CARTESIAN_POINT('',(0.6,-0.585,1.21));
#10989 = VECTOR('',#10990,1.);
#10990 = DIRECTION('',(0.,1.,0.));
#10991 = ORIENTED_EDGE('',*,*,#10953,.F.);
#10992 = PLANE('',#10993);
#10993 = AXIS2_PLACEMENT_3D('',#10994,#10995,#10996);
#10994 = CARTESIAN_POINT('',(-0.6,-0.585,1.21));
#10995 = DIRECTION('',(0.,0.,1.));
#10996 = DIRECTION('',(1.,0.,-0.));
#10997 = ADVANCED_FACE('',(#10998),#11017,.T.);
#10998 = FACE_BOUND('',#10999,.T.);
#10999 = EDGE_LOOP('',(#11000,#11008,#11015,#11016));
#11000 = ORIENTED_EDGE('',*,*,#11001,.T.);
#11001 = EDGE_CURVE('',#10783,#11002,#11004,.T.);
#11002 = VERTEX_POINT('',#11003);
#11003 = CARTESIAN_POINT('',(0.6,-0.585,1.17));
#11004 = LINE('',#11005,#11006);
#11005 = CARTESIAN_POINT('',(-0.6,-0.585,1.17));
#11006 = VECTOR('',#11007,1.);
#11007 = DIRECTION('',(1.,0.,0.));
#11008 = ORIENTED_EDGE('',*,*,#11009,.T.);
#11009 = EDGE_CURVE('',#11002,#10979,#11010,.T.);
#11010 = CIRCLE('',#11011,4.E-02);
#11011 = AXIS2_PLACEMENT_3D('',#11012,#11013,#11014);
#11012 = CARTESIAN_POINT('',(0.6,-0.545,1.17));
#11013 = DIRECTION('',(-1.,0.,0.));
#11014 = DIRECTION('',(0.,0.,1.));
#11015 = ORIENTED_EDGE('',*,*,#10978,.F.);
#11016 = ORIENTED_EDGE('',*,*,#10790,.F.);
#11017 = CYLINDRICAL_SURFACE('',#11018,4.E-02);
#11018 = AXIS2_PLACEMENT_3D('',#11019,#11020,#11021);
#11019 = CARTESIAN_POINT('',(-0.6,-0.545,1.17));
#11020 = DIRECTION('',(1.,0.,0.));
#11021 = DIRECTION('',(0.,-1.,0.));
#11022 = ADVANCED_FACE('',(#11023),#11034,.F.);
#11023 = FACE_BOUND('',#11024,.F.);
#11024 = EDGE_LOOP('',(#11025,#11031,#11032,#11033));
#11025 = ORIENTED_EDGE('',*,*,#11026,.F.);
#11026 = EDGE_CURVE('',#10857,#11002,#11027,.T.);
#11027 = LINE('',#11028,#11029);
#11028 = CARTESIAN_POINT('',(0.6,-0.585,4.E-02));
#11029 = VECTOR('',#11030,1.);
#11030 = DIRECTION('',(0.,0.,1.));
#11031 = ORIENTED_EDGE('',*,*,#10865,.F.);
#11032 = ORIENTED_EDGE('',*,*,#10782,.T.);
#11033 = ORIENTED_EDGE('',*,*,#11001,.T.);
#11034 = PLANE('',#11035);
#11035 = AXIS2_PLACEMENT_3D('',#11036,#11037,#11038);
#11036 = CARTESIAN_POINT('',(-0.6,-0.585,4.E-02));
#11037 = DIRECTION('',(0.,1.,0.));
#11038 = DIRECTION('',(0.,-0.,1.));
#11039 = ADVANCED_FACE('',(#11040,#11110),#11120,.F.);
#11040 = FACE_BOUND('',#11041,.F.);
#11041 = EDGE_LOOP('',(#11042,#11052,#11061,#11069,#11078,#11086,#11095,
    #11103));
#11042 = ORIENTED_EDGE('',*,*,#11043,.F.);
#11043 = EDGE_CURVE('',#11044,#11046,#11048,.T.);
#11044 = VERTEX_POINT('',#11045);
#11045 = CARTESIAN_POINT('',(0.6,-0.625,4.E-02));
#11046 = VERTEX_POINT('',#11047);
#11047 = CARTESIAN_POINT('',(0.6,-0.625,1.21));
#11048 = LINE('',#11049,#11050);
#11049 = CARTESIAN_POINT('',(0.6,-0.625,0.));
#11050 = VECTOR('',#11051,1.);
#11051 = DIRECTION('',(0.,0.,1.));
#11052 = ORIENTED_EDGE('',*,*,#11053,.T.);
#11053 = EDGE_CURVE('',#11044,#11054,#11056,.T.);
#11054 = VERTEX_POINT('',#11055);
#11055 = CARTESIAN_POINT('',(0.6,-0.585,0.));
#11056 = CIRCLE('',#11057,4.E-02);
#11057 = AXIS2_PLACEMENT_3D('',#11058,#11059,#11060);
#11058 = CARTESIAN_POINT('',(0.6,-0.585,4.E-02));
#11059 = DIRECTION('',(1.,0.,-0.));
#11060 = DIRECTION('',(0.,0.,1.));
#11061 = ORIENTED_EDGE('',*,*,#11062,.T.);
#11062 = EDGE_CURVE('',#11054,#11063,#11065,.T.);
#11063 = VERTEX_POINT('',#11064);
#11064 = CARTESIAN_POINT('',(0.6,0.585,0.));
#11065 = LINE('',#11066,#11067);
#11066 = CARTESIAN_POINT('',(0.6,-0.625,0.));
#11067 = VECTOR('',#11068,1.);
#11068 = DIRECTION('',(0.,1.,0.));
#11069 = ORIENTED_EDGE('',*,*,#11070,.F.);
#11070 = EDGE_CURVE('',#11071,#11063,#11073,.T.);
#11071 = VERTEX_POINT('',#11072);
#11072 = CARTESIAN_POINT('',(0.6,0.625,4.E-02));
#11073 = CIRCLE('',#11074,4.E-02);
#11074 = AXIS2_PLACEMENT_3D('',#11075,#11076,#11077);
#11075 = CARTESIAN_POINT('',(0.6,0.585,4.E-02));
#11076 = DIRECTION('',(-1.,0.,0.));
#11077 = DIRECTION('',(0.,0.,1.));
#11078 = ORIENTED_EDGE('',*,*,#11079,.T.);
#11079 = EDGE_CURVE('',#11071,#11080,#11082,.T.);
#11080 = VERTEX_POINT('',#11081);
#11081 = CARTESIAN_POINT('',(0.6,0.625,1.21));
#11082 = LINE('',#11083,#11084);
#11083 = CARTESIAN_POINT('',(0.6,0.625,0.));
#11084 = VECTOR('',#11085,1.);
#11085 = DIRECTION('',(0.,0.,1.));
#11086 = ORIENTED_EDGE('',*,*,#11087,.T.);
#11087 = EDGE_CURVE('',#11080,#11088,#11090,.T.);
#11088 = VERTEX_POINT('',#11089);
#11089 = CARTESIAN_POINT('',(0.6,0.585,1.25));
#11090 = CIRCLE('',#11091,4.E-02);
#11091 = AXIS2_PLACEMENT_3D('',#11092,#11093,#11094);
#11092 = CARTESIAN_POINT('',(0.6,0.585,1.21));
#11093 = DIRECTION('',(1.,0.,-0.));
#11094 = DIRECTION('',(0.,0.,1.));
#11095 = ORIENTED_EDGE('',*,*,#11096,.F.);
#11096 = EDGE_CURVE('',#11097,#11088,#11099,.T.);
#11097 = VERTEX_POINT('',#11098);
#11098 = CARTESIAN_POINT('',(0.6,-0.585,1.25));
#11099 = LINE('',#11100,#11101);
#11100 = CARTESIAN_POINT('',(0.6,-0.625,1.25));
#11101 = VECTOR('',#11102,1.);
#11102 = DIRECTION('',(0.,1.,0.));
#11103 = ORIENTED_EDGE('',*,*,#11104,.F.);
#11104 = EDGE_CURVE('',#11046,#11097,#11105,.T.);
#11105 = CIRCLE('',#11106,4.E-02);
#11106 = AXIS2_PLACEMENT_3D('',#11107,#11108,#11109);
#11107 = CARTESIAN_POINT('',(0.6,-0.585,1.21));
#11108 = DIRECTION('',(-1.,0.,0.));
#11109 = DIRECTION('',(0.,0.,1.));
#11110 = FACE_BOUND('',#11111,.F.);
#11111 = EDGE_LOOP('',(#11112,#11113,#11114,#11115,#11116,#11117,#11118,
    #11119));
#11112 = ORIENTED_EDGE('',*,*,#10856,.F.);
#11113 = ORIENTED_EDGE('',*,*,#11026,.T.);
#11114 = ORIENTED_EDGE('',*,*,#11009,.T.);
#11115 = ORIENTED_EDGE('',*,*,#10986,.T.);
#11116 = ORIENTED_EDGE('',*,*,#10961,.F.);
#11117 = ORIENTED_EDGE('',*,*,#10928,.F.);
#11118 = ORIENTED_EDGE('',*,*,#10911,.T.);
#11119 = ORIENTED_EDGE('',*,*,#10881,.F.);
#11120 = PLANE('',#11121);
#11121 = AXIS2_PLACEMENT_3D('',#11122,#11123,#11124);
#11122 = CARTESIAN_POINT('',(0.6,-0.625,0.));
#11123 = DIRECTION('',(1.,0.,0.));
#11124 = DIRECTION('',(0.,0.,1.));
#11125 = ADVANCED_FACE('',(#11126),#11151,.F.);
#11126 = FACE_BOUND('',#11127,.F.);
#11127 = EDGE_LOOP('',(#11128,#11138,#11144,#11145));
#11128 = ORIENTED_EDGE('',*,*,#11129,.F.);
#11129 = EDGE_CURVE('',#11130,#11132,#11134,.T.);
#11130 = VERTEX_POINT('',#11131);
#11131 = CARTESIAN_POINT('',(1.,-0.625,4.E-02));
#11132 = VERTEX_POINT('',#11133);
#11133 = CARTESIAN_POINT('',(1.,-0.625,1.21));
#11134 = LINE('',#11135,#11136);
#11135 = CARTESIAN_POINT('',(1.,-0.625,0.));
#11136 = VECTOR('',#11137,1.);
#11137 = DIRECTION('',(0.,0.,1.));
#11138 = ORIENTED_EDGE('',*,*,#11139,.F.);
#11139 = EDGE_CURVE('',#11044,#11130,#11140,.T.);
#11140 = LINE('',#11141,#11142);
#11141 = CARTESIAN_POINT('',(0.6,-0.625,4.E-02));
#11142 = VECTOR('',#11143,1.);
#11143 = DIRECTION('',(1.,0.,0.));
#11144 = ORIENTED_EDGE('',*,*,#11043,.T.);
#11145 = ORIENTED_EDGE('',*,*,#11146,.T.);
#11146 = EDGE_CURVE('',#11046,#11132,#11147,.T.);
#11147 = LINE('',#11148,#11149);
#11148 = CARTESIAN_POINT('',(0.6,-0.625,1.21));
#11149 = VECTOR('',#11150,1.);
#11150 = DIRECTION('',(1.,0.,0.));
#11151 = PLANE('',#11152);
#11152 = AXIS2_PLACEMENT_3D('',#11153,#11154,#11155);
#11153 = CARTESIAN_POINT('',(0.6,-0.625,0.));
#11154 = DIRECTION('',(0.,1.,0.));
#11155 = DIRECTION('',(0.,-0.,1.));
#11156 = ADVANCED_FACE('',(#11157),#11176,.T.);
#11157 = FACE_BOUND('',#11158,.T.);
#11158 = EDGE_LOOP('',(#11159,#11160,#11168,#11175));
#11159 = ORIENTED_EDGE('',*,*,#11053,.T.);
#11160 = ORIENTED_EDGE('',*,*,#11161,.T.);
#11161 = EDGE_CURVE('',#11054,#11162,#11164,.T.);
#11162 = VERTEX_POINT('',#11163);
#11163 = CARTESIAN_POINT('',(1.,-0.585,0.));
#11164 = LINE('',#11165,#11166);
#11165 = CARTESIAN_POINT('',(0.6,-0.585,0.));
#11166 = VECTOR('',#11167,1.);
#11167 = DIRECTION('',(1.,0.,0.));
#11168 = ORIENTED_EDGE('',*,*,#11169,.F.);
#11169 = EDGE_CURVE('',#11130,#11162,#11170,.T.);
#11170 = CIRCLE('',#11171,4.E-02);
#11171 = AXIS2_PLACEMENT_3D('',#11172,#11173,#11174);
#11172 = CARTESIAN_POINT('',(1.,-0.585,4.E-02));
#11173 = DIRECTION('',(1.,0.,-0.));
#11174 = DIRECTION('',(0.,0.,1.));
#11175 = ORIENTED_EDGE('',*,*,#11139,.F.);
#11176 = CYLINDRICAL_SURFACE('',#11177,4.E-02);
#11177 = AXIS2_PLACEMENT_3D('',#11178,#11179,#11180);
#11178 = CARTESIAN_POINT('',(0.6,-0.585,4.E-02));
#11179 = DIRECTION('',(1.,0.,0.));
#11180 = DIRECTION('',(0.,-1.,0.));
#11181 = ADVANCED_FACE('',(#11182),#11201,.T.);
#11182 = FACE_BOUND('',#11183,.T.);
#11183 = EDGE_LOOP('',(#11184,#11185,#11194,#11200));
#11184 = ORIENTED_EDGE('',*,*,#11146,.T.);
#11185 = ORIENTED_EDGE('',*,*,#11186,.T.);
#11186 = EDGE_CURVE('',#11132,#11187,#11189,.T.);
#11187 = VERTEX_POINT('',#11188);
#11188 = CARTESIAN_POINT('',(1.,-0.585,1.25));
#11189 = CIRCLE('',#11190,4.E-02);
#11190 = AXIS2_PLACEMENT_3D('',#11191,#11192,#11193);
#11191 = CARTESIAN_POINT('',(1.,-0.585,1.21));
#11192 = DIRECTION('',(-1.,0.,0.));
#11193 = DIRECTION('',(0.,0.,1.));
#11194 = ORIENTED_EDGE('',*,*,#11195,.F.);
#11195 = EDGE_CURVE('',#11097,#11187,#11196,.T.);
#11196 = LINE('',#11197,#11198);
#11197 = CARTESIAN_POINT('',(0.6,-0.585,1.25));
#11198 = VECTOR('',#11199,1.);
#11199 = DIRECTION('',(1.,0.,0.));
#11200 = ORIENTED_EDGE('',*,*,#11104,.F.);
#11201 = CYLINDRICAL_SURFACE('',#11202,4.E-02);
#11202 = AXIS2_PLACEMENT_3D('',#11203,#11204,#11205);
#11203 = CARTESIAN_POINT('',(0.6,-0.585,1.21));
#11204 = DIRECTION('',(1.,0.,0.));
#11205 = DIRECTION('',(0.,-1.,0.));
#11206 = ADVANCED_FACE('',(#11207),#11225,.F.);
#11207 = FACE_BOUND('',#11208,.F.);
#11208 = EDGE_LOOP('',(#11209,#11210,#11211,#11219));
#11209 = ORIENTED_EDGE('',*,*,#11062,.F.);
#11210 = ORIENTED_EDGE('',*,*,#11161,.T.);
#11211 = ORIENTED_EDGE('',*,*,#11212,.T.);
#11212 = EDGE_CURVE('',#11162,#11213,#11215,.T.);
#11213 = VERTEX_POINT('',#11214);
#11214 = CARTESIAN_POINT('',(1.,0.585,0.));
#11215 = LINE('',#11216,#11217);
#11216 = CARTESIAN_POINT('',(1.,-0.625,0.));
#11217 = VECTOR('',#11218,1.);
#11218 = DIRECTION('',(0.,1.,0.));
#11219 = ORIENTED_EDGE('',*,*,#11220,.F.);
#11220 = EDGE_CURVE('',#11063,#11213,#11221,.T.);
#11221 = LINE('',#11222,#11223);
#11222 = CARTESIAN_POINT('',(0.6,0.585,0.));
#11223 = VECTOR('',#11224,1.);
#11224 = DIRECTION('',(1.,0.,0.));
#11225 = PLANE('',#11226);
#11226 = AXIS2_PLACEMENT_3D('',#11227,#11228,#11229);
#11227 = CARTESIAN_POINT('',(0.6,-0.625,0.));
#11228 = DIRECTION('',(0.,0.,1.));
#11229 = DIRECTION('',(1.,0.,-0.));
#11230 = ADVANCED_FACE('',(#11231),#11249,.T.);
#11231 = FACE_BOUND('',#11232,.T.);
#11232 = EDGE_LOOP('',(#11233,#11234,#11235,#11243));
#11233 = ORIENTED_EDGE('',*,*,#11096,.F.);
#11234 = ORIENTED_EDGE('',*,*,#11195,.T.);
#11235 = ORIENTED_EDGE('',*,*,#11236,.T.);
#11236 = EDGE_CURVE('',#11187,#11237,#11239,.T.);
#11237 = VERTEX_POINT('',#11238);
#11238 = CARTESIAN_POINT('',(1.,0.585,1.25));
#11239 = LINE('',#11240,#11241);
#11240 = CARTESIAN_POINT('',(1.,-0.625,1.25));
#11241 = VECTOR('',#11242,1.);
#11242 = DIRECTION('',(0.,1.,0.));
#11243 = ORIENTED_EDGE('',*,*,#11244,.F.);
#11244 = EDGE_CURVE('',#11088,#11237,#11245,.T.);
#11245 = LINE('',#11246,#11247);
#11246 = CARTESIAN_POINT('',(0.6,0.585,1.25));
#11247 = VECTOR('',#11248,1.);
#11248 = DIRECTION('',(1.,0.,0.));
#11249 = PLANE('',#11250);
#11250 = AXIS2_PLACEMENT_3D('',#11251,#11252,#11253);
#11251 = CARTESIAN_POINT('',(0.6,-0.625,1.25));
#11252 = DIRECTION('',(0.,0.,1.));
#11253 = DIRECTION('',(1.,0.,-0.));
#11254 = ADVANCED_FACE('',(#11255),#11274,.T.);
#11255 = FACE_BOUND('',#11256,.T.);
#11256 = EDGE_LOOP('',(#11257,#11265,#11272,#11273));
#11257 = ORIENTED_EDGE('',*,*,#11258,.T.);
#11258 = EDGE_CURVE('',#11071,#11259,#11261,.T.);
#11259 = VERTEX_POINT('',#11260);
#11260 = CARTESIAN_POINT('',(1.,0.625,4.E-02));
#11261 = LINE('',#11262,#11263);
#11262 = CARTESIAN_POINT('',(0.6,0.625,4.E-02));
#11263 = VECTOR('',#11264,1.);
#11264 = DIRECTION('',(1.,0.,0.));
#11265 = ORIENTED_EDGE('',*,*,#11266,.T.);
#11266 = EDGE_CURVE('',#11259,#11213,#11267,.T.);
#11267 = CIRCLE('',#11268,4.E-02);
#11268 = AXIS2_PLACEMENT_3D('',#11269,#11270,#11271);
#11269 = CARTESIAN_POINT('',(1.,0.585,4.E-02));
#11270 = DIRECTION('',(-1.,0.,0.));
#11271 = DIRECTION('',(0.,0.,1.));
#11272 = ORIENTED_EDGE('',*,*,#11220,.F.);
#11273 = ORIENTED_EDGE('',*,*,#11070,.F.);
#11274 = CYLINDRICAL_SURFACE('',#11275,4.E-02);
#11275 = AXIS2_PLACEMENT_3D('',#11276,#11277,#11278);
#11276 = CARTESIAN_POINT('',(0.6,0.585,4.E-02));
#11277 = DIRECTION('',(1.,0.,0.));
#11278 = DIRECTION('',(-0.,1.,0.));
#11279 = ADVANCED_FACE('',(#11280),#11299,.T.);
#11280 = FACE_BOUND('',#11281,.T.);
#11281 = EDGE_LOOP('',(#11282,#11283,#11284,#11293));
#11282 = ORIENTED_EDGE('',*,*,#11087,.T.);
#11283 = ORIENTED_EDGE('',*,*,#11244,.T.);
#11284 = ORIENTED_EDGE('',*,*,#11285,.F.);
#11285 = EDGE_CURVE('',#11286,#11237,#11288,.T.);
#11286 = VERTEX_POINT('',#11287);
#11287 = CARTESIAN_POINT('',(1.,0.625,1.21));
#11288 = CIRCLE('',#11289,4.E-02);
#11289 = AXIS2_PLACEMENT_3D('',#11290,#11291,#11292);
#11290 = CARTESIAN_POINT('',(1.,0.585,1.21));
#11291 = DIRECTION('',(1.,0.,-0.));
#11292 = DIRECTION('',(0.,0.,1.));
#11293 = ORIENTED_EDGE('',*,*,#11294,.F.);
#11294 = EDGE_CURVE('',#11080,#11286,#11295,.T.);
#11295 = LINE('',#11296,#11297);
#11296 = CARTESIAN_POINT('',(0.6,0.625,1.21));
#11297 = VECTOR('',#11298,1.);
#11298 = DIRECTION('',(1.,0.,0.));
#11299 = CYLINDRICAL_SURFACE('',#11300,4.E-02);
#11300 = AXIS2_PLACEMENT_3D('',#11301,#11302,#11303);
#11301 = CARTESIAN_POINT('',(0.6,0.585,1.21));
#11302 = DIRECTION('',(1.,0.,0.));
#11303 = DIRECTION('',(-0.,1.,0.));
#11304 = ADVANCED_FACE('',(#11305),#11316,.T.);
#11305 = FACE_BOUND('',#11306,.T.);
#11306 = EDGE_LOOP('',(#11307,#11313,#11314,#11315));
#11307 = ORIENTED_EDGE('',*,*,#11308,.F.);
#11308 = EDGE_CURVE('',#11259,#11286,#11309,.T.);
#11309 = LINE('',#11310,#11311);
#11310 = CARTESIAN_POINT('',(1.,0.625,0.));
#11311 = VECTOR('',#11312,1.);
#11312 = DIRECTION('',(0.,0.,1.));
#11313 = ORIENTED_EDGE('',*,*,#11258,.F.);
#11314 = ORIENTED_EDGE('',*,*,#11079,.T.);
#11315 = ORIENTED_EDGE('',*,*,#11294,.T.);
#11316 = PLANE('',#11317);
#11317 = AXIS2_PLACEMENT_3D('',#11318,#11319,#11320);
#11318 = CARTESIAN_POINT('',(0.6,0.625,0.));
#11319 = DIRECTION('',(0.,1.,0.));
#11320 = DIRECTION('',(0.,-0.,1.));
#11321 = ADVANCED_FACE('',(#11322),#11332,.T.);
#11322 = FACE_BOUND('',#11323,.T.);
#11323 = EDGE_LOOP('',(#11324,#11325,#11326,#11327,#11328,#11329,#11330,
    #11331));
#11324 = ORIENTED_EDGE('',*,*,#11129,.F.);
#11325 = ORIENTED_EDGE('',*,*,#11169,.T.);
#11326 = ORIENTED_EDGE('',*,*,#11212,.T.);
#11327 = ORIENTED_EDGE('',*,*,#11266,.F.);
#11328 = ORIENTED_EDGE('',*,*,#11308,.T.);
#11329 = ORIENTED_EDGE('',*,*,#11285,.T.);
#11330 = ORIENTED_EDGE('',*,*,#11236,.F.);
#11331 = ORIENTED_EDGE('',*,*,#11186,.F.);
#11332 = PLANE('',#11333);
#11333 = AXIS2_PLACEMENT_3D('',#11334,#11335,#11336);
#11334 = CARTESIAN_POINT('',(1.,-0.625,0.));
#11335 = DIRECTION('',(1.,0.,0.));
#11336 = DIRECTION('',(0.,0.,1.));
#11337 = ( GEOMETRIC_REPRESENTATION_CONTEXT(3) 
GLOBAL_UNCERTAINTY_ASSIGNED_CONTEXT((#11341)) 
GLOBAL_UNIT_ASSIGNED_CONTEXT((#11338,#11339,#11340)) 
REPRESENTATION_CONTEXT('Context #1',
  '3D Context with UNIT and UNCERTAINTY') );
#11338 = ( LENGTH_UNIT() NAMED_UNIT(*) SI_UNIT(.MILLI.,.METRE.) );
#11339 = ( NAMED_UNIT(*) PLANE_ANGLE_UNIT() SI_UNIT($,.RADIAN.) );
#11340 = ( NAMED_UNIT(*) SI_UNIT($,.STERADIAN.) SOLID_ANGLE_UNIT() );
#11341 = UNCERTAINTY_MEASURE_WITH_UNIT(LENGTH_MEASURE(1.E-07),#11338,
  'distance_accuracy_value','confusion accuracy');
#11342 = CONTEXT_DEPENDENT_SHAPE_REPRESENTATION(#11343,#11345);
#11343 = ( REPRESENTATION_RELATIONSHIP('','',#10482,#10) 
REPRESENTATION_RELATIONSHIP_WITH_TRANSFORMATION(#11344) 
SHAPE_REPRESENTATION_RELATIONSHIP() );
#11344 = ITEM_DEFINED_TRANSFORMATION('','',#11,#47);
#11345 = PRODUCT_DEFINITION_SHAPE('Placement','Placement of an item',
  #11346);
#11346 = NEXT_ASSEMBLY_USAGE_OCCURRENCE('9','C4','',#5,#10477,$);
#11347 = PRODUCT_RELATED_PRODUCT_CATEGORY('part',$,(#10479));
#11348 = CONTEXT_DEPENDENT_SHAPE_REPRESENTATION(#11349,#11351);
#11349 = ( REPRESENTATION_RELATIONSHIP('','',#84,#10) 
REPRESENTATION_RELATIONSHIP_WITH_TRANSFORMATION(#11350) 
SHAPE_REPRESENTATION_RELATIONSHIP() );
#11350 = ITEM_DEFINED_TRANSFORMATION('','',#11,#51);
#11351 = PRODUCT_DEFINITION_SHAPE('Placement','Placement of an item',
  #11352);
#11352 = NEXT_ASSEMBLY_USAGE_OCCURRENCE('10','R2','',#5,#79,$);
#11353 = SHAPE_DEFINITION_REPRESENTATION(#11354,#11360);
#11354 = PRODUCT_DEFINITION_SHAPE('','',#11355);
#11355 = PRODUCT_DEFINITION('design','',#11356,#11359);
#11356 = PRODUCT_DEFINITION_FORMATION('','',#11357);
#11357 = PRODUCT('L_Coilcraft_XAL6020-XXX','L_Coilcraft_XAL6020-XXX','',
  (#11358));
#11358 = PRODUCT_CONTEXT('',#2,'mechanical');
#11359 = PRODUCT_DEFINITION_CONTEXT('part definition',#2,'design');
#11360 = ADVANCED_BREP_SHAPE_REPRESENTATION('',(#11,#11361),#11907);
#11361 = MANIFOLD_SOLID_BREP('',#11362);
#11362 = CLOSED_SHELL('',(#11363,#11403,#11436,#11469,#11596,#11621,
    #11638,#11662,#11693,#11710,#11734,#11759,#11784,#11801,#11813,
    #11825,#11843,#11861,#11885,#11896));
#11363 = ADVANCED_FACE('',(#11364),#11398,.F.);
#11364 = FACE_BOUND('',#11365,.F.);
#11365 = EDGE_LOOP('',(#11366,#11376,#11384,#11392));
#11366 = ORIENTED_EDGE('',*,*,#11367,.F.);
#11367 = EDGE_CURVE('',#11368,#11370,#11372,.T.);
#11368 = VERTEX_POINT('',#11369);
#11369 = CARTESIAN_POINT('',(-3.28,-3.052,0.));
#11370 = VERTEX_POINT('',#11371);
#11371 = CARTESIAN_POINT('',(-3.28,-3.052,1.772));
#11372 = LINE('',#11373,#11374);
#11373 = CARTESIAN_POINT('',(-3.28,-3.052,0.));
#11374 = VECTOR('',#11375,1.);
#11375 = DIRECTION('',(0.,0.,1.));
#11376 = ORIENTED_EDGE('',*,*,#11377,.T.);
#11377 = EDGE_CURVE('',#11368,#11378,#11380,.T.);
#11378 = VERTEX_POINT('',#11379);
#11379 = CARTESIAN_POINT('',(-3.28,3.052,0.));
#11380 = LINE('',#11381,#11382);
#11381 = CARTESIAN_POINT('',(-3.28,-3.38,0.));
#11382 = VECTOR('',#11383,1.);
#11383 = DIRECTION('',(0.,1.,0.));
#11384 = ORIENTED_EDGE('',*,*,#11385,.T.);
#11385 = EDGE_CURVE('',#11378,#11386,#11388,.T.);
#11386 = VERTEX_POINT('',#11387);
#11387 = CARTESIAN_POINT('',(-3.28,3.052,1.772));
#11388 = LINE('',#11389,#11390);
#11389 = CARTESIAN_POINT('',(-3.28,3.052,0.));
#11390 = VECTOR('',#11391,1.);
#11391 = DIRECTION('',(0.,0.,1.));
#11392 = ORIENTED_EDGE('',*,*,#11393,.F.);
#11393 = EDGE_CURVE('',#11370,#11386,#11394,.T.);
#11394 = LINE('',#11395,#11396);
#11395 = CARTESIAN_POINT('',(-3.28,-3.052,1.772));
#11396 = VECTOR('',#11397,1.);
#11397 = DIRECTION('',(0.,1.,0.));
#11398 = PLANE('',#11399);
#11399 = AXIS2_PLACEMENT_3D('',#11400,#11401,#11402);
#11400 = CARTESIAN_POINT('',(-3.28,-3.38,0.));
#11401 = DIRECTION('',(1.,0.,0.));
#11402 = DIRECTION('',(0.,0.,1.));
#11403 = ADVANCED_FACE('',(#11404),#11431,.T.);
#11404 = FACE_BOUND('',#11405,.T.);
#11405 = EDGE_LOOP('',(#11406,#11407,#11416,#11424));
#11406 = ORIENTED_EDGE('',*,*,#11367,.F.);
#11407 = ORIENTED_EDGE('',*,*,#11408,.T.);
#11408 = EDGE_CURVE('',#11368,#11409,#11411,.T.);
#11409 = VERTEX_POINT('',#11410);
#11410 = CARTESIAN_POINT('',(-2.952,-3.38,0.));
#11411 = CIRCLE('',#11412,0.328);
#11412 = AXIS2_PLACEMENT_3D('',#11413,#11414,#11415);
#11413 = CARTESIAN_POINT('',(-2.952,-3.052,0.));
#11414 = DIRECTION('',(-0.,0.,1.));
#11415 = DIRECTION('',(0.,-1.,0.));
#11416 = ORIENTED_EDGE('',*,*,#11417,.T.);
#11417 = EDGE_CURVE('',#11409,#11418,#11420,.T.);
#11418 = VERTEX_POINT('',#11419);
#11419 = CARTESIAN_POINT('',(-2.952,-3.38,1.772));
#11420 = LINE('',#11421,#11422);
#11421 = CARTESIAN_POINT('',(-2.952,-3.38,0.));
#11422 = VECTOR('',#11423,1.);
#11423 = DIRECTION('',(0.,0.,1.));
#11424 = ORIENTED_EDGE('',*,*,#11425,.T.);
#11425 = EDGE_CURVE('',#11418,#11370,#11426,.T.);
#11426 = CIRCLE('',#11427,0.328);
#11427 = AXIS2_PLACEMENT_3D('',#11428,#11429,#11430);
#11428 = CARTESIAN_POINT('',(-2.952,-3.052,1.772));
#11429 = DIRECTION('',(-0.,-0.,-1.));
#11430 = DIRECTION('',(0.,-1.,0.));
#11431 = CYLINDRICAL_SURFACE('',#11432,0.328);
#11432 = AXIS2_PLACEMENT_3D('',#11433,#11434,#11435);
#11433 = CARTESIAN_POINT('',(-2.952,-3.052,0.));
#11434 = DIRECTION('',(0.,0.,1.));
#11435 = DIRECTION('',(-1.,0.,0.));
#11436 = ADVANCED_FACE('',(#11437),#11464,.T.);
#11437 = FACE_BOUND('',#11438,.T.);
#11438 = EDGE_LOOP('',(#11439,#11448,#11456,#11463));
#11439 = ORIENTED_EDGE('',*,*,#11440,.T.);
#11440 = EDGE_CURVE('',#11370,#11441,#11443,.T.);
#11441 = VERTEX_POINT('',#11442);
#11442 = CARTESIAN_POINT('',(-2.952,-3.052,2.1));
#11443 = CIRCLE('',#11444,0.328);
#11444 = AXIS2_PLACEMENT_3D('',#11445,#11446,#11447);
#11445 = CARTESIAN_POINT('',(-2.952,-3.052,1.772));
#11446 = DIRECTION('',(0.,1.,-0.));
#11447 = DIRECTION('',(-1.,0.,0.));
#11448 = ORIENTED_EDGE('',*,*,#11449,.T.);
#11449 = EDGE_CURVE('',#11441,#11450,#11452,.T.);
#11450 = VERTEX_POINT('',#11451);
#11451 = CARTESIAN_POINT('',(-2.952,3.052,2.1));
#11452 = LINE('',#11453,#11454);
#11453 = CARTESIAN_POINT('',(-2.952,-3.052,2.1));
#11454 = VECTOR('',#11455,1.);
#11455 = DIRECTION('',(0.,1.,0.));
#11456 = ORIENTED_EDGE('',*,*,#11457,.F.);
#11457 = EDGE_CURVE('',#11386,#11450,#11458,.T.);
#11458 = CIRCLE('',#11459,0.328);
#11459 = AXIS2_PLACEMENT_3D('',#11460,#11461,#11462);
#11460 = CARTESIAN_POINT('',(-2.952,3.052,1.772));
#11461 = DIRECTION('',(0.,1.,-0.));
#11462 = DIRECTION('',(-1.,0.,0.));
#11463 = ORIENTED_EDGE('',*,*,#11393,.F.);
#11464 = CYLINDRICAL_SURFACE('',#11465,0.328);
#11465 = AXIS2_PLACEMENT_3D('',#11466,#11467,#11468);
#11466 = CARTESIAN_POINT('',(-2.952,-3.052,1.772));
#11467 = DIRECTION('',(0.,1.,0.));
#11468 = DIRECTION('',(-1.,0.,0.));
#11469 = ADVANCED_FACE('',(#11470,#11523,#11557),#11591,.F.);
#11470 = FACE_BOUND('',#11471,.F.);
#11471 = EDGE_LOOP('',(#11472,#11473,#11474,#11482,#11491,#11499,#11508,
    #11516));
#11472 = ORIENTED_EDGE('',*,*,#11377,.F.);
#11473 = ORIENTED_EDGE('',*,*,#11408,.T.);
#11474 = ORIENTED_EDGE('',*,*,#11475,.T.);
#11475 = EDGE_CURVE('',#11409,#11476,#11478,.T.);
#11476 = VERTEX_POINT('',#11477);
#11477 = CARTESIAN_POINT('',(2.952,-3.38,0.));
#11478 = LINE('',#11479,#11480);
#11479 = CARTESIAN_POINT('',(-3.28,-3.38,0.));
#11480 = VECTOR('',#11481,1.);
#11481 = DIRECTION('',(1.,0.,0.));
#11482 = ORIENTED_EDGE('',*,*,#11483,.F.);
#11483 = EDGE_CURVE('',#11484,#11476,#11486,.T.);
#11484 = VERTEX_POINT('',#11485);
#11485 = CARTESIAN_POINT('',(3.28,-3.052,0.));
#11486 = CIRCLE('',#11487,0.328);
#11487 = AXIS2_PLACEMENT_3D('',#11488,#11489,#11490);
#11488 = CARTESIAN_POINT('',(2.952,-3.052,0.));
#11489 = DIRECTION('',(-0.,-0.,-1.));
#11490 = DIRECTION('',(0.,-1.,0.));
#11491 = ORIENTED_EDGE('',*,*,#11492,.T.);
#11492 = EDGE_CURVE('',#11484,#11493,#11495,.T.);
#11493 = VERTEX_POINT('',#11494);
#11494 = CARTESIAN_POINT('',(3.28,3.052,0.));
#11495 = LINE('',#11496,#11497);
#11496 = CARTESIAN_POINT('',(3.28,-3.38,0.));
#11497 = VECTOR('',#11498,1.);
#11498 = DIRECTION('',(0.,1.,0.));
#11499 = ORIENTED_EDGE('',*,*,#11500,.T.);
#11500 = EDGE_CURVE('',#11493,#11501,#11503,.T.);
#11501 = VERTEX_POINT('',#11502);
#11502 = CARTESIAN_POINT('',(2.952,3.38,0.));
#11503 = CIRCLE('',#11504,0.328);
#11504 = AXIS2_PLACEMENT_3D('',#11505,#11506,#11507);
#11505 = CARTESIAN_POINT('',(2.952,3.052,0.));
#11506 = DIRECTION('',(-0.,0.,1.));
#11507 = DIRECTION('',(0.,-1.,0.));
#11508 = ORIENTED_EDGE('',*,*,#11509,.F.);
#11509 = EDGE_CURVE('',#11510,#11501,#11512,.T.);
#11510 = VERTEX_POINT('',#11511);
#11511 = CARTESIAN_POINT('',(-2.952,3.38,0.));
#11512 = LINE('',#11513,#11514);
#11513 = CARTESIAN_POINT('',(-3.28,3.38,0.));
#11514 = VECTOR('',#11515,1.);
#11515 = DIRECTION('',(1.,0.,0.));
#11516 = ORIENTED_EDGE('',*,*,#11517,.F.);
#11517 = EDGE_CURVE('',#11378,#11510,#11518,.T.);
#11518 = CIRCLE('',#11519,0.328);
#11519 = AXIS2_PLACEMENT_3D('',#11520,#11521,#11522);
#11520 = CARTESIAN_POINT('',(-2.952,3.052,0.));
#11521 = DIRECTION('',(-0.,-0.,-1.));
#11522 = DIRECTION('',(0.,-1.,0.));
#11523 = FACE_BOUND('',#11524,.F.);
#11524 = EDGE_LOOP('',(#11525,#11535,#11543,#11551));
#11525 = ORIENTED_EDGE('',*,*,#11526,.T.);
#11526 = EDGE_CURVE('',#11527,#11529,#11531,.T.);
#11527 = VERTEX_POINT('',#11528);
#11528 = CARTESIAN_POINT('',(-2.645,-2.5,0.));
#11529 = VERTEX_POINT('',#11530);
#11530 = CARTESIAN_POINT('',(-2.645,2.5,0.));
#11531 = LINE('',#11532,#11533);
#11532 = CARTESIAN_POINT('',(-2.645,-2.5,0.));
#11533 = VECTOR('',#11534,1.);
#11534 = DIRECTION('',(0.,1.,0.));
#11535 = ORIENTED_EDGE('',*,*,#11536,.T.);
#11536 = EDGE_CURVE('',#11529,#11537,#11539,.T.);
#11537 = VERTEX_POINT('',#11538);
#11538 = CARTESIAN_POINT('',(-1.395,2.5,0.));
#11539 = LINE('',#11540,#11541);
#11540 = CARTESIAN_POINT('',(-2.645,2.5,0.));
#11541 = VECTOR('',#11542,1.);
#11542 = DIRECTION('',(1.,0.,0.));
#11543 = ORIENTED_EDGE('',*,*,#11544,.F.);
#11544 = EDGE_CURVE('',#11545,#11537,#11547,.T.);
#11545 = VERTEX_POINT('',#11546);
#11546 = CARTESIAN_POINT('',(-1.395,-2.5,0.));
#11547 = LINE('',#11548,#11549);
#11548 = CARTESIAN_POINT('',(-1.395,-2.5,0.));
#11549 = VECTOR('',#11550,1.);
#11550 = DIRECTION('',(0.,1.,0.));
#11551 = ORIENTED_EDGE('',*,*,#11552,.F.);
#11552 = EDGE_CURVE('',#11527,#11545,#11553,.T.);
#11553 = LINE('',#11554,#11555);
#11554 = CARTESIAN_POINT('',(-2.645,-2.5,0.));
#11555 = VECTOR('',#11556,1.);
#11556 = DIRECTION('',(1.,0.,0.));
#11557 = FACE_BOUND('',#11558,.F.);
#11558 = EDGE_LOOP('',(#11559,#11569,#11577,#11585));
#11559 = ORIENTED_EDGE('',*,*,#11560,.T.);
#11560 = EDGE_CURVE('',#11561,#11563,#11565,.T.);
#11561 = VERTEX_POINT('',#11562);
#11562 = CARTESIAN_POINT('',(1.395,-2.5,0.));
#11563 = VERTEX_POINT('',#11564);
#11564 = CARTESIAN_POINT('',(1.395,2.5,0.));
#11565 = LINE('',#11566,#11567);
#11566 = CARTESIAN_POINT('',(1.395,-2.5,0.));
#11567 = VECTOR('',#11568,1.);
#11568 = DIRECTION('',(0.,1.,0.));
#11569 = ORIENTED_EDGE('',*,*,#11570,.T.);
#11570 = EDGE_CURVE('',#11563,#11571,#11573,.T.);
#11571 = VERTEX_POINT('',#11572);
#11572 = CARTESIAN_POINT('',(2.645,2.5,0.));
#11573 = LINE('',#11574,#11575);
#11574 = CARTESIAN_POINT('',(1.395,2.5,0.));
#11575 = VECTOR('',#11576,1.);
#11576 = DIRECTION('',(1.,0.,0.));
#11577 = ORIENTED_EDGE('',*,*,#11578,.F.);
#11578 = EDGE_CURVE('',#11579,#11571,#11581,.T.);
#11579 = VERTEX_POINT('',#11580);
#11580 = CARTESIAN_POINT('',(2.645,-2.5,0.));
#11581 = LINE('',#11582,#11583);
#11582 = CARTESIAN_POINT('',(2.645,-2.5,0.));
#11583 = VECTOR('',#11584,1.);
#11584 = DIRECTION('',(0.,1.,0.));
#11585 = ORIENTED_EDGE('',*,*,#11586,.F.);
#11586 = EDGE_CURVE('',#11561,#11579,#11587,.T.);
#11587 = LINE('',#11588,#11589);
#11588 = CARTESIAN_POINT('',(1.395,-2.5,0.));
#11589 = VECTOR('',#11590,1.);
#11590 = DIRECTION('',(1.,0.,0.));
#11591 = PLANE('',#11592);
#11592 = AXIS2_PLACEMENT_3D('',#11593,#11594,#11595);
#11593 = CARTESIAN_POINT('',(-3.28,-3.38,0.));
#11594 = DIRECTION('',(0.,0.,1.));
#11595 = DIRECTION('',(1.,0.,-0.));
#11596 = ADVANCED_FACE('',(#11597),#11616,.T.);
#11597 = FACE_BOUND('',#11598,.T.);
#11598 = EDGE_LOOP('',(#11599,#11608,#11614,#11615));
#11599 = ORIENTED_EDGE('',*,*,#11600,.T.);
#11600 = EDGE_CURVE('',#11386,#11601,#11603,.T.);
#11601 = VERTEX_POINT('',#11602);
#11602 = CARTESIAN_POINT('',(-2.952,3.38,1.772));
#11603 = CIRCLE('',#11604,0.328);
#11604 = AXIS2_PLACEMENT_3D('',#11605,#11606,#11607);
#11605 = CARTESIAN_POINT('',(-2.952,3.052,1.772));
#11606 = DIRECTION('',(0.,0.,-1.));
#11607 = DIRECTION('',(-1.,0.,0.));
#11608 = ORIENTED_EDGE('',*,*,#11609,.F.);
#11609 = EDGE_CURVE('',#11510,#11601,#11610,.T.);
#11610 = LINE('',#11611,#11612);
#11611 = CARTESIAN_POINT('',(-2.952,3.38,0.));
#11612 = VECTOR('',#11613,1.);
#11613 = DIRECTION('',(0.,0.,1.));
#11614 = ORIENTED_EDGE('',*,*,#11517,.F.);
#11615 = ORIENTED_EDGE('',*,*,#11385,.T.);
#11616 = CYLINDRICAL_SURFACE('',#11617,0.328);
#11617 = AXIS2_PLACEMENT_3D('',#11618,#11619,#11620);
#11618 = CARTESIAN_POINT('',(-2.952,3.052,0.));
#11619 = DIRECTION('',(0.,0.,1.));
#11620 = DIRECTION('',(-1.,0.,0.));
#11621 = ADVANCED_FACE('',(#11622),#11633,.T.);
#11622 = FACE_BOUND('',#11623,.T.);
#11623 = EDGE_LOOP('',(#11624,#11625,#11626));
#11624 = ORIENTED_EDGE('',*,*,#11440,.F.);
#11625 = ORIENTED_EDGE('',*,*,#11425,.F.);
#11626 = ORIENTED_EDGE('',*,*,#11627,.T.);
#11627 = EDGE_CURVE('',#11418,#11441,#11628,.T.);
#11628 = CIRCLE('',#11629,0.328);
#11629 = AXIS2_PLACEMENT_3D('',#11630,#11631,#11632);
#11630 = CARTESIAN_POINT('',(-2.952,-3.052,1.772));
#11631 = DIRECTION('',(-1.,0.,0.));
#11632 = DIRECTION('',(0.,-1.,0.));
#11633 = SPHERICAL_SURFACE('',#11634,0.328);
#11634 = AXIS2_PLACEMENT_3D('',#11635,#11636,#11637);
#11635 = CARTESIAN_POINT('',(-2.952,-3.052,1.772));
#11636 = DIRECTION('',(0.,0.,1.));
#11637 = DIRECTION('',(0.,-1.,0.));
#11638 = ADVANCED_FACE('',(#11639),#11657,.F.);
#11639 = FACE_BOUND('',#11640,.F.);
#11640 = EDGE_LOOP('',(#11641,#11642,#11650,#11656));
#11641 = ORIENTED_EDGE('',*,*,#11417,.T.);
#11642 = ORIENTED_EDGE('',*,*,#11643,.F.);
#11643 = EDGE_CURVE('',#11644,#11418,#11646,.T.);
#11644 = VERTEX_POINT('',#11645);
#11645 = CARTESIAN_POINT('',(2.952,-3.38,1.772));
#11646 = LINE('',#11647,#11648);
#11647 = CARTESIAN_POINT('',(2.952,-3.38,1.772));
#11648 = VECTOR('',#11649,1.);
#11649 = DIRECTION('',(-1.,-0.,-0.));
#11650 = ORIENTED_EDGE('',*,*,#11651,.F.);
#11651 = EDGE_CURVE('',#11476,#11644,#11652,.T.);
#11652 = LINE('',#11653,#11654);
#11653 = CARTESIAN_POINT('',(2.952,-3.38,0.));
#11654 = VECTOR('',#11655,1.);
#11655 = DIRECTION('',(0.,0.,1.));
#11656 = ORIENTED_EDGE('',*,*,#11475,.F.);
#11657 = PLANE('',#11658);
#11658 = AXIS2_PLACEMENT_3D('',#11659,#11660,#11661);
#11659 = CARTESIAN_POINT('',(-3.28,-3.38,0.));
#11660 = DIRECTION('',(0.,1.,0.));
#11661 = DIRECTION('',(0.,-0.,1.));
#11662 = ADVANCED_FACE('',(#11663),#11688,.T.);
#11663 = FACE_BOUND('',#11664,.T.);
#11664 = EDGE_LOOP('',(#11665,#11666,#11674,#11682));
#11665 = ORIENTED_EDGE('',*,*,#11449,.F.);
#11666 = ORIENTED_EDGE('',*,*,#11667,.F.);
#11667 = EDGE_CURVE('',#11668,#11441,#11670,.T.);
#11668 = VERTEX_POINT('',#11669);
#11669 = CARTESIAN_POINT('',(2.952,-3.052,2.1));
#11670 = LINE('',#11671,#11672);
#11671 = CARTESIAN_POINT('',(2.952,-3.052,2.1));
#11672 = VECTOR('',#11673,1.);
#11673 = DIRECTION('',(-1.,-0.,-0.));
#11674 = ORIENTED_EDGE('',*,*,#11675,.F.);
#11675 = EDGE_CURVE('',#11676,#11668,#11678,.T.);
#11676 = VERTEX_POINT('',#11677);
#11677 = CARTESIAN_POINT('',(2.952,3.052,2.1));
#11678 = LINE('',#11679,#11680);
#11679 = CARTESIAN_POINT('',(2.952,3.052,2.1));
#11680 = VECTOR('',#11681,1.);
#11681 = DIRECTION('',(-0.,-1.,-0.));
#11682 = ORIENTED_EDGE('',*,*,#11683,.F.);
#11683 = EDGE_CURVE('',#11450,#11676,#11684,.T.);
#11684 = LINE('',#11685,#11686);
#11685 = CARTESIAN_POINT('',(-2.952,3.052,2.1));
#11686 = VECTOR('',#11687,1.);
#11687 = DIRECTION('',(1.,0.,0.));
#11688 = PLANE('',#11689);
#11689 = AXIS2_PLACEMENT_3D('',#11690,#11691,#11692);
#11690 = CARTESIAN_POINT('',(-3.28,-3.38,2.1));
#11691 = DIRECTION('',(0.,0.,1.));
#11692 = DIRECTION('',(1.,0.,-0.));
#11693 = ADVANCED_FACE('',(#11694),#11705,.T.);
#11694 = FACE_BOUND('',#11695,.T.);
#11695 = EDGE_LOOP('',(#11696,#11703,#11704));
#11696 = ORIENTED_EDGE('',*,*,#11697,.F.);
#11697 = EDGE_CURVE('',#11601,#11450,#11698,.T.);
#11698 = CIRCLE('',#11699,0.328);
#11699 = AXIS2_PLACEMENT_3D('',#11700,#11701,#11702);
#11700 = CARTESIAN_POINT('',(-2.952,3.052,1.772));
#11701 = DIRECTION('',(1.,1.393499969508E-15,-0.));
#11702 = DIRECTION('',(-1.393499969508E-15,1.,0.));
#11703 = ORIENTED_EDGE('',*,*,#11600,.F.);
#11704 = ORIENTED_EDGE('',*,*,#11457,.T.);
#11705 = SPHERICAL_SURFACE('',#11706,0.328);
#11706 = AXIS2_PLACEMENT_3D('',#11707,#11708,#11709);
#11707 = CARTESIAN_POINT('',(-2.952,3.052,1.772));
#11708 = DIRECTION('',(0.,0.,1.));
#11709 = DIRECTION('',(-1.,0.,0.));
#11710 = ADVANCED_FACE('',(#11711),#11729,.T.);
#11711 = FACE_BOUND('',#11712,.T.);
#11712 = EDGE_LOOP('',(#11713,#11714,#11722,#11728));
#11713 = ORIENTED_EDGE('',*,*,#11609,.T.);
#11714 = ORIENTED_EDGE('',*,*,#11715,.T.);
#11715 = EDGE_CURVE('',#11601,#11716,#11718,.T.);
#11716 = VERTEX_POINT('',#11717);
#11717 = CARTESIAN_POINT('',(2.952,3.38,1.772));
#11718 = LINE('',#11719,#11720);
#11719 = CARTESIAN_POINT('',(-2.952,3.38,1.772));
#11720 = VECTOR('',#11721,1.);
#11721 = DIRECTION('',(1.,0.,0.));
#11722 = ORIENTED_EDGE('',*,*,#11723,.F.);
#11723 = EDGE_CURVE('',#11501,#11716,#11724,.T.);
#11724 = LINE('',#11725,#11726);
#11725 = CARTESIAN_POINT('',(2.952,3.38,0.));
#11726 = VECTOR('',#11727,1.);
#11727 = DIRECTION('',(0.,0.,1.));
#11728 = ORIENTED_EDGE('',*,*,#11509,.F.);
#11729 = PLANE('',#11730);
#11730 = AXIS2_PLACEMENT_3D('',#11731,#11732,#11733);
#11731 = CARTESIAN_POINT('',(-3.28,3.38,0.));
#11732 = DIRECTION('',(0.,1.,0.));
#11733 = DIRECTION('',(0.,-0.,1.));
#11734 = ADVANCED_FACE('',(#11735),#11754,.T.);
#11735 = FACE_BOUND('',#11736,.T.);
#11736 = EDGE_LOOP('',(#11737,#11746,#11747,#11748));
#11737 = ORIENTED_EDGE('',*,*,#11738,.T.);
#11738 = EDGE_CURVE('',#11739,#11644,#11741,.T.);
#11739 = VERTEX_POINT('',#11740);
#11740 = CARTESIAN_POINT('',(3.28,-3.052,1.772));
#11741 = CIRCLE('',#11742,0.328);
#11742 = AXIS2_PLACEMENT_3D('',#11743,#11744,#11745);
#11743 = CARTESIAN_POINT('',(2.952,-3.052,1.772));
#11744 = DIRECTION('',(0.,0.,-1.));
#11745 = DIRECTION('',(1.,0.,0.));
#11746 = ORIENTED_EDGE('',*,*,#11651,.F.);
#11747 = ORIENTED_EDGE('',*,*,#11483,.F.);
#11748 = ORIENTED_EDGE('',*,*,#11749,.T.);
#11749 = EDGE_CURVE('',#11484,#11739,#11750,.T.);
#11750 = LINE('',#11751,#11752);
#11751 = CARTESIAN_POINT('',(3.28,-3.052,0.));
#11752 = VECTOR('',#11753,1.);
#11753 = DIRECTION('',(0.,0.,1.));
#11754 = CYLINDRICAL_SURFACE('',#11755,0.328);
#11755 = AXIS2_PLACEMENT_3D('',#11756,#11757,#11758);
#11756 = CARTESIAN_POINT('',(2.952,-3.052,0.));
#11757 = DIRECTION('',(0.,0.,1.));
#11758 = DIRECTION('',(1.,0.,-0.));
#11759 = ADVANCED_FACE('',(#11760),#11779,.T.);
#11760 = FACE_BOUND('',#11761,.T.);
#11761 = EDGE_LOOP('',(#11762,#11770,#11771,#11772));
#11762 = ORIENTED_EDGE('',*,*,#11763,.F.);
#11763 = EDGE_CURVE('',#11493,#11764,#11766,.T.);
#11764 = VERTEX_POINT('',#11765);
#11765 = CARTESIAN_POINT('',(3.28,3.052,1.772));
#11766 = LINE('',#11767,#11768);
#11767 = CARTESIAN_POINT('',(3.28,3.052,0.));
#11768 = VECTOR('',#11769,1.);
#11769 = DIRECTION('',(0.,0.,1.));
#11770 = ORIENTED_EDGE('',*,*,#11500,.T.);
#11771 = ORIENTED_EDGE('',*,*,#11723,.T.);
#11772 = ORIENTED_EDGE('',*,*,#11773,.T.);
#11773 = EDGE_CURVE('',#11716,#11764,#11774,.T.);
#11774 = CIRCLE('',#11775,0.328);
#11775 = AXIS2_PLACEMENT_3D('',#11776,#11777,#11778);
#11776 = CARTESIAN_POINT('',(2.952,3.052,1.772));
#11777 = DIRECTION('',(0.,0.,-1.));
#11778 = DIRECTION('',(1.353930517836E-15,1.,0.));
#11779 = CYLINDRICAL_SURFACE('',#11780,0.328);
#11780 = AXIS2_PLACEMENT_3D('',#11781,#11782,#11783);
#11781 = CARTESIAN_POINT('',(2.952,3.052,0.));
#11782 = DIRECTION('',(0.,0.,1.));
#11783 = DIRECTION('',(1.,0.,-0.));
#11784 = ADVANCED_FACE('',(#11785),#11796,.T.);
#11785 = FACE_BOUND('',#11786,.T.);
#11786 = EDGE_LOOP('',(#11787,#11788,#11789,#11790));
#11787 = ORIENTED_EDGE('',*,*,#11749,.F.);
#11788 = ORIENTED_EDGE('',*,*,#11492,.T.);
#11789 = ORIENTED_EDGE('',*,*,#11763,.T.);
#11790 = ORIENTED_EDGE('',*,*,#11791,.T.);
#11791 = EDGE_CURVE('',#11764,#11739,#11792,.T.);
#11792 = LINE('',#11793,#11794);
#11793 = CARTESIAN_POINT('',(3.28,3.052,1.772));
#11794 = VECTOR('',#11795,1.);
#11795 = DIRECTION('',(-0.,-1.,-0.));
#11796 = PLANE('',#11797);
#11797 = AXIS2_PLACEMENT_3D('',#11798,#11799,#11800);
#11798 = CARTESIAN_POINT('',(3.28,-3.38,0.));
#11799 = DIRECTION('',(1.,0.,0.));
#11800 = DIRECTION('',(0.,0.,1.));
#11801 = ADVANCED_FACE('',(#11802),#11808,.F.);
#11802 = FACE_BOUND('',#11803,.F.);
#11803 = EDGE_LOOP('',(#11804,#11805,#11806,#11807));
#11804 = ORIENTED_EDGE('',*,*,#11526,.F.);
#11805 = ORIENTED_EDGE('',*,*,#11552,.T.);
#11806 = ORIENTED_EDGE('',*,*,#11544,.T.);
#11807 = ORIENTED_EDGE('',*,*,#11536,.F.);
#11808 = PLANE('',#11809);
#11809 = AXIS2_PLACEMENT_3D('',#11810,#11811,#11812);
#11810 = CARTESIAN_POINT('',(-2.645,-2.5,0.));
#11811 = DIRECTION('',(0.,0.,1.));
#11812 = DIRECTION('',(1.,0.,-0.));
#11813 = ADVANCED_FACE('',(#11814),#11820,.F.);
#11814 = FACE_BOUND('',#11815,.F.);
#11815 = EDGE_LOOP('',(#11816,#11817,#11818,#11819));
#11816 = ORIENTED_EDGE('',*,*,#11560,.F.);
#11817 = ORIENTED_EDGE('',*,*,#11586,.T.);
#11818 = ORIENTED_EDGE('',*,*,#11578,.T.);
#11819 = ORIENTED_EDGE('',*,*,#11570,.F.);
#11820 = PLANE('',#11821);
#11821 = AXIS2_PLACEMENT_3D('',#11822,#11823,#11824);
#11822 = CARTESIAN_POINT('',(1.395,-2.5,0.));
#11823 = DIRECTION('',(0.,0.,1.));
#11824 = DIRECTION('',(1.,0.,-0.));
#11825 = ADVANCED_FACE('',(#11826),#11838,.T.);
#11826 = FACE_BOUND('',#11827,.T.);
#11827 = EDGE_LOOP('',(#11828,#11835,#11836,#11837));
#11828 = ORIENTED_EDGE('',*,*,#11829,.T.);
#11829 = EDGE_CURVE('',#11644,#11668,#11830,.T.);
#11830 = CIRCLE('',#11831,0.328);
#11831 = AXIS2_PLACEMENT_3D('',#11832,#11833,#11834);
#11832 = CARTESIAN_POINT('',(2.952,-3.052,1.772));
#11833 = DIRECTION('',(-1.,-6.123233995737E-17,0.));
#11834 = DIRECTION('',(6.123233995737E-17,-1.,0.));
#11835 = ORIENTED_EDGE('',*,*,#11667,.T.);
#11836 = ORIENTED_EDGE('',*,*,#11627,.F.);
#11837 = ORIENTED_EDGE('',*,*,#11643,.F.);
#11838 = CYLINDRICAL_SURFACE('',#11839,0.328);
#11839 = AXIS2_PLACEMENT_3D('',#11840,#11841,#11842);
#11840 = CARTESIAN_POINT('',(2.952,-3.052,1.772));
#11841 = DIRECTION('',(-1.,-0.,-0.));
#11842 = DIRECTION('',(0.,-1.,0.));
#11843 = ADVANCED_FACE('',(#11844),#11856,.T.);
#11844 = FACE_BOUND('',#11845,.T.);
#11845 = EDGE_LOOP('',(#11846,#11847,#11848,#11855));
#11846 = ORIENTED_EDGE('',*,*,#11697,.T.);
#11847 = ORIENTED_EDGE('',*,*,#11683,.T.);
#11848 = ORIENTED_EDGE('',*,*,#11849,.F.);
#11849 = EDGE_CURVE('',#11716,#11676,#11850,.T.);
#11850 = CIRCLE('',#11851,0.328);
#11851 = AXIS2_PLACEMENT_3D('',#11852,#11853,#11854);
#11852 = CARTESIAN_POINT('',(2.952,3.052,1.772));
#11853 = DIRECTION('',(1.,0.,0.));
#11854 = DIRECTION('',(-0.,1.,0.));
#11855 = ORIENTED_EDGE('',*,*,#11715,.F.);
#11856 = CYLINDRICAL_SURFACE('',#11857,0.328);
#11857 = AXIS2_PLACEMENT_3D('',#11858,#11859,#11860);
#11858 = CARTESIAN_POINT('',(-2.952,3.052,1.772));
#11859 = DIRECTION('',(1.,0.,0.));
#11860 = DIRECTION('',(-0.,1.,0.));
#11861 = ADVANCED_FACE('',(#11862),#11880,.T.);
#11862 = FACE_BOUND('',#11863,.T.);
#11863 = EDGE_LOOP('',(#11864,#11871,#11872,#11879));
#11864 = ORIENTED_EDGE('',*,*,#11865,.T.);
#11865 = EDGE_CURVE('',#11764,#11676,#11866,.T.);
#11866 = CIRCLE('',#11867,0.328);
#11867 = AXIS2_PLACEMENT_3D('',#11868,#11869,#11870);
#11868 = CARTESIAN_POINT('',(2.952,3.052,1.772));
#11869 = DIRECTION('',(-1.292698177878E-15,-1.,0.));
#11870 = DIRECTION('',(1.,-1.292698177878E-15,0.));
#11871 = ORIENTED_EDGE('',*,*,#11675,.T.);
#11872 = ORIENTED_EDGE('',*,*,#11873,.F.);
#11873 = EDGE_CURVE('',#11739,#11668,#11874,.T.);
#11874 = CIRCLE('',#11875,0.328);
#11875 = AXIS2_PLACEMENT_3D('',#11876,#11877,#11878);
#11876 = CARTESIAN_POINT('',(2.952,-3.052,1.772));
#11877 = DIRECTION('',(0.,-1.,0.));
#11878 = DIRECTION('',(1.,0.,0.));
#11879 = ORIENTED_EDGE('',*,*,#11791,.F.);
#11880 = CYLINDRICAL_SURFACE('',#11881,0.328);
#11881 = AXIS2_PLACEMENT_3D('',#11882,#11883,#11884);
#11882 = CARTESIAN_POINT('',(2.952,3.052,1.772));
#11883 = DIRECTION('',(-0.,-1.,-0.));
#11884 = DIRECTION('',(1.,-0.,0.));
#11885 = ADVANCED_FACE('',(#11886),#11891,.T.);
#11886 = FACE_BOUND('',#11887,.T.);
#11887 = EDGE_LOOP('',(#11888,#11889,#11890));
#11888 = ORIENTED_EDGE('',*,*,#11829,.F.);
#11889 = ORIENTED_EDGE('',*,*,#11738,.F.);
#11890 = ORIENTED_EDGE('',*,*,#11873,.T.);
#11891 = SPHERICAL_SURFACE('',#11892,0.328);
#11892 = AXIS2_PLACEMENT_3D('',#11893,#11894,#11895);
#11893 = CARTESIAN_POINT('',(2.952,-3.052,1.772));
#11894 = DIRECTION('',(0.,0.,1.));
#11895 = DIRECTION('',(1.,0.,-0.));
#11896 = ADVANCED_FACE('',(#11897),#11902,.T.);
#11897 = FACE_BOUND('',#11898,.T.);
#11898 = EDGE_LOOP('',(#11899,#11900,#11901));
#11899 = ORIENTED_EDGE('',*,*,#11865,.F.);
#11900 = ORIENTED_EDGE('',*,*,#11773,.F.);
#11901 = ORIENTED_EDGE('',*,*,#11849,.T.);
#11902 = SPHERICAL_SURFACE('',#11903,0.328);
#11903 = AXIS2_PLACEMENT_3D('',#11904,#11905,#11906);
#11904 = CARTESIAN_POINT('',(2.952,3.052,1.772));
#11905 = DIRECTION('',(0.,0.,1.));
#11906 = DIRECTION('',(1.353930517836E-15,1.,-0.));
#11907 = ( GEOMETRIC_REPRESENTATION_CONTEXT(3) 
GLOBAL_UNCERTAINTY_ASSIGNED_CONTEXT((#11911)) 
GLOBAL_UNIT_ASSIGNED_CONTEXT((#11908,#11909,#11910)) 
REPRESENTATION_CONTEXT('Context #1',
  '3D Context with UNIT and UNCERTAINTY') );
#11908 = ( LENGTH_UNIT() NAMED_UNIT(*) SI_UNIT(.MILLI.,.METRE.) );
#11909 = ( NAMED_UNIT(*) PLANE_ANGLE_UNIT() SI_UNIT($,.RADIAN.) );
#11910 = ( NAMED_UNIT(*) SI_UNIT($,.STERADIAN.) SOLID_ANGLE_UNIT() );
#11911 = UNCERTAINTY_MEASURE_WITH_UNIT(LENGTH_MEASURE(1.E-07),#11908,
  'distance_accuracy_value','confusion accuracy');
#11912 = CONTEXT_DEPENDENT_SHAPE_REPRESENTATION(#11913,#11915);
#11913 = ( REPRESENTATION_RELATIONSHIP('','',#11360,#10) 
REPRESENTATION_RELATIONSHIP_WITH_TRANSFORMATION(#11914) 
SHAPE_REPRESENTATION_RELATIONSHIP() );
#11914 = ITEM_DEFINED_TRANSFORMATION('','',#11,#55);
#11915 = PRODUCT_DEFINITION_SHAPE('Placement','Placement of an item',
  #11916);
#11916 = NEXT_ASSEMBLY_USAGE_OCCURRENCE('11','L1','',#5,#11355,$);
#11917 = PRODUCT_RELATED_PRODUCT_CATEGORY('part',$,(#11357));
#11918 = CONTEXT_DEPENDENT_SHAPE_REPRESENTATION(#11919,#11921);
#11919 = ( REPRESENTATION_RELATIONSHIP('','',#84,#10) 
REPRESENTATION_RELATIONSHIP_WITH_TRANSFORMATION(#11920) 
SHAPE_REPRESENTATION_RELATIONSHIP() );
#11920 = ITEM_DEFINED_TRANSFORMATION('','',#11,#59);
#11921 = PRODUCT_DEFINITION_SHAPE('Placement','Placement of an item',
  #11922);
#11922 = NEXT_ASSEMBLY_USAGE_OCCURRENCE('12','R1','',#5,#79,$);
#11923 = CONTEXT_DEPENDENT_SHAPE_REPRESENTATION(#11924,#11926);
#11924 = ( REPRESENTATION_RELATIONSHIP('','',#2649,#10) 
REPRESENTATION_RELATIONSHIP_WITH_TRANSFORMATION(#11925) 
SHAPE_REPRESENTATION_RELATIONSHIP() );
#11925 = ITEM_DEFINED_TRANSFORMATION('','',#11,#63);
#11926 = PRODUCT_DEFINITION_SHAPE('Placement','Placement of an item',
  #11927);
#11927 = NEXT_ASSEMBLY_USAGE_OCCURRENCE('13','J1','',#5,#2644,$);
#11928 = SHAPE_DEFINITION_REPRESENTATION(#11929,#11935);
#11929 = PRODUCT_DEFINITION_SHAPE('','',#11930);
#11930 = PRODUCT_DEFINITION('design','',#11931,#11934);
#11931 = PRODUCT_DEFINITION_FORMATION('','',#11932);
#11932 = PRODUCT('B-TPS62130A_3V3_PCB','B-TPS62130A_3V3_PCB','',(#11933)
  );
#11933 = PRODUCT_CONTEXT('',#2,'mechanical');
#11934 = PRODUCT_DEFINITION_CONTEXT('part definition',#2,'design');
#11935 = ADVANCED_BREP_SHAPE_REPRESENTATION('',(#11,#11936),#13289);
#11936 = MANIFOLD_SOLID_BREP('',#11937);
#11937 = CLOSED_SHELL('',(#11938,#11980,#12011,#12044,#12380,#12716,
    #12733,#12750,#12767,#12784,#12801,#12818,#12835,#12852,#12869,
    #12886,#12903,#12920,#12937,#12954,#12971,#12988,#13005,#13022,
    #13039,#13056,#13068,#13085,#13102,#13119,#13136,#13153,#13170,
    #13187,#13204,#13221,#13238,#13255,#13272));
#11938 = ADVANCED_FACE('',(#11939),#11975,.T.);
#11939 = FACE_BOUND('',#11940,.T.);
#11940 = EDGE_LOOP('',(#11941,#11951,#11960,#11968));
#11941 = ORIENTED_EDGE('',*,*,#11942,.T.);
#11942 = EDGE_CURVE('',#11943,#11945,#11947,.T.);
#11943 = VERTEX_POINT('',#11944);
#11944 = CARTESIAN_POINT('',(143.890477,-89.875,0.));
#11945 = VERTEX_POINT('',#11946);
#11946 = CARTESIAN_POINT('',(143.890477,-89.875,1.51));
#11947 = LINE('',#11948,#11949);
#11948 = CARTESIAN_POINT('',(143.890477,-89.875,0.));
#11949 = VECTOR('',#11950,1.);
#11950 = DIRECTION('',(0.,0.,1.));
#11951 = ORIENTED_EDGE('',*,*,#11952,.T.);
#11952 = EDGE_CURVE('',#11945,#11953,#11955,.T.);
#11953 = VERTEX_POINT('',#11954);
#11954 = CARTESIAN_POINT('',(144.088096,-90.044231,1.51));
#11955 = CIRCLE('',#11956,0.199970097058);
#11956 = AXIS2_PLACEMENT_3D('',#11957,#11958,#11959);
#11957 = CARTESIAN_POINT('',(143.8905026101,-90.07497009541,1.51));
#11958 = DIRECTION('',(0.,0.,-1.));
#11959 = DIRECTION('',(-1.2806967379E-04,0.999999991799,0.));
#11960 = ORIENTED_EDGE('',*,*,#11961,.F.);
#11961 = EDGE_CURVE('',#11962,#11953,#11964,.T.);
#11962 = VERTEX_POINT('',#11963);
#11963 = CARTESIAN_POINT('',(144.088096,-90.044231,0.));
#11964 = LINE('',#11965,#11966);
#11965 = CARTESIAN_POINT('',(144.088096,-90.044231,0.));
#11966 = VECTOR('',#11967,1.);
#11967 = DIRECTION('',(0.,0.,1.));
#11968 = ORIENTED_EDGE('',*,*,#11969,.F.);
#11969 = EDGE_CURVE('',#11943,#11962,#11970,.T.);
#11970 = CIRCLE('',#11971,0.199970097058);
#11971 = AXIS2_PLACEMENT_3D('',#11972,#11973,#11974);
#11972 = CARTESIAN_POINT('',(143.8905026101,-90.07497009541,0.));
#11973 = DIRECTION('',(0.,0.,-1.));
#11974 = DIRECTION('',(-1.2806967379E-04,0.999999991799,0.));
#11975 = CYLINDRICAL_SURFACE('',#11976,0.199970097058);
#11976 = AXIS2_PLACEMENT_3D('',#11977,#11978,#11979);
#11977 = CARTESIAN_POINT('',(143.8905026101,-90.07497009541,0.));
#11978 = DIRECTION('',(0.,0.,-1.));
#11979 = DIRECTION('',(-1.2806967379E-04,0.999999991799,0.));
#11980 = ADVANCED_FACE('',(#11981),#12006,.T.);
#11981 = FACE_BOUND('',#11982,.T.);
#11982 = EDGE_LOOP('',(#11983,#11993,#11999,#12000));
#11983 = ORIENTED_EDGE('',*,*,#11984,.T.);
#11984 = EDGE_CURVE('',#11985,#11987,#11989,.T.);
#11985 = VERTEX_POINT('',#11986);
#11986 = CARTESIAN_POINT('',(126.459523,-89.875,0.));
#11987 = VERTEX_POINT('',#11988);
#11988 = CARTESIAN_POINT('',(126.459523,-89.875,1.51));
#11989 = LINE('',#11990,#11991);
#11990 = CARTESIAN_POINT('',(126.459523,-89.875,0.));
#11991 = VECTOR('',#11992,1.);
#11992 = DIRECTION('',(0.,0.,1.));
#11993 = ORIENTED_EDGE('',*,*,#11994,.T.);
#11994 = EDGE_CURVE('',#11987,#11945,#11995,.T.);
#11995 = LINE('',#11996,#11997);
#11996 = CARTESIAN_POINT('',(126.459523,-89.875,1.51));
#11997 = VECTOR('',#11998,1.);
#11998 = DIRECTION('',(1.,0.,0.));
#11999 = ORIENTED_EDGE('',*,*,#11942,.F.);
#12000 = ORIENTED_EDGE('',*,*,#12001,.F.);
#12001 = EDGE_CURVE('',#11985,#11943,#12002,.T.);
#12002 = LINE('',#12003,#12004);
#12003 = CARTESIAN_POINT('',(126.459523,-89.875,0.));
#12004 = VECTOR('',#12005,1.);
#12005 = DIRECTION('',(1.,0.,0.));
#12006 = PLANE('',#12007);
#12007 = AXIS2_PLACEMENT_3D('',#12008,#12009,#12010);
#12008 = CARTESIAN_POINT('',(126.459523,-89.875,0.));
#12009 = DIRECTION('',(0.,1.,0.));
#12010 = DIRECTION('',(1.,0.,0.));
#12011 = ADVANCED_FACE('',(#12012),#12039,.F.);
#12012 = FACE_BOUND('',#12013,.T.);
#12013 = EDGE_LOOP('',(#12014,#12015,#12024,#12032));
#12014 = ORIENTED_EDGE('',*,*,#11961,.T.);
#12015 = ORIENTED_EDGE('',*,*,#12016,.T.);
#12016 = EDGE_CURVE('',#11953,#12017,#12019,.T.);
#12017 = VERTEX_POINT('',#12018);
#12018 = CARTESIAN_POINT('',(146.261905,-90.044231,1.51));
#12019 = CIRCLE('',#12020,1.100000099391);
#12020 = AXIS2_PLACEMENT_3D('',#12021,#12022,#12023);
#12021 = CARTESIAN_POINT('',(145.1750005,-89.8750009006,1.51));
#12022 = DIRECTION('',(0.,0.,1.));
#12023 = DIRECTION('',(-0.98809491072,-0.153845531,0.));
#12024 = ORIENTED_EDGE('',*,*,#12025,.F.);
#12025 = EDGE_CURVE('',#12026,#12017,#12028,.T.);
#12026 = VERTEX_POINT('',#12027);
#12027 = CARTESIAN_POINT('',(146.261905,-90.044231,0.));
#12028 = LINE('',#12029,#12030);
#12029 = CARTESIAN_POINT('',(146.261905,-90.044231,0.));
#12030 = VECTOR('',#12031,1.);
#12031 = DIRECTION('',(0.,0.,1.));
#12032 = ORIENTED_EDGE('',*,*,#12033,.F.);
#12033 = EDGE_CURVE('',#11962,#12026,#12034,.T.);
#12034 = CIRCLE('',#12035,1.100000099391);
#12035 = AXIS2_PLACEMENT_3D('',#12036,#12037,#12038);
#12036 = CARTESIAN_POINT('',(145.1750005,-89.8750009006,0.));
#12037 = DIRECTION('',(0.,0.,1.));
#12038 = DIRECTION('',(-0.98809491072,-0.153845531,0.));
#12039 = CYLINDRICAL_SURFACE('',#12040,1.100000099391);
#12040 = AXIS2_PLACEMENT_3D('',#12041,#12042,#12043);
#12041 = CARTESIAN_POINT('',(145.1750005,-89.8750009006,0.));
#12042 = DIRECTION('',(-0.,-0.,-1.));
#12043 = DIRECTION('',(-0.98809491072,-0.153845531,0.));
#12044 = ADVANCED_FACE('',(#12045,#12232,#12243,#12254,#12265,#12276,
    #12287,#12298,#12309,#12320,#12331,#12342,#12353,#12364),#12375,.F.
  );
#12045 = FACE_BOUND('',#12046,.F.);
#12046 = EDGE_LOOP('',(#12047,#12048,#12049,#12058,#12067,#12076,#12084,
    #12093,#12102,#12111,#12119,#12128,#12137,#12146,#12154,#12163,
    #12172,#12181,#12189,#12198,#12207,#12216,#12224,#12231));
#12047 = ORIENTED_EDGE('',*,*,#11969,.F.);
#12048 = ORIENTED_EDGE('',*,*,#12001,.F.);
#12049 = ORIENTED_EDGE('',*,*,#12050,.F.);
#12050 = EDGE_CURVE('',#12051,#11985,#12053,.T.);
#12051 = VERTEX_POINT('',#12052);
#12052 = CARTESIAN_POINT('',(126.261905,-90.044231,0.));
#12053 = CIRCLE('',#12054,0.200084586747);
#12054 = AXIS2_PLACEMENT_3D('',#12055,#12056,#12057);
#12055 = CARTESIAN_POINT('',(126.45959642335,-90.07508457327,0.));
#12056 = DIRECTION('',(0.,0.,-1.));
#12057 = DIRECTION('',(-0.98803924167,0.154202648873,0.));
#12058 = ORIENTED_EDGE('',*,*,#12059,.F.);
#12059 = EDGE_CURVE('',#12060,#12051,#12062,.T.);
#12060 = VERTEX_POINT('',#12061);
#12061 = CARTESIAN_POINT('',(125.344231,-90.961904,0.));
#12062 = CIRCLE('',#12063,1.099923894078);
#12063 = AXIS2_PLACEMENT_3D('',#12064,#12065,#12066);
#12064 = CARTESIAN_POINT('',(125.17506744787,-89.87506626353,0.));
#12065 = DIRECTION('',(0.,0.,1.));
#12066 = DIRECTION('',(0.153795688077,-0.988102669933,0.));
#12067 = ORIENTED_EDGE('',*,*,#12068,.F.);
#12068 = EDGE_CURVE('',#12069,#12060,#12071,.T.);
#12069 = VERTEX_POINT('',#12070);
#12070 = CARTESIAN_POINT('',(125.175,-91.159523,0.));
#12071 = CIRCLE('',#12072,0.200021488247);
#12072 = AXIS2_PLACEMENT_3D('',#12073,#12074,#12075);
#12073 = CARTESIAN_POINT('',(125.3750214874,-91.15954139941,0.));
#12074 = DIRECTION('',(0.,0.,-1.));
#12075 = DIRECTION('',(-0.999999995769,9.198717443624E-05,0.));
#12076 = ORIENTED_EDGE('',*,*,#12077,.F.);
#12077 = EDGE_CURVE('',#12078,#12069,#12080,.T.);
#12078 = VERTEX_POINT('',#12079);
#12079 = CARTESIAN_POINT('',(125.175,-108.590477,0.));
#12080 = LINE('',#12081,#12082);
#12081 = CARTESIAN_POINT('',(125.175,-108.590477,0.));
#12082 = VECTOR('',#12083,1.);
#12083 = DIRECTION('',(0.,1.,0.));
#12084 = ORIENTED_EDGE('',*,*,#12085,.F.);
#12085 = EDGE_CURVE('',#12086,#12078,#12088,.T.);
#12086 = VERTEX_POINT('',#12087);
#12087 = CARTESIAN_POINT('',(125.344231,-108.788096,0.));
#12088 = CIRCLE('',#12089,0.200178655249);
#12089 = AXIS2_PLACEMENT_3D('',#12090,#12091,#12092);
#12090 = CARTESIAN_POINT('',(125.37517859682,-108.5903240599,0.));
#12091 = DIRECTION('',(0.,0.,-1.));
#12092 = DIRECTION('',(-0.154599883718,-0.987977163681,-0.));
#12093 = ORIENTED_EDGE('',*,*,#12094,.F.);
#12094 = EDGE_CURVE('',#12095,#12086,#12097,.T.);
#12095 = VERTEX_POINT('',#12096);
#12096 = CARTESIAN_POINT('',(126.261905,-109.705769,0.));
#12097 = CIRCLE('',#12098,1.100039550394);
#12098 = AXIS2_PLACEMENT_3D('',#12099,#12100,#12101);
#12099 = CARTESIAN_POINT('',(125.17496616656,-109.8750350178,0.));
#12100 = DIRECTION('',(0.,0.,1.));
#12101 = DIRECTION('',(0.988090685505,0.153872665598,-0.));
#12102 = ORIENTED_EDGE('',*,*,#12103,.F.);
#12103 = EDGE_CURVE('',#12104,#12095,#12106,.T.);
#12104 = VERTEX_POINT('',#12105);
#12105 = CARTESIAN_POINT('',(126.459523,-109.875,0.));
#12106 = CIRCLE('',#12107,0.200010522755);
#12107 = AXIS2_PLACEMENT_3D('',#12108,#12109,#12110);
#12108 = CARTESIAN_POINT('',(126.45953300967,-109.6749894774,0.));
#12109 = DIRECTION('',(0.,0.,-1.));
#12110 = DIRECTION('',(-5.004573136225E-05,-0.999999998748,-0.));
#12111 = ORIENTED_EDGE('',*,*,#12112,.F.);
#12112 = EDGE_CURVE('',#12113,#12104,#12115,.T.);
#12113 = VERTEX_POINT('',#12114);
#12114 = CARTESIAN_POINT('',(143.890477,-109.875,0.));
#12115 = LINE('',#12116,#12117);
#12116 = CARTESIAN_POINT('',(143.890477,-109.875,0.));
#12117 = VECTOR('',#12118,1.);
#12118 = DIRECTION('',(-1.,0.,0.));
#12119 = ORIENTED_EDGE('',*,*,#12120,.F.);
#12120 = EDGE_CURVE('',#12121,#12113,#12123,.T.);
#12121 = VERTEX_POINT('',#12122);
#12122 = CARTESIAN_POINT('',(144.088096,-109.705769,0.));
#12123 = CIRCLE('',#12124,0.200158387489);
#12124 = AXIS2_PLACEMENT_3D('',#12125,#12126,#12127);
#12125 = CARTESIAN_POINT('',(143.89034140555,-109.6748416584,0.));
#12126 = DIRECTION('',(0.,0.,-1.));
#12127 = DIRECTION('',(0.987990545543,-0.154514342108,0.));
#12128 = ORIENTED_EDGE('',*,*,#12129,.F.);
#12129 = EDGE_CURVE('',#12130,#12121,#12132,.T.);
#12130 = VERTEX_POINT('',#12131);
#12131 = CARTESIAN_POINT('',(146.261905,-109.705769,0.));
#12132 = CIRCLE('',#12133,1.100000099391);
#12133 = AXIS2_PLACEMENT_3D('',#12134,#12135,#12136);
#12134 = CARTESIAN_POINT('',(145.1750005,-109.8749990993,0.));
#12135 = DIRECTION('',(0.,0.,1.));
#12136 = DIRECTION('',(0.98809491072,0.153845531,-0.));
#12137 = ORIENTED_EDGE('',*,*,#12138,.F.);
#12138 = EDGE_CURVE('',#12139,#12130,#12141,.T.);
#12139 = VERTEX_POINT('',#12140);
#12140 = CARTESIAN_POINT('',(146.459523,-109.875,0.));
#12141 = CIRCLE('',#12142,0.200010522755);
#12142 = AXIS2_PLACEMENT_3D('',#12143,#12144,#12145);
#12143 = CARTESIAN_POINT('',(146.45953300967,-109.6749894774,0.));
#12144 = DIRECTION('',(0.,0.,-1.));
#12145 = DIRECTION('',(-5.004573143331E-05,-0.999999998748,-0.));
#12146 = ORIENTED_EDGE('',*,*,#12147,.F.);
#12147 = EDGE_CURVE('',#12148,#12139,#12150,.T.);
#12148 = VERTEX_POINT('',#12149);
#12149 = CARTESIAN_POINT('',(163.890477,-109.875,0.));
#12150 = LINE('',#12151,#12152);
#12151 = CARTESIAN_POINT('',(163.890477,-109.875,0.));
#12152 = VECTOR('',#12153,1.);
#12153 = DIRECTION('',(-1.,0.,0.));
#12154 = ORIENTED_EDGE('',*,*,#12155,.F.);
#12155 = EDGE_CURVE('',#12156,#12148,#12158,.T.);
#12156 = VERTEX_POINT('',#12157);
#12157 = CARTESIAN_POINT('',(164.088096,-109.705769,0.));
#12158 = CIRCLE('',#12159,0.200048571984);
#12159 = AXIS2_PLACEMENT_3D('',#12160,#12161,#12162);
#12160 = CARTESIAN_POINT('',(163.89043541041,-109.6749514323,0.));
#12161 = DIRECTION('',(0.,0.,-1.));
#12162 = DIRECTION('',(0.988062987042,-0.154050425632,0.));
#12163 = ORIENTED_EDGE('',*,*,#12164,.F.);
#12164 = EDGE_CURVE('',#12165,#12156,#12167,.T.);
#12165 = VERTEX_POINT('',#12166);
#12166 = CARTESIAN_POINT('',(165.005769,-108.788096,0.));
#12167 = CIRCLE('',#12168,1.100072577233);
#12168 = AXIS2_PLACEMENT_3D('',#12169,#12170,#12171);
#12169 = CARTESIAN_POINT('',(165.17506377915,-109.8750637791,0.));
#12170 = DIRECTION('',(0.,0.,1.));
#12171 = DIRECTION('',(-0.153894190858,0.988087333195,0.));
#12172 = ORIENTED_EDGE('',*,*,#12173,.F.);
#12173 = EDGE_CURVE('',#12174,#12165,#12176,.T.);
#12174 = VERTEX_POINT('',#12175);
#12175 = CARTESIAN_POINT('',(165.175,-108.590477,0.));
#12176 = CIRCLE('',#12177,0.199958795599);
#12177 = AXIS2_PLACEMENT_3D('',#12178,#12179,#12180);
#12178 = CARTESIAN_POINT('',(164.97504120751,-108.5905122893,0.));
#12179 = DIRECTION('',(0.,0.,-1.));
#12180 = DIRECTION('',(0.999999984427,1.764832065303E-04,0.));
#12181 = ORIENTED_EDGE('',*,*,#12182,.F.);
#12182 = EDGE_CURVE('',#12183,#12174,#12185,.T.);
#12183 = VERTEX_POINT('',#12184);
#12184 = CARTESIAN_POINT('',(165.175,-91.159523,0.));
#12185 = LINE('',#12186,#12187);
#12186 = CARTESIAN_POINT('',(165.175,-91.159523,0.));
#12187 = VECTOR('',#12188,1.);
#12188 = DIRECTION('',(0.,-1.,0.));
#12189 = ORIENTED_EDGE('',*,*,#12190,.F.);
#12190 = EDGE_CURVE('',#12191,#12183,#12193,.T.);
#12191 = VERTEX_POINT('',#12192);
#12192 = CARTESIAN_POINT('',(165.005769,-90.961904,0.));
#12193 = CIRCLE('',#12194,0.199954344449);
#12194 = AXIS2_PLACEMENT_3D('',#12195,#12196,#12197);
#12195 = CARTESIAN_POINT('',(164.97504565937,-91.15948389828,0.));
#12196 = DIRECTION('',(0.,0.,-1.));
#12197 = DIRECTION('',(0.153651778413,0.988125058376,0.));
#12198 = ORIENTED_EDGE('',*,*,#12199,.F.);
#12199 = EDGE_CURVE('',#12200,#12191,#12202,.T.);
#12200 = VERTEX_POINT('',#12201);
#12201 = CARTESIAN_POINT('',(164.088096,-90.044231,0.));
#12202 = CIRCLE('',#12203,1.099965807312);
#12203 = AXIS2_PLACEMENT_3D('',#12204,#12205,#12206);
#12204 = CARTESIAN_POINT('',(165.17497028142,-89.87502971857,0.));
#12205 = DIRECTION('',(0.,0.,1.));
#12206 = DIRECTION('',(-0.988098242871,-0.153824128258,0.));
#12207 = ORIENTED_EDGE('',*,*,#12208,.F.);
#12208 = EDGE_CURVE('',#12209,#12200,#12211,.T.);
#12209 = VERTEX_POINT('',#12210);
#12210 = CARTESIAN_POINT('',(163.890477,-89.875,0.));
#12211 = CIRCLE('',#12212,0.199970097058);
#12212 = AXIS2_PLACEMENT_3D('',#12213,#12214,#12215);
#12213 = CARTESIAN_POINT('',(163.8905026101,-90.07497009541,0.));
#12214 = DIRECTION('',(0.,0.,-1.));
#12215 = DIRECTION('',(-1.2806967379E-04,0.999999991799,0.));
#12216 = ORIENTED_EDGE('',*,*,#12217,.F.);
#12217 = EDGE_CURVE('',#12218,#12209,#12220,.T.);
#12218 = VERTEX_POINT('',#12219);
#12219 = CARTESIAN_POINT('',(146.459523,-89.875,0.));
#12220 = LINE('',#12221,#12222);
#12221 = CARTESIAN_POINT('',(146.459523,-89.875,0.));
#12222 = VECTOR('',#12223,1.);
#12223 = DIRECTION('',(1.,0.,0.));
#12224 = ORIENTED_EDGE('',*,*,#12225,.F.);
#12225 = EDGE_CURVE('',#12026,#12218,#12226,.T.);
#12226 = CIRCLE('',#12227,0.200084586747);
#12227 = AXIS2_PLACEMENT_3D('',#12228,#12229,#12230);
#12228 = CARTESIAN_POINT('',(146.45959642335,-90.07508457327,0.));
#12229 = DIRECTION('',(0.,0.,-1.));
#12230 = DIRECTION('',(-0.98803924167,0.154202648873,0.));
#12231 = ORIENTED_EDGE('',*,*,#12033,.F.);
#12232 = FACE_BOUND('',#12233,.F.);
#12233 = EDGE_LOOP('',(#12234));
#12234 = ORIENTED_EDGE('',*,*,#12235,.T.);
#12235 = EDGE_CURVE('',#12236,#12236,#12238,.T.);
#12236 = VERTEX_POINT('',#12237);
#12237 = CARTESIAN_POINT('',(128.375,-106.95,0.));
#12238 = CIRCLE('',#12239,0.5);
#12239 = AXIS2_PLACEMENT_3D('',#12240,#12241,#12242);
#12240 = CARTESIAN_POINT('',(128.375,-106.45,0.));
#12241 = DIRECTION('',(-0.,0.,-1.));
#12242 = DIRECTION('',(-0.,-1.,0.));
#12243 = FACE_BOUND('',#12244,.F.);
#12244 = EDGE_LOOP('',(#12245));
#12245 = ORIENTED_EDGE('',*,*,#12246,.T.);
#12246 = EDGE_CURVE('',#12247,#12247,#12249,.T.);
#12247 = VERTEX_POINT('',#12248);
#12248 = CARTESIAN_POINT('',(128.09,-101.62,0.));
#12249 = CIRCLE('',#12250,0.5);
#12250 = AXIS2_PLACEMENT_3D('',#12251,#12252,#12253);
#12251 = CARTESIAN_POINT('',(128.09,-101.12,0.));
#12252 = DIRECTION('',(-0.,0.,-1.));
#12253 = DIRECTION('',(-0.,-1.,0.));
#12254 = FACE_BOUND('',#12255,.F.);
#12255 = EDGE_LOOP('',(#12256));
#12256 = ORIENTED_EDGE('',*,*,#12257,.T.);
#12257 = EDGE_CURVE('',#12258,#12258,#12260,.T.);
#12258 = VERTEX_POINT('',#12259);
#12259 = CARTESIAN_POINT('',(161.95,-106.975,0.));
#12260 = CIRCLE('',#12261,0.5);
#12261 = AXIS2_PLACEMENT_3D('',#12262,#12263,#12264);
#12262 = CARTESIAN_POINT('',(161.95,-106.475,0.));
#12263 = DIRECTION('',(-0.,0.,-1.));
#12264 = DIRECTION('',(-0.,-1.,0.));
#12265 = FACE_BOUND('',#12266,.F.);
#12266 = EDGE_LOOP('',(#12267));
#12267 = ORIENTED_EDGE('',*,*,#12268,.T.);
#12268 = EDGE_CURVE('',#12269,#12269,#12271,.T.);
#12269 = VERTEX_POINT('',#12270);
#12270 = CARTESIAN_POINT('',(162.29,-101.62,0.));
#12271 = CIRCLE('',#12272,0.5);
#12272 = AXIS2_PLACEMENT_3D('',#12273,#12274,#12275);
#12273 = CARTESIAN_POINT('',(162.29,-101.12,0.));
#12274 = DIRECTION('',(-0.,0.,-1.));
#12275 = DIRECTION('',(-0.,-1.,0.));
#12276 = FACE_BOUND('',#12277,.F.);
#12277 = EDGE_LOOP('',(#12278));
#12278 = ORIENTED_EDGE('',*,*,#12279,.T.);
#12279 = EDGE_CURVE('',#12280,#12280,#12282,.T.);
#12280 = VERTEX_POINT('',#12281);
#12281 = CARTESIAN_POINT('',(128.09,-99.12,0.));
#12282 = CIRCLE('',#12283,0.5);
#12283 = AXIS2_PLACEMENT_3D('',#12284,#12285,#12286);
#12284 = CARTESIAN_POINT('',(128.09,-98.62,0.));
#12285 = DIRECTION('',(-0.,0.,-1.));
#12286 = DIRECTION('',(-0.,-1.,0.));
#12287 = FACE_BOUND('',#12288,.F.);
#12288 = EDGE_LOOP('',(#12289));
#12289 = ORIENTED_EDGE('',*,*,#12290,.T.);
#12290 = EDGE_CURVE('',#12291,#12291,#12293,.T.);
#12291 = VERTEX_POINT('',#12292);
#12292 = CARTESIAN_POINT('',(142.285002,-99.216597,0.));
#12293 = CIRCLE('',#12294,0.1016);
#12294 = AXIS2_PLACEMENT_3D('',#12295,#12296,#12297);
#12295 = CARTESIAN_POINT('',(142.285002,-99.114997,0.));
#12296 = DIRECTION('',(-0.,0.,-1.));
#12297 = DIRECTION('',(-2.797412345512E-13,-1.,0.));
#12298 = FACE_BOUND('',#12299,.F.);
#12299 = EDGE_LOOP('',(#12300));
#12300 = ORIENTED_EDGE('',*,*,#12301,.T.);
#12301 = EDGE_CURVE('',#12302,#12302,#12304,.T.);
#12302 = VERTEX_POINT('',#12303);
#12303 = CARTESIAN_POINT('',(143.464999,-99.216597,0.));
#12304 = CIRCLE('',#12305,0.1016);
#12305 = AXIS2_PLACEMENT_3D('',#12306,#12307,#12308);
#12306 = CARTESIAN_POINT('',(143.464999,-99.114997,0.));
#12307 = DIRECTION('',(-0.,0.,-1.));
#12308 = DIRECTION('',(2.797412345511E-13,-1.,-0.));
#12309 = FACE_BOUND('',#12310,.F.);
#12310 = EDGE_LOOP('',(#12311));
#12311 = ORIENTED_EDGE('',*,*,#12312,.T.);
#12312 = EDGE_CURVE('',#12313,#12313,#12315,.T.);
#12313 = VERTEX_POINT('',#12314);
#12314 = CARTESIAN_POINT('',(142.875,-98.626599,0.));
#12315 = CIRCLE('',#12316,0.1016);
#12316 = AXIS2_PLACEMENT_3D('',#12317,#12318,#12319);
#12317 = CARTESIAN_POINT('',(142.875,-98.524999,0.));
#12318 = DIRECTION('',(-0.,0.,-1.));
#12319 = DIRECTION('',(-0.,-1.,0.));
#12320 = FACE_BOUND('',#12321,.F.);
#12321 = EDGE_LOOP('',(#12322));
#12322 = ORIENTED_EDGE('',*,*,#12323,.T.);
#12323 = EDGE_CURVE('',#12324,#12324,#12326,.T.);
#12324 = VERTEX_POINT('',#12325);
#12325 = CARTESIAN_POINT('',(142.285002,-98.0366,0.));
#12326 = CIRCLE('',#12327,0.1016);
#12327 = AXIS2_PLACEMENT_3D('',#12328,#12329,#12330);
#12328 = CARTESIAN_POINT('',(142.285002,-97.935,0.));
#12329 = DIRECTION('',(-0.,0.,-1.));
#12330 = DIRECTION('',(-2.797412345513E-13,-1.,0.));
#12331 = FACE_BOUND('',#12332,.F.);
#12332 = EDGE_LOOP('',(#12333));
#12333 = ORIENTED_EDGE('',*,*,#12334,.T.);
#12334 = EDGE_CURVE('',#12335,#12335,#12337,.T.);
#12335 = VERTEX_POINT('',#12336);
#12336 = CARTESIAN_POINT('',(143.464999,-98.0366,0.));
#12337 = CIRCLE('',#12338,0.1016);
#12338 = AXIS2_PLACEMENT_3D('',#12339,#12340,#12341);
#12339 = CARTESIAN_POINT('',(143.464999,-97.935,0.));
#12340 = DIRECTION('',(-0.,0.,-1.));
#12341 = DIRECTION('',(2.797412345511E-13,-1.,-0.));
#12342 = FACE_BOUND('',#12343,.F.);
#12343 = EDGE_LOOP('',(#12344));
#12344 = ORIENTED_EDGE('',*,*,#12345,.T.);
#12345 = EDGE_CURVE('',#12346,#12346,#12348,.T.);
#12346 = VERTEX_POINT('',#12347);
#12347 = CARTESIAN_POINT('',(128.275,-93.75,0.));
#12348 = CIRCLE('',#12349,0.5);
#12349 = AXIS2_PLACEMENT_3D('',#12350,#12351,#12352);
#12350 = CARTESIAN_POINT('',(128.275,-93.25,0.));
#12351 = DIRECTION('',(-0.,0.,-1.));
#12352 = DIRECTION('',(-0.,-1.,0.));
#12353 = FACE_BOUND('',#12354,.F.);
#12354 = EDGE_LOOP('',(#12355));
#12355 = ORIENTED_EDGE('',*,*,#12356,.T.);
#12356 = EDGE_CURVE('',#12357,#12357,#12359,.T.);
#12357 = VERTEX_POINT('',#12358);
#12358 = CARTESIAN_POINT('',(162.29,-99.12,0.));
#12359 = CIRCLE('',#12360,0.5);
#12360 = AXIS2_PLACEMENT_3D('',#12361,#12362,#12363);
#12361 = CARTESIAN_POINT('',(162.29,-98.62,0.));
#12362 = DIRECTION('',(-0.,0.,-1.));
#12363 = DIRECTION('',(-0.,-1.,0.));
#12364 = FACE_BOUND('',#12365,.F.);
#12365 = EDGE_LOOP('',(#12366));
#12366 = ORIENTED_EDGE('',*,*,#12367,.T.);
#12367 = EDGE_CURVE('',#12368,#12368,#12370,.T.);
#12368 = VERTEX_POINT('',#12369);
#12369 = CARTESIAN_POINT('',(161.95,-93.775,0.));
#12370 = CIRCLE('',#12371,0.5);
#12371 = AXIS2_PLACEMENT_3D('',#12372,#12373,#12374);
#12372 = CARTESIAN_POINT('',(161.95,-93.275,0.));
#12373 = DIRECTION('',(-0.,0.,-1.));
#12374 = DIRECTION('',(-0.,-1.,0.));
#12375 = PLANE('',#12376);
#12376 = AXIS2_PLACEMENT_3D('',#12377,#12378,#12379);
#12377 = CARTESIAN_POINT('',(0.,0.,0.));
#12378 = DIRECTION('',(0.,0.,1.));
#12379 = DIRECTION('',(1.,0.,-0.));
#12380 = ADVANCED_FACE('',(#12381,#12568,#12579,#12590,#12601,#12612,
    #12623,#12634,#12645,#12656,#12667,#12678,#12689,#12700),#12711,.T.
  );
#12381 = FACE_BOUND('',#12382,.T.);
#12382 = EDGE_LOOP('',(#12383,#12384,#12385,#12394,#12403,#12412,#12420,
    #12429,#12438,#12447,#12455,#12464,#12473,#12482,#12490,#12499,
    #12508,#12517,#12525,#12534,#12543,#12552,#12560,#12567));
#12383 = ORIENTED_EDGE('',*,*,#11952,.F.);
#12384 = ORIENTED_EDGE('',*,*,#11994,.F.);
#12385 = ORIENTED_EDGE('',*,*,#12386,.F.);
#12386 = EDGE_CURVE('',#12387,#11987,#12389,.T.);
#12387 = VERTEX_POINT('',#12388);
#12388 = CARTESIAN_POINT('',(126.261905,-90.044231,1.51));
#12389 = CIRCLE('',#12390,0.200084586747);
#12390 = AXIS2_PLACEMENT_3D('',#12391,#12392,#12393);
#12391 = CARTESIAN_POINT('',(126.45959642335,-90.07508457327,1.51));
#12392 = DIRECTION('',(0.,0.,-1.));
#12393 = DIRECTION('',(-0.98803924167,0.154202648873,0.));
#12394 = ORIENTED_EDGE('',*,*,#12395,.F.);
#12395 = EDGE_CURVE('',#12396,#12387,#12398,.T.);
#12396 = VERTEX_POINT('',#12397);
#12397 = CARTESIAN_POINT('',(125.344231,-90.961904,1.51));
#12398 = CIRCLE('',#12399,1.099923894078);
#12399 = AXIS2_PLACEMENT_3D('',#12400,#12401,#12402);
#12400 = CARTESIAN_POINT('',(125.17506744787,-89.87506626353,1.51));
#12401 = DIRECTION('',(0.,0.,1.));
#12402 = DIRECTION('',(0.153795688077,-0.988102669933,0.));
#12403 = ORIENTED_EDGE('',*,*,#12404,.F.);
#12404 = EDGE_CURVE('',#12405,#12396,#12407,.T.);
#12405 = VERTEX_POINT('',#12406);
#12406 = CARTESIAN_POINT('',(125.175,-91.159523,1.51));
#12407 = CIRCLE('',#12408,0.200021488247);
#12408 = AXIS2_PLACEMENT_3D('',#12409,#12410,#12411);
#12409 = CARTESIAN_POINT('',(125.3750214874,-91.15954139941,1.51));
#12410 = DIRECTION('',(0.,0.,-1.));
#12411 = DIRECTION('',(-0.999999995769,9.198717443624E-05,0.));
#12412 = ORIENTED_EDGE('',*,*,#12413,.F.);
#12413 = EDGE_CURVE('',#12414,#12405,#12416,.T.);
#12414 = VERTEX_POINT('',#12415);
#12415 = CARTESIAN_POINT('',(125.175,-108.590477,1.51));
#12416 = LINE('',#12417,#12418);
#12417 = CARTESIAN_POINT('',(125.175,-108.590477,1.51));
#12418 = VECTOR('',#12419,1.);
#12419 = DIRECTION('',(0.,1.,0.));
#12420 = ORIENTED_EDGE('',*,*,#12421,.F.);
#12421 = EDGE_CURVE('',#12422,#12414,#12424,.T.);
#12422 = VERTEX_POINT('',#12423);
#12423 = CARTESIAN_POINT('',(125.344231,-108.788096,1.51));
#12424 = CIRCLE('',#12425,0.200178655249);
#12425 = AXIS2_PLACEMENT_3D('',#12426,#12427,#12428);
#12426 = CARTESIAN_POINT('',(125.37517859682,-108.5903240599,1.51));
#12427 = DIRECTION('',(0.,0.,-1.));
#12428 = DIRECTION('',(-0.154599883718,-0.987977163681,-0.));
#12429 = ORIENTED_EDGE('',*,*,#12430,.F.);
#12430 = EDGE_CURVE('',#12431,#12422,#12433,.T.);
#12431 = VERTEX_POINT('',#12432);
#12432 = CARTESIAN_POINT('',(126.261905,-109.705769,1.51));
#12433 = CIRCLE('',#12434,1.100039550394);
#12434 = AXIS2_PLACEMENT_3D('',#12435,#12436,#12437);
#12435 = CARTESIAN_POINT('',(125.17496616656,-109.8750350178,1.51));
#12436 = DIRECTION('',(0.,0.,1.));
#12437 = DIRECTION('',(0.988090685505,0.153872665598,-0.));
#12438 = ORIENTED_EDGE('',*,*,#12439,.F.);
#12439 = EDGE_CURVE('',#12440,#12431,#12442,.T.);
#12440 = VERTEX_POINT('',#12441);
#12441 = CARTESIAN_POINT('',(126.459523,-109.875,1.51));
#12442 = CIRCLE('',#12443,0.200010522755);
#12443 = AXIS2_PLACEMENT_3D('',#12444,#12445,#12446);
#12444 = CARTESIAN_POINT('',(126.45953300967,-109.6749894774,1.51));
#12445 = DIRECTION('',(0.,0.,-1.));
#12446 = DIRECTION('',(-5.004573136225E-05,-0.999999998748,-0.));
#12447 = ORIENTED_EDGE('',*,*,#12448,.F.);
#12448 = EDGE_CURVE('',#12449,#12440,#12451,.T.);
#12449 = VERTEX_POINT('',#12450);
#12450 = CARTESIAN_POINT('',(143.890477,-109.875,1.51));
#12451 = LINE('',#12452,#12453);
#12452 = CARTESIAN_POINT('',(143.890477,-109.875,1.51));
#12453 = VECTOR('',#12454,1.);
#12454 = DIRECTION('',(-1.,0.,0.));
#12455 = ORIENTED_EDGE('',*,*,#12456,.F.);
#12456 = EDGE_CURVE('',#12457,#12449,#12459,.T.);
#12457 = VERTEX_POINT('',#12458);
#12458 = CARTESIAN_POINT('',(144.088096,-109.705769,1.51));
#12459 = CIRCLE('',#12460,0.200158387489);
#12460 = AXIS2_PLACEMENT_3D('',#12461,#12462,#12463);
#12461 = CARTESIAN_POINT('',(143.89034140555,-109.6748416584,1.51));
#12462 = DIRECTION('',(0.,0.,-1.));
#12463 = DIRECTION('',(0.987990545543,-0.154514342108,0.));
#12464 = ORIENTED_EDGE('',*,*,#12465,.F.);
#12465 = EDGE_CURVE('',#12466,#12457,#12468,.T.);
#12466 = VERTEX_POINT('',#12467);
#12467 = CARTESIAN_POINT('',(146.261905,-109.705769,1.51));
#12468 = CIRCLE('',#12469,1.100000099391);
#12469 = AXIS2_PLACEMENT_3D('',#12470,#12471,#12472);
#12470 = CARTESIAN_POINT('',(145.1750005,-109.8749990993,1.51));
#12471 = DIRECTION('',(0.,0.,1.));
#12472 = DIRECTION('',(0.98809491072,0.153845531,-0.));
#12473 = ORIENTED_EDGE('',*,*,#12474,.F.);
#12474 = EDGE_CURVE('',#12475,#12466,#12477,.T.);
#12475 = VERTEX_POINT('',#12476);
#12476 = CARTESIAN_POINT('',(146.459523,-109.875,1.51));
#12477 = CIRCLE('',#12478,0.200010522755);
#12478 = AXIS2_PLACEMENT_3D('',#12479,#12480,#12481);
#12479 = CARTESIAN_POINT('',(146.45953300967,-109.6749894774,1.51));
#12480 = DIRECTION('',(0.,0.,-1.));
#12481 = DIRECTION('',(-5.004573143331E-05,-0.999999998748,-0.));
#12482 = ORIENTED_EDGE('',*,*,#12483,.F.);
#12483 = EDGE_CURVE('',#12484,#12475,#12486,.T.);
#12484 = VERTEX_POINT('',#12485);
#12485 = CARTESIAN_POINT('',(163.890477,-109.875,1.51));
#12486 = LINE('',#12487,#12488);
#12487 = CARTESIAN_POINT('',(163.890477,-109.875,1.51));
#12488 = VECTOR('',#12489,1.);
#12489 = DIRECTION('',(-1.,0.,0.));
#12490 = ORIENTED_EDGE('',*,*,#12491,.F.);
#12491 = EDGE_CURVE('',#12492,#12484,#12494,.T.);
#12492 = VERTEX_POINT('',#12493);
#12493 = CARTESIAN_POINT('',(164.088096,-109.705769,1.51));
#12494 = CIRCLE('',#12495,0.200048571984);
#12495 = AXIS2_PLACEMENT_3D('',#12496,#12497,#12498);
#12496 = CARTESIAN_POINT('',(163.89043541041,-109.6749514323,1.51));
#12497 = DIRECTION('',(0.,0.,-1.));
#12498 = DIRECTION('',(0.988062987042,-0.154050425632,0.));
#12499 = ORIENTED_EDGE('',*,*,#12500,.F.);
#12500 = EDGE_CURVE('',#12501,#12492,#12503,.T.);
#12501 = VERTEX_POINT('',#12502);
#12502 = CARTESIAN_POINT('',(165.005769,-108.788096,1.51));
#12503 = CIRCLE('',#12504,1.100072577233);
#12504 = AXIS2_PLACEMENT_3D('',#12505,#12506,#12507);
#12505 = CARTESIAN_POINT('',(165.17506377915,-109.8750637791,1.51));
#12506 = DIRECTION('',(0.,0.,1.));
#12507 = DIRECTION('',(-0.153894190858,0.988087333195,0.));
#12508 = ORIENTED_EDGE('',*,*,#12509,.F.);
#12509 = EDGE_CURVE('',#12510,#12501,#12512,.T.);
#12510 = VERTEX_POINT('',#12511);
#12511 = CARTESIAN_POINT('',(165.175,-108.590477,1.51));
#12512 = CIRCLE('',#12513,0.199958795599);
#12513 = AXIS2_PLACEMENT_3D('',#12514,#12515,#12516);
#12514 = CARTESIAN_POINT('',(164.97504120751,-108.5905122893,1.51));
#12515 = DIRECTION('',(0.,0.,-1.));
#12516 = DIRECTION('',(0.999999984427,1.764832065303E-04,0.));
#12517 = ORIENTED_EDGE('',*,*,#12518,.F.);
#12518 = EDGE_CURVE('',#12519,#12510,#12521,.T.);
#12519 = VERTEX_POINT('',#12520);
#12520 = CARTESIAN_POINT('',(165.175,-91.159523,1.51));
#12521 = LINE('',#12522,#12523);
#12522 = CARTESIAN_POINT('',(165.175,-91.159523,1.51));
#12523 = VECTOR('',#12524,1.);
#12524 = DIRECTION('',(0.,-1.,0.));
#12525 = ORIENTED_EDGE('',*,*,#12526,.F.);
#12526 = EDGE_CURVE('',#12527,#12519,#12529,.T.);
#12527 = VERTEX_POINT('',#12528);
#12528 = CARTESIAN_POINT('',(165.005769,-90.961904,1.51));
#12529 = CIRCLE('',#12530,0.199954344449);
#12530 = AXIS2_PLACEMENT_3D('',#12531,#12532,#12533);
#12531 = CARTESIAN_POINT('',(164.97504565937,-91.15948389828,1.51));
#12532 = DIRECTION('',(0.,0.,-1.));
#12533 = DIRECTION('',(0.153651778413,0.988125058376,0.));
#12534 = ORIENTED_EDGE('',*,*,#12535,.F.);
#12535 = EDGE_CURVE('',#12536,#12527,#12538,.T.);
#12536 = VERTEX_POINT('',#12537);
#12537 = CARTESIAN_POINT('',(164.088096,-90.044231,1.51));
#12538 = CIRCLE('',#12539,1.099965807312);
#12539 = AXIS2_PLACEMENT_3D('',#12540,#12541,#12542);
#12540 = CARTESIAN_POINT('',(165.17497028142,-89.87502971857,1.51));
#12541 = DIRECTION('',(0.,0.,1.));
#12542 = DIRECTION('',(-0.988098242871,-0.153824128258,0.));
#12543 = ORIENTED_EDGE('',*,*,#12544,.F.);
#12544 = EDGE_CURVE('',#12545,#12536,#12547,.T.);
#12545 = VERTEX_POINT('',#12546);
#12546 = CARTESIAN_POINT('',(163.890477,-89.875,1.51));
#12547 = CIRCLE('',#12548,0.199970097058);
#12548 = AXIS2_PLACEMENT_3D('',#12549,#12550,#12551);
#12549 = CARTESIAN_POINT('',(163.8905026101,-90.07497009541,1.51));
#12550 = DIRECTION('',(0.,0.,-1.));
#12551 = DIRECTION('',(-1.2806967379E-04,0.999999991799,0.));
#12552 = ORIENTED_EDGE('',*,*,#12553,.F.);
#12553 = EDGE_CURVE('',#12554,#12545,#12556,.T.);
#12554 = VERTEX_POINT('',#12555);
#12555 = CARTESIAN_POINT('',(146.459523,-89.875,1.51));
#12556 = LINE('',#12557,#12558);
#12557 = CARTESIAN_POINT('',(146.459523,-89.875,1.51));
#12558 = VECTOR('',#12559,1.);
#12559 = DIRECTION('',(1.,0.,0.));
#12560 = ORIENTED_EDGE('',*,*,#12561,.F.);
#12561 = EDGE_CURVE('',#12017,#12554,#12562,.T.);
#12562 = CIRCLE('',#12563,0.200084586747);
#12563 = AXIS2_PLACEMENT_3D('',#12564,#12565,#12566);
#12564 = CARTESIAN_POINT('',(146.45959642335,-90.07508457327,1.51));
#12565 = DIRECTION('',(0.,0.,-1.));
#12566 = DIRECTION('',(-0.98803924167,0.154202648873,0.));
#12567 = ORIENTED_EDGE('',*,*,#12016,.F.);
#12568 = FACE_BOUND('',#12569,.T.);
#12569 = EDGE_LOOP('',(#12570));
#12570 = ORIENTED_EDGE('',*,*,#12571,.T.);
#12571 = EDGE_CURVE('',#12572,#12572,#12574,.T.);
#12572 = VERTEX_POINT('',#12573);
#12573 = CARTESIAN_POINT('',(128.375,-106.95,1.51));
#12574 = CIRCLE('',#12575,0.5);
#12575 = AXIS2_PLACEMENT_3D('',#12576,#12577,#12578);
#12576 = CARTESIAN_POINT('',(128.375,-106.45,1.51));
#12577 = DIRECTION('',(-0.,0.,-1.));
#12578 = DIRECTION('',(-0.,-1.,0.));
#12579 = FACE_BOUND('',#12580,.T.);
#12580 = EDGE_LOOP('',(#12581));
#12581 = ORIENTED_EDGE('',*,*,#12582,.T.);
#12582 = EDGE_CURVE('',#12583,#12583,#12585,.T.);
#12583 = VERTEX_POINT('',#12584);
#12584 = CARTESIAN_POINT('',(128.09,-101.62,1.51));
#12585 = CIRCLE('',#12586,0.5);
#12586 = AXIS2_PLACEMENT_3D('',#12587,#12588,#12589);
#12587 = CARTESIAN_POINT('',(128.09,-101.12,1.51));
#12588 = DIRECTION('',(-0.,0.,-1.));
#12589 = DIRECTION('',(-0.,-1.,0.));
#12590 = FACE_BOUND('',#12591,.T.);
#12591 = EDGE_LOOP('',(#12592));
#12592 = ORIENTED_EDGE('',*,*,#12593,.T.);
#12593 = EDGE_CURVE('',#12594,#12594,#12596,.T.);
#12594 = VERTEX_POINT('',#12595);
#12595 = CARTESIAN_POINT('',(161.95,-106.975,1.51));
#12596 = CIRCLE('',#12597,0.5);
#12597 = AXIS2_PLACEMENT_3D('',#12598,#12599,#12600);
#12598 = CARTESIAN_POINT('',(161.95,-106.475,1.51));
#12599 = DIRECTION('',(-0.,0.,-1.));
#12600 = DIRECTION('',(-0.,-1.,0.));
#12601 = FACE_BOUND('',#12602,.T.);
#12602 = EDGE_LOOP('',(#12603));
#12603 = ORIENTED_EDGE('',*,*,#12604,.T.);
#12604 = EDGE_CURVE('',#12605,#12605,#12607,.T.);
#12605 = VERTEX_POINT('',#12606);
#12606 = CARTESIAN_POINT('',(162.29,-101.62,1.51));
#12607 = CIRCLE('',#12608,0.5);
#12608 = AXIS2_PLACEMENT_3D('',#12609,#12610,#12611);
#12609 = CARTESIAN_POINT('',(162.29,-101.12,1.51));
#12610 = DIRECTION('',(-0.,0.,-1.));
#12611 = DIRECTION('',(-0.,-1.,0.));
#12612 = FACE_BOUND('',#12613,.T.);
#12613 = EDGE_LOOP('',(#12614));
#12614 = ORIENTED_EDGE('',*,*,#12615,.T.);
#12615 = EDGE_CURVE('',#12616,#12616,#12618,.T.);
#12616 = VERTEX_POINT('',#12617);
#12617 = CARTESIAN_POINT('',(128.09,-99.12,1.51));
#12618 = CIRCLE('',#12619,0.5);
#12619 = AXIS2_PLACEMENT_3D('',#12620,#12621,#12622);
#12620 = CARTESIAN_POINT('',(128.09,-98.62,1.51));
#12621 = DIRECTION('',(-0.,0.,-1.));
#12622 = DIRECTION('',(-0.,-1.,0.));
#12623 = FACE_BOUND('',#12624,.T.);
#12624 = EDGE_LOOP('',(#12625));
#12625 = ORIENTED_EDGE('',*,*,#12626,.T.);
#12626 = EDGE_CURVE('',#12627,#12627,#12629,.T.);
#12627 = VERTEX_POINT('',#12628);
#12628 = CARTESIAN_POINT('',(142.285002,-99.216597,1.51));
#12629 = CIRCLE('',#12630,0.1016);
#12630 = AXIS2_PLACEMENT_3D('',#12631,#12632,#12633);
#12631 = CARTESIAN_POINT('',(142.285002,-99.114997,1.51));
#12632 = DIRECTION('',(-0.,0.,-1.));
#12633 = DIRECTION('',(-2.797412345512E-13,-1.,0.));
#12634 = FACE_BOUND('',#12635,.T.);
#12635 = EDGE_LOOP('',(#12636));
#12636 = ORIENTED_EDGE('',*,*,#12637,.T.);
#12637 = EDGE_CURVE('',#12638,#12638,#12640,.T.);
#12638 = VERTEX_POINT('',#12639);
#12639 = CARTESIAN_POINT('',(143.464999,-99.216597,1.51));
#12640 = CIRCLE('',#12641,0.1016);
#12641 = AXIS2_PLACEMENT_3D('',#12642,#12643,#12644);
#12642 = CARTESIAN_POINT('',(143.464999,-99.114997,1.51));
#12643 = DIRECTION('',(-0.,0.,-1.));
#12644 = DIRECTION('',(2.797412345511E-13,-1.,-0.));
#12645 = FACE_BOUND('',#12646,.T.);
#12646 = EDGE_LOOP('',(#12647));
#12647 = ORIENTED_EDGE('',*,*,#12648,.T.);
#12648 = EDGE_CURVE('',#12649,#12649,#12651,.T.);
#12649 = VERTEX_POINT('',#12650);
#12650 = CARTESIAN_POINT('',(142.875,-98.626599,1.51));
#12651 = CIRCLE('',#12652,0.1016);
#12652 = AXIS2_PLACEMENT_3D('',#12653,#12654,#12655);
#12653 = CARTESIAN_POINT('',(142.875,-98.524999,1.51));
#12654 = DIRECTION('',(-0.,0.,-1.));
#12655 = DIRECTION('',(-0.,-1.,0.));
#12656 = FACE_BOUND('',#12657,.T.);
#12657 = EDGE_LOOP('',(#12658));
#12658 = ORIENTED_EDGE('',*,*,#12659,.T.);
#12659 = EDGE_CURVE('',#12660,#12660,#12662,.T.);
#12660 = VERTEX_POINT('',#12661);
#12661 = CARTESIAN_POINT('',(142.285002,-98.0366,1.51));
#12662 = CIRCLE('',#12663,0.1016);
#12663 = AXIS2_PLACEMENT_3D('',#12664,#12665,#12666);
#12664 = CARTESIAN_POINT('',(142.285002,-97.935,1.51));
#12665 = DIRECTION('',(-0.,0.,-1.));
#12666 = DIRECTION('',(-2.797412345513E-13,-1.,0.));
#12667 = FACE_BOUND('',#12668,.T.);
#12668 = EDGE_LOOP('',(#12669));
#12669 = ORIENTED_EDGE('',*,*,#12670,.T.);
#12670 = EDGE_CURVE('',#12671,#12671,#12673,.T.);
#12671 = VERTEX_POINT('',#12672);
#12672 = CARTESIAN_POINT('',(143.464999,-98.0366,1.51));
#12673 = CIRCLE('',#12674,0.1016);
#12674 = AXIS2_PLACEMENT_3D('',#12675,#12676,#12677);
#12675 = CARTESIAN_POINT('',(143.464999,-97.935,1.51));
#12676 = DIRECTION('',(-0.,0.,-1.));
#12677 = DIRECTION('',(2.797412345511E-13,-1.,-0.));
#12678 = FACE_BOUND('',#12679,.T.);
#12679 = EDGE_LOOP('',(#12680));
#12680 = ORIENTED_EDGE('',*,*,#12681,.T.);
#12681 = EDGE_CURVE('',#12682,#12682,#12684,.T.);
#12682 = VERTEX_POINT('',#12683);
#12683 = CARTESIAN_POINT('',(128.275,-93.75,1.51));
#12684 = CIRCLE('',#12685,0.5);
#12685 = AXIS2_PLACEMENT_3D('',#12686,#12687,#12688);
#12686 = CARTESIAN_POINT('',(128.275,-93.25,1.51));
#12687 = DIRECTION('',(-0.,0.,-1.));
#12688 = DIRECTION('',(-0.,-1.,0.));
#12689 = FACE_BOUND('',#12690,.T.);
#12690 = EDGE_LOOP('',(#12691));
#12691 = ORIENTED_EDGE('',*,*,#12692,.T.);
#12692 = EDGE_CURVE('',#12693,#12693,#12695,.T.);
#12693 = VERTEX_POINT('',#12694);
#12694 = CARTESIAN_POINT('',(162.29,-99.12,1.51));
#12695 = CIRCLE('',#12696,0.5);
#12696 = AXIS2_PLACEMENT_3D('',#12697,#12698,#12699);
#12697 = CARTESIAN_POINT('',(162.29,-98.62,1.51));
#12698 = DIRECTION('',(-0.,0.,-1.));
#12699 = DIRECTION('',(-0.,-1.,0.));
#12700 = FACE_BOUND('',#12701,.T.);
#12701 = EDGE_LOOP('',(#12702));
#12702 = ORIENTED_EDGE('',*,*,#12703,.T.);
#12703 = EDGE_CURVE('',#12704,#12704,#12706,.T.);
#12704 = VERTEX_POINT('',#12705);
#12705 = CARTESIAN_POINT('',(161.95,-93.775,1.51));
#12706 = CIRCLE('',#12707,0.5);
#12707 = AXIS2_PLACEMENT_3D('',#12708,#12709,#12710);
#12708 = CARTESIAN_POINT('',(161.95,-93.275,1.51));
#12709 = DIRECTION('',(-0.,0.,-1.));
#12710 = DIRECTION('',(-0.,-1.,0.));
#12711 = PLANE('',#12712);
#12712 = AXIS2_PLACEMENT_3D('',#12713,#12714,#12715);
#12713 = CARTESIAN_POINT('',(0.,0.,1.51));
#12714 = DIRECTION('',(0.,0.,1.));
#12715 = DIRECTION('',(1.,0.,-0.));
#12716 = ADVANCED_FACE('',(#12717),#12728,.T.);
#12717 = FACE_BOUND('',#12718,.T.);
#12718 = EDGE_LOOP('',(#12719,#12725,#12726,#12727));
#12719 = ORIENTED_EDGE('',*,*,#12720,.T.);
#12720 = EDGE_CURVE('',#12051,#12387,#12721,.T.);
#12721 = LINE('',#12722,#12723);
#12722 = CARTESIAN_POINT('',(126.261905,-90.044231,0.));
#12723 = VECTOR('',#12724,1.);
#12724 = DIRECTION('',(0.,0.,1.));
#12725 = ORIENTED_EDGE('',*,*,#12386,.T.);
#12726 = ORIENTED_EDGE('',*,*,#11984,.F.);
#12727 = ORIENTED_EDGE('',*,*,#12050,.F.);
#12728 = CYLINDRICAL_SURFACE('',#12729,0.200084586747);
#12729 = AXIS2_PLACEMENT_3D('',#12730,#12731,#12732);
#12730 = CARTESIAN_POINT('',(126.45959642335,-90.07508457327,0.));
#12731 = DIRECTION('',(0.,0.,-1.));
#12732 = DIRECTION('',(-0.98803924167,0.154202648873,0.));
#12733 = ADVANCED_FACE('',(#12734),#12745,.T.);
#12734 = FACE_BOUND('',#12735,.T.);
#12735 = EDGE_LOOP('',(#12736,#12737,#12738,#12744));
#12736 = ORIENTED_EDGE('',*,*,#12025,.T.);
#12737 = ORIENTED_EDGE('',*,*,#12561,.T.);
#12738 = ORIENTED_EDGE('',*,*,#12739,.F.);
#12739 = EDGE_CURVE('',#12218,#12554,#12740,.T.);
#12740 = LINE('',#12741,#12742);
#12741 = CARTESIAN_POINT('',(146.459523,-89.875,0.));
#12742 = VECTOR('',#12743,1.);
#12743 = DIRECTION('',(0.,0.,1.));
#12744 = ORIENTED_EDGE('',*,*,#12225,.F.);
#12745 = CYLINDRICAL_SURFACE('',#12746,0.200084586747);
#12746 = AXIS2_PLACEMENT_3D('',#12747,#12748,#12749);
#12747 = CARTESIAN_POINT('',(146.45959642335,-90.07508457327,0.));
#12748 = DIRECTION('',(0.,0.,-1.));
#12749 = DIRECTION('',(-0.98803924167,0.154202648873,0.));
#12750 = ADVANCED_FACE('',(#12751),#12762,.F.);
#12751 = FACE_BOUND('',#12752,.T.);
#12752 = EDGE_LOOP('',(#12753,#12759,#12760,#12761));
#12753 = ORIENTED_EDGE('',*,*,#12754,.T.);
#12754 = EDGE_CURVE('',#12060,#12396,#12755,.T.);
#12755 = LINE('',#12756,#12757);
#12756 = CARTESIAN_POINT('',(125.344231,-90.961904,0.));
#12757 = VECTOR('',#12758,1.);
#12758 = DIRECTION('',(0.,0.,1.));
#12759 = ORIENTED_EDGE('',*,*,#12395,.T.);
#12760 = ORIENTED_EDGE('',*,*,#12720,.F.);
#12761 = ORIENTED_EDGE('',*,*,#12059,.F.);
#12762 = CYLINDRICAL_SURFACE('',#12763,1.099923894078);
#12763 = AXIS2_PLACEMENT_3D('',#12764,#12765,#12766);
#12764 = CARTESIAN_POINT('',(125.17506744787,-89.87506626353,0.));
#12765 = DIRECTION('',(-0.,-0.,-1.));
#12766 = DIRECTION('',(0.153795688077,-0.988102669933,0.));
#12767 = ADVANCED_FACE('',(#12768),#12779,.T.);
#12768 = FACE_BOUND('',#12769,.T.);
#12769 = EDGE_LOOP('',(#12770,#12771,#12772,#12778));
#12770 = ORIENTED_EDGE('',*,*,#12739,.T.);
#12771 = ORIENTED_EDGE('',*,*,#12553,.T.);
#12772 = ORIENTED_EDGE('',*,*,#12773,.F.);
#12773 = EDGE_CURVE('',#12209,#12545,#12774,.T.);
#12774 = LINE('',#12775,#12776);
#12775 = CARTESIAN_POINT('',(163.890477,-89.875,0.));
#12776 = VECTOR('',#12777,1.);
#12777 = DIRECTION('',(0.,0.,1.));
#12778 = ORIENTED_EDGE('',*,*,#12217,.F.);
#12779 = PLANE('',#12780);
#12780 = AXIS2_PLACEMENT_3D('',#12781,#12782,#12783);
#12781 = CARTESIAN_POINT('',(146.459523,-89.875,0.));
#12782 = DIRECTION('',(0.,1.,0.));
#12783 = DIRECTION('',(1.,0.,0.));
#12784 = ADVANCED_FACE('',(#12785),#12796,.T.);
#12785 = FACE_BOUND('',#12786,.T.);
#12786 = EDGE_LOOP('',(#12787,#12793,#12794,#12795));
#12787 = ORIENTED_EDGE('',*,*,#12788,.T.);
#12788 = EDGE_CURVE('',#12069,#12405,#12789,.T.);
#12789 = LINE('',#12790,#12791);
#12790 = CARTESIAN_POINT('',(125.175,-91.159523,0.));
#12791 = VECTOR('',#12792,1.);
#12792 = DIRECTION('',(0.,0.,1.));
#12793 = ORIENTED_EDGE('',*,*,#12404,.T.);
#12794 = ORIENTED_EDGE('',*,*,#12754,.F.);
#12795 = ORIENTED_EDGE('',*,*,#12068,.F.);
#12796 = CYLINDRICAL_SURFACE('',#12797,0.200021488247);
#12797 = AXIS2_PLACEMENT_3D('',#12798,#12799,#12800);
#12798 = CARTESIAN_POINT('',(125.3750214874,-91.15954139941,0.));
#12799 = DIRECTION('',(0.,0.,-1.));
#12800 = DIRECTION('',(-0.999999995769,9.198717443624E-05,0.));
#12801 = ADVANCED_FACE('',(#12802),#12813,.T.);
#12802 = FACE_BOUND('',#12803,.T.);
#12803 = EDGE_LOOP('',(#12804,#12805,#12806,#12812));
#12804 = ORIENTED_EDGE('',*,*,#12773,.T.);
#12805 = ORIENTED_EDGE('',*,*,#12544,.T.);
#12806 = ORIENTED_EDGE('',*,*,#12807,.F.);
#12807 = EDGE_CURVE('',#12200,#12536,#12808,.T.);
#12808 = LINE('',#12809,#12810);
#12809 = CARTESIAN_POINT('',(164.088096,-90.044231,0.));
#12810 = VECTOR('',#12811,1.);
#12811 = DIRECTION('',(0.,0.,1.));
#12812 = ORIENTED_EDGE('',*,*,#12208,.F.);
#12813 = CYLINDRICAL_SURFACE('',#12814,0.199970097058);
#12814 = AXIS2_PLACEMENT_3D('',#12815,#12816,#12817);
#12815 = CARTESIAN_POINT('',(163.8905026101,-90.07497009541,0.));
#12816 = DIRECTION('',(0.,0.,-1.));
#12817 = DIRECTION('',(-1.2806967379E-04,0.999999991799,0.));
#12818 = ADVANCED_FACE('',(#12819),#12830,.T.);
#12819 = FACE_BOUND('',#12820,.T.);
#12820 = EDGE_LOOP('',(#12821,#12827,#12828,#12829));
#12821 = ORIENTED_EDGE('',*,*,#12822,.T.);
#12822 = EDGE_CURVE('',#12078,#12414,#12823,.T.);
#12823 = LINE('',#12824,#12825);
#12824 = CARTESIAN_POINT('',(125.175,-108.590477,0.));
#12825 = VECTOR('',#12826,1.);
#12826 = DIRECTION('',(0.,0.,1.));
#12827 = ORIENTED_EDGE('',*,*,#12413,.T.);
#12828 = ORIENTED_EDGE('',*,*,#12788,.F.);
#12829 = ORIENTED_EDGE('',*,*,#12077,.F.);
#12830 = PLANE('',#12831);
#12831 = AXIS2_PLACEMENT_3D('',#12832,#12833,#12834);
#12832 = CARTESIAN_POINT('',(125.175,-108.590477,0.));
#12833 = DIRECTION('',(-1.,0.,0.));
#12834 = DIRECTION('',(0.,1.,0.));
#12835 = ADVANCED_FACE('',(#12836),#12847,.F.);
#12836 = FACE_BOUND('',#12837,.T.);
#12837 = EDGE_LOOP('',(#12838,#12839,#12840,#12846));
#12838 = ORIENTED_EDGE('',*,*,#12807,.T.);
#12839 = ORIENTED_EDGE('',*,*,#12535,.T.);
#12840 = ORIENTED_EDGE('',*,*,#12841,.F.);
#12841 = EDGE_CURVE('',#12191,#12527,#12842,.T.);
#12842 = LINE('',#12843,#12844);
#12843 = CARTESIAN_POINT('',(165.005769,-90.961904,0.));
#12844 = VECTOR('',#12845,1.);
#12845 = DIRECTION('',(0.,0.,1.));
#12846 = ORIENTED_EDGE('',*,*,#12199,.F.);
#12847 = CYLINDRICAL_SURFACE('',#12848,1.099965807312);
#12848 = AXIS2_PLACEMENT_3D('',#12849,#12850,#12851);
#12849 = CARTESIAN_POINT('',(165.17497028142,-89.87502971857,0.));
#12850 = DIRECTION('',(-0.,-0.,-1.));
#12851 = DIRECTION('',(-0.988098242871,-0.153824128258,0.));
#12852 = ADVANCED_FACE('',(#12853),#12864,.T.);
#12853 = FACE_BOUND('',#12854,.T.);
#12854 = EDGE_LOOP('',(#12855,#12861,#12862,#12863));
#12855 = ORIENTED_EDGE('',*,*,#12856,.T.);
#12856 = EDGE_CURVE('',#12086,#12422,#12857,.T.);
#12857 = LINE('',#12858,#12859);
#12858 = CARTESIAN_POINT('',(125.344231,-108.788096,0.));
#12859 = VECTOR('',#12860,1.);
#12860 = DIRECTION('',(0.,0.,1.));
#12861 = ORIENTED_EDGE('',*,*,#12421,.T.);
#12862 = ORIENTED_EDGE('',*,*,#12822,.F.);
#12863 = ORIENTED_EDGE('',*,*,#12085,.F.);
#12864 = CYLINDRICAL_SURFACE('',#12865,0.200178655249);
#12865 = AXIS2_PLACEMENT_3D('',#12866,#12867,#12868);
#12866 = CARTESIAN_POINT('',(125.37517859682,-108.5903240599,0.));
#12867 = DIRECTION('',(0.,0.,-1.));
#12868 = DIRECTION('',(-0.154599883718,-0.987977163681,-0.));
#12869 = ADVANCED_FACE('',(#12870),#12881,.T.);
#12870 = FACE_BOUND('',#12871,.T.);
#12871 = EDGE_LOOP('',(#12872,#12873,#12874,#12880));
#12872 = ORIENTED_EDGE('',*,*,#12841,.T.);
#12873 = ORIENTED_EDGE('',*,*,#12526,.T.);
#12874 = ORIENTED_EDGE('',*,*,#12875,.F.);
#12875 = EDGE_CURVE('',#12183,#12519,#12876,.T.);
#12876 = LINE('',#12877,#12878);
#12877 = CARTESIAN_POINT('',(165.175,-91.159523,0.));
#12878 = VECTOR('',#12879,1.);
#12879 = DIRECTION('',(0.,0.,1.));
#12880 = ORIENTED_EDGE('',*,*,#12190,.F.);
#12881 = CYLINDRICAL_SURFACE('',#12882,0.199954344449);
#12882 = AXIS2_PLACEMENT_3D('',#12883,#12884,#12885);
#12883 = CARTESIAN_POINT('',(164.97504565937,-91.15948389828,0.));
#12884 = DIRECTION('',(0.,0.,-1.));
#12885 = DIRECTION('',(0.153651778413,0.988125058376,0.));
#12886 = ADVANCED_FACE('',(#12887),#12898,.F.);
#12887 = FACE_BOUND('',#12888,.T.);
#12888 = EDGE_LOOP('',(#12889,#12895,#12896,#12897));
#12889 = ORIENTED_EDGE('',*,*,#12890,.T.);
#12890 = EDGE_CURVE('',#12095,#12431,#12891,.T.);
#12891 = LINE('',#12892,#12893);
#12892 = CARTESIAN_POINT('',(126.261905,-109.705769,0.));
#12893 = VECTOR('',#12894,1.);
#12894 = DIRECTION('',(0.,0.,1.));
#12895 = ORIENTED_EDGE('',*,*,#12430,.T.);
#12896 = ORIENTED_EDGE('',*,*,#12856,.F.);
#12897 = ORIENTED_EDGE('',*,*,#12094,.F.);
#12898 = CYLINDRICAL_SURFACE('',#12899,1.100039550394);
#12899 = AXIS2_PLACEMENT_3D('',#12900,#12901,#12902);
#12900 = CARTESIAN_POINT('',(125.17496616656,-109.8750350178,0.));
#12901 = DIRECTION('',(-0.,-0.,-1.));
#12902 = DIRECTION('',(0.988090685505,0.153872665598,-0.));
#12903 = ADVANCED_FACE('',(#12904),#12915,.T.);
#12904 = FACE_BOUND('',#12905,.T.);
#12905 = EDGE_LOOP('',(#12906,#12907,#12908,#12914));
#12906 = ORIENTED_EDGE('',*,*,#12875,.T.);
#12907 = ORIENTED_EDGE('',*,*,#12518,.T.);
#12908 = ORIENTED_EDGE('',*,*,#12909,.F.);
#12909 = EDGE_CURVE('',#12174,#12510,#12910,.T.);
#12910 = LINE('',#12911,#12912);
#12911 = CARTESIAN_POINT('',(165.175,-108.590477,0.));
#12912 = VECTOR('',#12913,1.);
#12913 = DIRECTION('',(0.,0.,1.));
#12914 = ORIENTED_EDGE('',*,*,#12182,.F.);
#12915 = PLANE('',#12916);
#12916 = AXIS2_PLACEMENT_3D('',#12917,#12918,#12919);
#12917 = CARTESIAN_POINT('',(165.175,-91.159523,0.));
#12918 = DIRECTION('',(1.,0.,-0.));
#12919 = DIRECTION('',(0.,-1.,0.));
#12920 = ADVANCED_FACE('',(#12921),#12932,.T.);
#12921 = FACE_BOUND('',#12922,.T.);
#12922 = EDGE_LOOP('',(#12923,#12929,#12930,#12931));
#12923 = ORIENTED_EDGE('',*,*,#12924,.T.);
#12924 = EDGE_CURVE('',#12104,#12440,#12925,.T.);
#12925 = LINE('',#12926,#12927);
#12926 = CARTESIAN_POINT('',(126.459523,-109.875,0.));
#12927 = VECTOR('',#12928,1.);
#12928 = DIRECTION('',(0.,0.,1.));
#12929 = ORIENTED_EDGE('',*,*,#12439,.T.);
#12930 = ORIENTED_EDGE('',*,*,#12890,.F.);
#12931 = ORIENTED_EDGE('',*,*,#12103,.F.);
#12932 = CYLINDRICAL_SURFACE('',#12933,0.200010522755);
#12933 = AXIS2_PLACEMENT_3D('',#12934,#12935,#12936);
#12934 = CARTESIAN_POINT('',(126.45953300967,-109.6749894774,0.));
#12935 = DIRECTION('',(0.,0.,-1.));
#12936 = DIRECTION('',(-5.004573136225E-05,-0.999999998748,-0.));
#12937 = ADVANCED_FACE('',(#12938),#12949,.T.);
#12938 = FACE_BOUND('',#12939,.T.);
#12939 = EDGE_LOOP('',(#12940,#12941,#12942,#12948));
#12940 = ORIENTED_EDGE('',*,*,#12909,.T.);
#12941 = ORIENTED_EDGE('',*,*,#12509,.T.);
#12942 = ORIENTED_EDGE('',*,*,#12943,.F.);
#12943 = EDGE_CURVE('',#12165,#12501,#12944,.T.);
#12944 = LINE('',#12945,#12946);
#12945 = CARTESIAN_POINT('',(165.005769,-108.788096,0.));
#12946 = VECTOR('',#12947,1.);
#12947 = DIRECTION('',(0.,0.,1.));
#12948 = ORIENTED_EDGE('',*,*,#12173,.F.);
#12949 = CYLINDRICAL_SURFACE('',#12950,0.199958795599);
#12950 = AXIS2_PLACEMENT_3D('',#12951,#12952,#12953);
#12951 = CARTESIAN_POINT('',(164.97504120751,-108.5905122893,0.));
#12952 = DIRECTION('',(0.,0.,-1.));
#12953 = DIRECTION('',(0.999999984427,1.764832065303E-04,0.));
#12954 = ADVANCED_FACE('',(#12955),#12966,.T.);
#12955 = FACE_BOUND('',#12956,.T.);
#12956 = EDGE_LOOP('',(#12957,#12963,#12964,#12965));
#12957 = ORIENTED_EDGE('',*,*,#12958,.T.);
#12958 = EDGE_CURVE('',#12113,#12449,#12959,.T.);
#12959 = LINE('',#12960,#12961);
#12960 = CARTESIAN_POINT('',(143.890477,-109.875,0.));
#12961 = VECTOR('',#12962,1.);
#12962 = DIRECTION('',(0.,0.,1.));
#12963 = ORIENTED_EDGE('',*,*,#12448,.T.);
#12964 = ORIENTED_EDGE('',*,*,#12924,.F.);
#12965 = ORIENTED_EDGE('',*,*,#12112,.F.);
#12966 = PLANE('',#12967);
#12967 = AXIS2_PLACEMENT_3D('',#12968,#12969,#12970);
#12968 = CARTESIAN_POINT('',(143.890477,-109.875,0.));
#12969 = DIRECTION('',(0.,-1.,0.));
#12970 = DIRECTION('',(-1.,0.,0.));
#12971 = ADVANCED_FACE('',(#12972),#12983,.F.);
#12972 = FACE_BOUND('',#12973,.T.);
#12973 = EDGE_LOOP('',(#12974,#12975,#12976,#12982));
#12974 = ORIENTED_EDGE('',*,*,#12943,.T.);
#12975 = ORIENTED_EDGE('',*,*,#12500,.T.);
#12976 = ORIENTED_EDGE('',*,*,#12977,.F.);
#12977 = EDGE_CURVE('',#12156,#12492,#12978,.T.);
#12978 = LINE('',#12979,#12980);
#12979 = CARTESIAN_POINT('',(164.088096,-109.705769,0.));
#12980 = VECTOR('',#12981,1.);
#12981 = DIRECTION('',(0.,0.,1.));
#12982 = ORIENTED_EDGE('',*,*,#12164,.F.);
#12983 = CYLINDRICAL_SURFACE('',#12984,1.100072577233);
#12984 = AXIS2_PLACEMENT_3D('',#12985,#12986,#12987);
#12985 = CARTESIAN_POINT('',(165.17506377915,-109.8750637791,0.));
#12986 = DIRECTION('',(-0.,-0.,-1.));
#12987 = DIRECTION('',(-0.153894190858,0.988087333195,0.));
#12988 = ADVANCED_FACE('',(#12989),#13000,.T.);
#12989 = FACE_BOUND('',#12990,.T.);
#12990 = EDGE_LOOP('',(#12991,#12997,#12998,#12999));
#12991 = ORIENTED_EDGE('',*,*,#12992,.T.);
#12992 = EDGE_CURVE('',#12121,#12457,#12993,.T.);
#12993 = LINE('',#12994,#12995);
#12994 = CARTESIAN_POINT('',(144.088096,-109.705769,0.));
#12995 = VECTOR('',#12996,1.);
#12996 = DIRECTION('',(0.,0.,1.));
#12997 = ORIENTED_EDGE('',*,*,#12456,.T.);
#12998 = ORIENTED_EDGE('',*,*,#12958,.F.);
#12999 = ORIENTED_EDGE('',*,*,#12120,.F.);
#13000 = CYLINDRICAL_SURFACE('',#13001,0.200158387489);
#13001 = AXIS2_PLACEMENT_3D('',#13002,#13003,#13004);
#13002 = CARTESIAN_POINT('',(143.89034140555,-109.6748416584,0.));
#13003 = DIRECTION('',(0.,0.,-1.));
#13004 = DIRECTION('',(0.987990545543,-0.154514342108,0.));
#13005 = ADVANCED_FACE('',(#13006),#13017,.T.);
#13006 = FACE_BOUND('',#13007,.T.);
#13007 = EDGE_LOOP('',(#13008,#13009,#13010,#13016));
#13008 = ORIENTED_EDGE('',*,*,#12977,.T.);
#13009 = ORIENTED_EDGE('',*,*,#12491,.T.);
#13010 = ORIENTED_EDGE('',*,*,#13011,.F.);
#13011 = EDGE_CURVE('',#12148,#12484,#13012,.T.);
#13012 = LINE('',#13013,#13014);
#13013 = CARTESIAN_POINT('',(163.890477,-109.875,0.));
#13014 = VECTOR('',#13015,1.);
#13015 = DIRECTION('',(0.,0.,1.));
#13016 = ORIENTED_EDGE('',*,*,#12155,.F.);
#13017 = CYLINDRICAL_SURFACE('',#13018,0.200048571984);
#13018 = AXIS2_PLACEMENT_3D('',#13019,#13020,#13021);
#13019 = CARTESIAN_POINT('',(163.89043541041,-109.6749514323,0.));
#13020 = DIRECTION('',(0.,0.,-1.));
#13021 = DIRECTION('',(0.988062987042,-0.154050425632,0.));
#13022 = ADVANCED_FACE('',(#13023),#13034,.F.);
#13023 = FACE_BOUND('',#13024,.T.);
#13024 = EDGE_LOOP('',(#13025,#13031,#13032,#13033));
#13025 = ORIENTED_EDGE('',*,*,#13026,.T.);
#13026 = EDGE_CURVE('',#12130,#12466,#13027,.T.);
#13027 = LINE('',#13028,#13029);
#13028 = CARTESIAN_POINT('',(146.261905,-109.705769,0.));
#13029 = VECTOR('',#13030,1.);
#13030 = DIRECTION('',(0.,0.,1.));
#13031 = ORIENTED_EDGE('',*,*,#12465,.T.);
#13032 = ORIENTED_EDGE('',*,*,#12992,.F.);
#13033 = ORIENTED_EDGE('',*,*,#12129,.F.);
#13034 = CYLINDRICAL_SURFACE('',#13035,1.100000099391);
#13035 = AXIS2_PLACEMENT_3D('',#13036,#13037,#13038);
#13036 = CARTESIAN_POINT('',(145.1750005,-109.8749990993,0.));
#13037 = DIRECTION('',(-0.,-0.,-1.));
#13038 = DIRECTION('',(0.98809491072,0.153845531,-0.));
#13039 = ADVANCED_FACE('',(#13040),#13051,.T.);
#13040 = FACE_BOUND('',#13041,.T.);
#13041 = EDGE_LOOP('',(#13042,#13043,#13044,#13050));
#13042 = ORIENTED_EDGE('',*,*,#13011,.T.);
#13043 = ORIENTED_EDGE('',*,*,#12483,.T.);
#13044 = ORIENTED_EDGE('',*,*,#13045,.F.);
#13045 = EDGE_CURVE('',#12139,#12475,#13046,.T.);
#13046 = LINE('',#13047,#13048);
#13047 = CARTESIAN_POINT('',(146.459523,-109.875,0.));
#13048 = VECTOR('',#13049,1.);
#13049 = DIRECTION('',(0.,0.,1.));
#13050 = ORIENTED_EDGE('',*,*,#12147,.F.);
#13051 = PLANE('',#13052);
#13052 = AXIS2_PLACEMENT_3D('',#13053,#13054,#13055);
#13053 = CARTESIAN_POINT('',(163.890477,-109.875,0.));
#13054 = DIRECTION('',(0.,-1.,0.));
#13055 = DIRECTION('',(-1.,0.,0.));
#13056 = ADVANCED_FACE('',(#13057),#13063,.T.);
#13057 = FACE_BOUND('',#13058,.T.);
#13058 = EDGE_LOOP('',(#13059,#13060,#13061,#13062));
#13059 = ORIENTED_EDGE('',*,*,#13045,.T.);
#13060 = ORIENTED_EDGE('',*,*,#12474,.T.);
#13061 = ORIENTED_EDGE('',*,*,#13026,.F.);
#13062 = ORIENTED_EDGE('',*,*,#12138,.F.);
#13063 = CYLINDRICAL_SURFACE('',#13064,0.200010522755);
#13064 = AXIS2_PLACEMENT_3D('',#13065,#13066,#13067);
#13065 = CARTESIAN_POINT('',(146.45953300967,-109.6749894774,0.));
#13066 = DIRECTION('',(0.,0.,-1.));
#13067 = DIRECTION('',(-5.004573143331E-05,-0.999999998748,-0.));
#13068 = ADVANCED_FACE('',(#13069),#13080,.F.);
#13069 = FACE_BOUND('',#13070,.T.);
#13070 = EDGE_LOOP('',(#13071,#13072,#13078,#13079));
#13071 = ORIENTED_EDGE('',*,*,#12235,.T.);
#13072 = ORIENTED_EDGE('',*,*,#13073,.T.);
#13073 = EDGE_CURVE('',#12236,#12572,#13074,.T.);
#13074 = LINE('',#13075,#13076);
#13075 = CARTESIAN_POINT('',(128.375,-106.95,-4.6E-02));
#13076 = VECTOR('',#13077,1.);
#13077 = DIRECTION('',(0.,0.,1.));
#13078 = ORIENTED_EDGE('',*,*,#12571,.F.);
#13079 = ORIENTED_EDGE('',*,*,#13073,.F.);
#13080 = CYLINDRICAL_SURFACE('',#13081,0.5);
#13081 = AXIS2_PLACEMENT_3D('',#13082,#13083,#13084);
#13082 = CARTESIAN_POINT('',(128.375,-106.45,-4.6E-02));
#13083 = DIRECTION('',(-0.,-0.,-1.));
#13084 = DIRECTION('',(-0.,-1.,0.));
#13085 = ADVANCED_FACE('',(#13086),#13097,.F.);
#13086 = FACE_BOUND('',#13087,.T.);
#13087 = EDGE_LOOP('',(#13088,#13089,#13095,#13096));
#13088 = ORIENTED_EDGE('',*,*,#12246,.T.);
#13089 = ORIENTED_EDGE('',*,*,#13090,.T.);
#13090 = EDGE_CURVE('',#12247,#12583,#13091,.T.);
#13091 = LINE('',#13092,#13093);
#13092 = CARTESIAN_POINT('',(128.09,-101.62,-4.6E-02));
#13093 = VECTOR('',#13094,1.);
#13094 = DIRECTION('',(0.,0.,1.));
#13095 = ORIENTED_EDGE('',*,*,#12582,.F.);
#13096 = ORIENTED_EDGE('',*,*,#13090,.F.);
#13097 = CYLINDRICAL_SURFACE('',#13098,0.5);
#13098 = AXIS2_PLACEMENT_3D('',#13099,#13100,#13101);
#13099 = CARTESIAN_POINT('',(128.09,-101.12,-4.6E-02));
#13100 = DIRECTION('',(-0.,-0.,-1.));
#13101 = DIRECTION('',(-0.,-1.,0.));
#13102 = ADVANCED_FACE('',(#13103),#13114,.F.);
#13103 = FACE_BOUND('',#13104,.T.);
#13104 = EDGE_LOOP('',(#13105,#13106,#13112,#13113));
#13105 = ORIENTED_EDGE('',*,*,#12257,.T.);
#13106 = ORIENTED_EDGE('',*,*,#13107,.T.);
#13107 = EDGE_CURVE('',#12258,#12594,#13108,.T.);
#13108 = LINE('',#13109,#13110);
#13109 = CARTESIAN_POINT('',(161.95,-106.975,-4.6E-02));
#13110 = VECTOR('',#13111,1.);
#13111 = DIRECTION('',(0.,0.,1.));
#13112 = ORIENTED_EDGE('',*,*,#12593,.F.);
#13113 = ORIENTED_EDGE('',*,*,#13107,.F.);
#13114 = CYLINDRICAL_SURFACE('',#13115,0.5);
#13115 = AXIS2_PLACEMENT_3D('',#13116,#13117,#13118);
#13116 = CARTESIAN_POINT('',(161.95,-106.475,-4.6E-02));
#13117 = DIRECTION('',(-0.,-0.,-1.));
#13118 = DIRECTION('',(-0.,-1.,0.));
#13119 = ADVANCED_FACE('',(#13120),#13131,.F.);
#13120 = FACE_BOUND('',#13121,.T.);
#13121 = EDGE_LOOP('',(#13122,#13123,#13129,#13130));
#13122 = ORIENTED_EDGE('',*,*,#12268,.T.);
#13123 = ORIENTED_EDGE('',*,*,#13124,.T.);
#13124 = EDGE_CURVE('',#12269,#12605,#13125,.T.);
#13125 = LINE('',#13126,#13127);
#13126 = CARTESIAN_POINT('',(162.29,-101.62,-4.6E-02));
#13127 = VECTOR('',#13128,1.);
#13128 = DIRECTION('',(0.,0.,1.));
#13129 = ORIENTED_EDGE('',*,*,#12604,.F.);
#13130 = ORIENTED_EDGE('',*,*,#13124,.F.);
#13131 = CYLINDRICAL_SURFACE('',#13132,0.5);
#13132 = AXIS2_PLACEMENT_3D('',#13133,#13134,#13135);
#13133 = CARTESIAN_POINT('',(162.29,-101.12,-4.6E-02));
#13134 = DIRECTION('',(-0.,-0.,-1.));
#13135 = DIRECTION('',(-0.,-1.,0.));
#13136 = ADVANCED_FACE('',(#13137),#13148,.F.);
#13137 = FACE_BOUND('',#13138,.T.);
#13138 = EDGE_LOOP('',(#13139,#13140,#13146,#13147));
#13139 = ORIENTED_EDGE('',*,*,#12279,.T.);
#13140 = ORIENTED_EDGE('',*,*,#13141,.T.);
#13141 = EDGE_CURVE('',#12280,#12616,#13142,.T.);
#13142 = LINE('',#13143,#13144);
#13143 = CARTESIAN_POINT('',(128.09,-99.12,-4.6E-02));
#13144 = VECTOR('',#13145,1.);
#13145 = DIRECTION('',(0.,0.,1.));
#13146 = ORIENTED_EDGE('',*,*,#12615,.F.);
#13147 = ORIENTED_EDGE('',*,*,#13141,.F.);
#13148 = CYLINDRICAL_SURFACE('',#13149,0.5);
#13149 = AXIS2_PLACEMENT_3D('',#13150,#13151,#13152);
#13150 = CARTESIAN_POINT('',(128.09,-98.62,-4.6E-02));
#13151 = DIRECTION('',(-0.,-0.,-1.));
#13152 = DIRECTION('',(-0.,-1.,0.));
#13153 = ADVANCED_FACE('',(#13154),#13165,.F.);
#13154 = FACE_BOUND('',#13155,.T.);
#13155 = EDGE_LOOP('',(#13156,#13157,#13163,#13164));
#13156 = ORIENTED_EDGE('',*,*,#12290,.T.);
#13157 = ORIENTED_EDGE('',*,*,#13158,.T.);
#13158 = EDGE_CURVE('',#12291,#12627,#13159,.T.);
#13159 = LINE('',#13160,#13161);
#13160 = CARTESIAN_POINT('',(142.285002,-99.216597,-4.6E-02));
#13161 = VECTOR('',#13162,1.);
#13162 = DIRECTION('',(0.,0.,1.));
#13163 = ORIENTED_EDGE('',*,*,#12626,.F.);
#13164 = ORIENTED_EDGE('',*,*,#13158,.F.);
#13165 = CYLINDRICAL_SURFACE('',#13166,0.1016);
#13166 = AXIS2_PLACEMENT_3D('',#13167,#13168,#13169);
#13167 = CARTESIAN_POINT('',(142.285002,-99.114997,-4.6E-02));
#13168 = DIRECTION('',(-0.,-0.,-1.));
#13169 = DIRECTION('',(-2.797412345512E-13,-1.,0.));
#13170 = ADVANCED_FACE('',(#13171),#13182,.F.);
#13171 = FACE_BOUND('',#13172,.T.);
#13172 = EDGE_LOOP('',(#13173,#13174,#13180,#13181));
#13173 = ORIENTED_EDGE('',*,*,#12301,.T.);
#13174 = ORIENTED_EDGE('',*,*,#13175,.T.);
#13175 = EDGE_CURVE('',#12302,#12638,#13176,.T.);
#13176 = LINE('',#13177,#13178);
#13177 = CARTESIAN_POINT('',(143.464999,-99.216597,-4.6E-02));
#13178 = VECTOR('',#13179,1.);
#13179 = DIRECTION('',(0.,0.,1.));
#13180 = ORIENTED_EDGE('',*,*,#12637,.F.);
#13181 = ORIENTED_EDGE('',*,*,#13175,.F.);
#13182 = CYLINDRICAL_SURFACE('',#13183,0.1016);
#13183 = AXIS2_PLACEMENT_3D('',#13184,#13185,#13186);
#13184 = CARTESIAN_POINT('',(143.464999,-99.114997,-4.6E-02));
#13185 = DIRECTION('',(-0.,0.,-1.));
#13186 = DIRECTION('',(2.797412345511E-13,-1.,-0.));
#13187 = ADVANCED_FACE('',(#13188),#13199,.F.);
#13188 = FACE_BOUND('',#13189,.T.);
#13189 = EDGE_LOOP('',(#13190,#13191,#13197,#13198));
#13190 = ORIENTED_EDGE('',*,*,#12312,.T.);
#13191 = ORIENTED_EDGE('',*,*,#13192,.T.);
#13192 = EDGE_CURVE('',#12313,#12649,#13193,.T.);
#13193 = LINE('',#13194,#13195);
#13194 = CARTESIAN_POINT('',(142.875,-98.626599,-4.6E-02));
#13195 = VECTOR('',#13196,1.);
#13196 = DIRECTION('',(0.,0.,1.));
#13197 = ORIENTED_EDGE('',*,*,#12648,.F.);
#13198 = ORIENTED_EDGE('',*,*,#13192,.F.);
#13199 = CYLINDRICAL_SURFACE('',#13200,0.1016);
#13200 = AXIS2_PLACEMENT_3D('',#13201,#13202,#13203);
#13201 = CARTESIAN_POINT('',(142.875,-98.524999,-4.6E-02));
#13202 = DIRECTION('',(-0.,-0.,-1.));
#13203 = DIRECTION('',(-0.,-1.,0.));
#13204 = ADVANCED_FACE('',(#13205),#13216,.F.);
#13205 = FACE_BOUND('',#13206,.T.);
#13206 = EDGE_LOOP('',(#13207,#13208,#13214,#13215));
#13207 = ORIENTED_EDGE('',*,*,#12323,.T.);
#13208 = ORIENTED_EDGE('',*,*,#13209,.T.);
#13209 = EDGE_CURVE('',#12324,#12660,#13210,.T.);
#13210 = LINE('',#13211,#13212);
#13211 = CARTESIAN_POINT('',(142.285002,-98.0366,-4.6E-02));
#13212 = VECTOR('',#13213,1.);
#13213 = DIRECTION('',(0.,0.,1.));
#13214 = ORIENTED_EDGE('',*,*,#12659,.F.);
#13215 = ORIENTED_EDGE('',*,*,#13209,.F.);
#13216 = CYLINDRICAL_SURFACE('',#13217,0.1016);
#13217 = AXIS2_PLACEMENT_3D('',#13218,#13219,#13220);
#13218 = CARTESIAN_POINT('',(142.285002,-97.935,-4.6E-02));
#13219 = DIRECTION('',(-0.,-0.,-1.));
#13220 = DIRECTION('',(-2.797412345513E-13,-1.,0.));
#13221 = ADVANCED_FACE('',(#13222),#13233,.F.);
#13222 = FACE_BOUND('',#13223,.T.);
#13223 = EDGE_LOOP('',(#13224,#13225,#13231,#13232));
#13224 = ORIENTED_EDGE('',*,*,#12334,.T.);
#13225 = ORIENTED_EDGE('',*,*,#13226,.T.);
#13226 = EDGE_CURVE('',#12335,#12671,#13227,.T.);
#13227 = LINE('',#13228,#13229);
#13228 = CARTESIAN_POINT('',(143.464999,-98.0366,-4.6E-02));
#13229 = VECTOR('',#13230,1.);
#13230 = DIRECTION('',(0.,0.,1.));
#13231 = ORIENTED_EDGE('',*,*,#12670,.F.);
#13232 = ORIENTED_EDGE('',*,*,#13226,.F.);
#13233 = CYLINDRICAL_SURFACE('',#13234,0.1016);
#13234 = AXIS2_PLACEMENT_3D('',#13235,#13236,#13237);
#13235 = CARTESIAN_POINT('',(143.464999,-97.935,-4.6E-02));
#13236 = DIRECTION('',(-0.,0.,-1.));
#13237 = DIRECTION('',(2.797412345511E-13,-1.,-0.));
#13238 = ADVANCED_FACE('',(#13239),#13250,.F.);
#13239 = FACE_BOUND('',#13240,.T.);
#13240 = EDGE_LOOP('',(#13241,#13242,#13248,#13249));
#13241 = ORIENTED_EDGE('',*,*,#12345,.T.);
#13242 = ORIENTED_EDGE('',*,*,#13243,.T.);
#13243 = EDGE_CURVE('',#12346,#12682,#13244,.T.);
#13244 = LINE('',#13245,#13246);
#13245 = CARTESIAN_POINT('',(128.275,-93.75,-4.6E-02));
#13246 = VECTOR('',#13247,1.);
#13247 = DIRECTION('',(0.,0.,1.));
#13248 = ORIENTED_EDGE('',*,*,#12681,.F.);
#13249 = ORIENTED_EDGE('',*,*,#13243,.F.);
#13250 = CYLINDRICAL_SURFACE('',#13251,0.5);
#13251 = AXIS2_PLACEMENT_3D('',#13252,#13253,#13254);
#13252 = CARTESIAN_POINT('',(128.275,-93.25,-4.6E-02));
#13253 = DIRECTION('',(-0.,-0.,-1.));
#13254 = DIRECTION('',(-0.,-1.,0.));
#13255 = ADVANCED_FACE('',(#13256),#13267,.F.);
#13256 = FACE_BOUND('',#13257,.T.);
#13257 = EDGE_LOOP('',(#13258,#13259,#13265,#13266));
#13258 = ORIENTED_EDGE('',*,*,#12356,.T.);
#13259 = ORIENTED_EDGE('',*,*,#13260,.T.);
#13260 = EDGE_CURVE('',#12357,#12693,#13261,.T.);
#13261 = LINE('',#13262,#13263);
#13262 = CARTESIAN_POINT('',(162.29,-99.12,-4.6E-02));
#13263 = VECTOR('',#13264,1.);
#13264 = DIRECTION('',(0.,0.,1.));
#13265 = ORIENTED_EDGE('',*,*,#12692,.F.);
#13266 = ORIENTED_EDGE('',*,*,#13260,.F.);
#13267 = CYLINDRICAL_SURFACE('',#13268,0.5);
#13268 = AXIS2_PLACEMENT_3D('',#13269,#13270,#13271);
#13269 = CARTESIAN_POINT('',(162.29,-98.62,-4.6E-02));
#13270 = DIRECTION('',(-0.,-0.,-1.));
#13271 = DIRECTION('',(-0.,-1.,0.));
#13272 = ADVANCED_FACE('',(#13273),#13284,.F.);
#13273 = FACE_BOUND('',#13274,.T.);
#13274 = EDGE_LOOP('',(#13275,#13276,#13282,#13283));
#13275 = ORIENTED_EDGE('',*,*,#12367,.T.);
#13276 = ORIENTED_EDGE('',*,*,#13277,.T.);
#13277 = EDGE_CURVE('',#12368,#12704,#13278,.T.);
#13278 = LINE('',#13279,#13280);
#13279 = CARTESIAN_POINT('',(161.95,-93.775,-4.6E-02));
#13280 = VECTOR('',#13281,1.);
#13281 = DIRECTION('',(0.,0.,1.));
#13282 = ORIENTED_EDGE('',*,*,#12703,.F.);
#13283 = ORIENTED_EDGE('',*,*,#13277,.F.);
#13284 = CYLINDRICAL_SURFACE('',#13285,0.5);
#13285 = AXIS2_PLACEMENT_3D('',#13286,#13287,#13288);
#13286 = CARTESIAN_POINT('',(161.95,-93.275,-4.6E-02));
#13287 = DIRECTION('',(-0.,-0.,-1.));
#13288 = DIRECTION('',(-0.,-1.,0.));
#13289 = ( GEOMETRIC_REPRESENTATION_CONTEXT(3) 
GLOBAL_UNCERTAINTY_ASSIGNED_CONTEXT((#13293)) 
GLOBAL_UNIT_ASSIGNED_CONTEXT((#13290,#13291,#13292)) 
REPRESENTATION_CONTEXT('Context #1',
  '3D Context with UNIT and UNCERTAINTY') );
#13290 = ( LENGTH_UNIT() NAMED_UNIT(*) SI_UNIT(.MILLI.,.METRE.) );
#13291 = ( NAMED_UNIT(*) PLANE_ANGLE_UNIT() SI_UNIT($,.RADIAN.) );
#13292 = ( NAMED_UNIT(*) SI_UNIT($,.STERADIAN.) SOLID_ANGLE_UNIT() );
#13293 = UNCERTAINTY_MEASURE_WITH_UNIT(LENGTH_MEASURE(1.E-07),#13290,
  'distance_accuracy_value','confusion accuracy');
#13294 = CONTEXT_DEPENDENT_SHAPE_REPRESENTATION(#13295,#13297);
#13295 = ( REPRESENTATION_RELATIONSHIP('','',#11935,#10) 
REPRESENTATION_RELATIONSHIP_WITH_TRANSFORMATION(#13296) 
SHAPE_REPRESENTATION_RELATIONSHIP() );
#13296 = ITEM_DEFINED_TRANSFORMATION('','',#11,#67);
#13297 = PRODUCT_DEFINITION_SHAPE('Placement','Placement of an item',
  #13298);
#13298 = NEXT_ASSEMBLY_USAGE_OCCURRENCE('14','=>[0:1:1:10]','',#5,#11930
  ,$);
#13299 = PRODUCT_RELATED_PRODUCT_CATEGORY('part',$,(#11932));
#13300 = MECHANICAL_DESIGN_GEOMETRIC_PRESENTATION_REPRESENTATION('',(
    #13301),#13289);
#13301 = STYLED_ITEM('color',(#13302),#11936);
#13302 = PRESENTATION_STYLE_ASSIGNMENT((#13303));
#13303 = SURFACE_STYLE_USAGE(.BOTH.,#13304);
#13304 = SURFACE_SIDE_STYLE('',(#13305));
#13305 = SURFACE_STYLE_FILL_AREA(#13306);
#13306 = FILL_AREA_STYLE('',(#13307));
#13307 = FILL_AREA_STYLE_COLOUR('',#13308);
#13308 = COLOUR_RGB('',0.313304153717,0.484529207832,0.410020903123);
#13309 = MECHANICAL_DESIGN_GEOMETRIC_PRESENTATION_REPRESENTATION('',(
    #13310,#13318,#13325,#13332,#13339,#13346,#13353,#13360,#13367,
    #13374,#13381,#13389,#13396,#13403,#13410,#13417,#13424,#13431,
    #13438,#13445,#13452,#13459,#13466,#13473,#13480,#13487,#13494,
    #13501),#1748);
#13310 = STYLED_ITEM('color',(#13311),#896);
#13311 = PRESENTATION_STYLE_ASSIGNMENT((#13312));
#13312 = SURFACE_STYLE_USAGE(.BOTH.,#13313);
#13313 = SURFACE_SIDE_STYLE('',(#13314));
#13314 = SURFACE_STYLE_FILL_AREA(#13315);
#13315 = FILL_AREA_STYLE('',(#13316));
#13316 = FILL_AREA_STYLE_COLOUR('',#13317);
#13317 = COLOUR_RGB('',0.823999987314,0.819999987296,0.781000009244);
#13318 = STYLED_ITEM('color',(#13319),#972);
#13319 = PRESENTATION_STYLE_ASSIGNMENT((#13320));
#13320 = SURFACE_STYLE_USAGE(.BOTH.,#13321);
#13321 = SURFACE_SIDE_STYLE('',(#13322));
#13322 = SURFACE_STYLE_FILL_AREA(#13323);
#13323 = FILL_AREA_STYLE('',(#13324));
#13324 = FILL_AREA_STYLE_COLOUR('',#13317);
#13325 = STYLED_ITEM('color',(#13326),#1003);
#13326 = PRESENTATION_STYLE_ASSIGNMENT((#13327));
#13327 = SURFACE_STYLE_USAGE(.BOTH.,#13328);
#13328 = SURFACE_SIDE_STYLE('',(#13329));
#13329 = SURFACE_STYLE_FILL_AREA(#13330);
#13330 = FILL_AREA_STYLE('',(#13331));
#13331 = FILL_AREA_STYLE_COLOUR('',#13317);
#13332 = STYLED_ITEM('color',(#13333),#1028);
#13333 = PRESENTATION_STYLE_ASSIGNMENT((#13334));
#13334 = SURFACE_STYLE_USAGE(.BOTH.,#13335);
#13335 = SURFACE_SIDE_STYLE('',(#13336));
#13336 = SURFACE_STYLE_FILL_AREA(#13337);
#13337 = FILL_AREA_STYLE('',(#13338));
#13338 = FILL_AREA_STYLE_COLOUR('',#13317);
#13339 = STYLED_ITEM('color',(#13340),#1053);
#13340 = PRESENTATION_STYLE_ASSIGNMENT((#13341));
#13341 = SURFACE_STYLE_USAGE(.BOTH.,#13342);
#13342 = SURFACE_SIDE_STYLE('',(#13343));
#13343 = SURFACE_STYLE_FILL_AREA(#13344);
#13344 = FILL_AREA_STYLE('',(#13345));
#13345 = FILL_AREA_STYLE_COLOUR('',#13317);
#13346 = STYLED_ITEM('color',(#13347),#1077);
#13347 = PRESENTATION_STYLE_ASSIGNMENT((#13348));
#13348 = SURFACE_STYLE_USAGE(.BOTH.,#13349);
#13349 = SURFACE_SIDE_STYLE('',(#13350));
#13350 = SURFACE_STYLE_FILL_AREA(#13351);
#13351 = FILL_AREA_STYLE('',(#13352));
#13352 = FILL_AREA_STYLE_COLOUR('',#13317);
#13353 = STYLED_ITEM('color',(#13354),#1101);
#13354 = PRESENTATION_STYLE_ASSIGNMENT((#13355));
#13355 = SURFACE_STYLE_USAGE(.BOTH.,#13356);
#13356 = SURFACE_SIDE_STYLE('',(#13357));
#13357 = SURFACE_STYLE_FILL_AREA(#13358);
#13358 = FILL_AREA_STYLE('',(#13359));
#13359 = FILL_AREA_STYLE_COLOUR('',#13317);
#13360 = STYLED_ITEM('color',(#13361),#1126);
#13361 = PRESENTATION_STYLE_ASSIGNMENT((#13362));
#13362 = SURFACE_STYLE_USAGE(.BOTH.,#13363);
#13363 = SURFACE_SIDE_STYLE('',(#13364));
#13364 = SURFACE_STYLE_FILL_AREA(#13365);
#13365 = FILL_AREA_STYLE('',(#13366));
#13366 = FILL_AREA_STYLE_COLOUR('',#13317);
#13367 = STYLED_ITEM('color',(#13368),#1151);
#13368 = PRESENTATION_STYLE_ASSIGNMENT((#13369));
#13369 = SURFACE_STYLE_USAGE(.BOTH.,#13370);
#13370 = SURFACE_SIDE_STYLE('',(#13371));
#13371 = SURFACE_STYLE_FILL_AREA(#13372);
#13372 = FILL_AREA_STYLE('',(#13373));
#13373 = FILL_AREA_STYLE_COLOUR('',#13317);
#13374 = STYLED_ITEM('color',(#13375),#1168);
#13375 = PRESENTATION_STYLE_ASSIGNMENT((#13376));
#13376 = SURFACE_STYLE_USAGE(.BOTH.,#13377);
#13377 = SURFACE_SIDE_STYLE('',(#13378));
#13378 = SURFACE_STYLE_FILL_AREA(#13379);
#13379 = FILL_AREA_STYLE('',(#13380));
#13380 = FILL_AREA_STYLE_COLOUR('',#13317);
#13381 = STYLED_ITEM('color',(#13382),#1254);
#13382 = PRESENTATION_STYLE_ASSIGNMENT((#13383));
#13383 = SURFACE_STYLE_USAGE(.BOTH.,#13384);
#13384 = SURFACE_SIDE_STYLE('',(#13385));
#13385 = SURFACE_STYLE_FILL_AREA(#13386);
#13386 = FILL_AREA_STYLE('',(#13387));
#13387 = FILL_AREA_STYLE_COLOUR('',#13388);
#13388 = COLOUR_RGB('',0.379000005575,0.270000008848,0.214999999939);
#13389 = STYLED_ITEM('color',(#13390),#1286);
#13390 = PRESENTATION_STYLE_ASSIGNMENT((#13391));
#13391 = SURFACE_STYLE_USAGE(.BOTH.,#13392);
#13392 = SURFACE_SIDE_STYLE('',(#13393));
#13393 = SURFACE_STYLE_FILL_AREA(#13394);
#13394 = FILL_AREA_STYLE('',(#13395));
#13395 = FILL_AREA_STYLE_COLOUR('',#13388);
#13396 = STYLED_ITEM('color',(#13397),#1310);
#13397 = PRESENTATION_STYLE_ASSIGNMENT((#13398));
#13398 = SURFACE_STYLE_USAGE(.BOTH.,#13399);
#13399 = SURFACE_SIDE_STYLE('',(#13400));
#13400 = SURFACE_STYLE_FILL_AREA(#13401);
#13401 = FILL_AREA_STYLE('',(#13402));
#13402 = FILL_AREA_STYLE_COLOUR('',#13388);
#13403 = STYLED_ITEM('color',(#13404),#1335);
#13404 = PRESENTATION_STYLE_ASSIGNMENT((#13405));
#13405 = SURFACE_STYLE_USAGE(.BOTH.,#13406);
#13406 = SURFACE_SIDE_STYLE('',(#13407));
#13407 = SURFACE_STYLE_FILL_AREA(#13408);
#13408 = FILL_AREA_STYLE('',(#13409));
#13409 = FILL_AREA_STYLE_COLOUR('',#13388);
#13410 = STYLED_ITEM('color',(#13411),#1359);
#13411 = PRESENTATION_STYLE_ASSIGNMENT((#13412));
#13412 = SURFACE_STYLE_USAGE(.BOTH.,#13413);
#13413 = SURFACE_SIDE_STYLE('',(#13414));
#13414 = SURFACE_STYLE_FILL_AREA(#13415);
#13415 = FILL_AREA_STYLE('',(#13416));
#13416 = FILL_AREA_STYLE_COLOUR('',#13388);
#13417 = STYLED_ITEM('color',(#13418),#1384);
#13418 = PRESENTATION_STYLE_ASSIGNMENT((#13419));
#13419 = SURFACE_STYLE_USAGE(.BOTH.,#13420);
#13420 = SURFACE_SIDE_STYLE('',(#13421));
#13421 = SURFACE_STYLE_FILL_AREA(#13422);
#13422 = FILL_AREA_STYLE('',(#13423));
#13423 = FILL_AREA_STYLE_COLOUR('',#13388);
#13424 = STYLED_ITEM('color',(#13425),#1408);
#13425 = PRESENTATION_STYLE_ASSIGNMENT((#13426));
#13426 = SURFACE_STYLE_USAGE(.BOTH.,#13427);
#13427 = SURFACE_SIDE_STYLE('',(#13428));
#13428 = SURFACE_STYLE_FILL_AREA(#13429);
#13429 = FILL_AREA_STYLE('',(#13430));
#13430 = FILL_AREA_STYLE_COLOUR('',#13388);
#13431 = STYLED_ITEM('color',(#13432),#1433);
#13432 = PRESENTATION_STYLE_ASSIGNMENT((#13433));
#13433 = SURFACE_STYLE_USAGE(.BOTH.,#13434);
#13434 = SURFACE_SIDE_STYLE('',(#13435));
#13435 = SURFACE_STYLE_FILL_AREA(#13436);
#13436 = FILL_AREA_STYLE('',(#13437));
#13437 = FILL_AREA_STYLE_COLOUR('',#13388);
#13438 = STYLED_ITEM('color',(#13439),#1450);
#13439 = PRESENTATION_STYLE_ASSIGNMENT((#13440));
#13440 = SURFACE_STYLE_USAGE(.BOTH.,#13441);
#13441 = SURFACE_SIDE_STYLE('',(#13442));
#13442 = SURFACE_STYLE_FILL_AREA(#13443);
#13443 = FILL_AREA_STYLE('',(#13444));
#13444 = FILL_AREA_STYLE_COLOUR('',#13317);
#13445 = STYLED_ITEM('color',(#13446),#1536);
#13446 = PRESENTATION_STYLE_ASSIGNMENT((#13447));
#13447 = SURFACE_STYLE_USAGE(.BOTH.,#13448);
#13448 = SURFACE_SIDE_STYLE('',(#13449));
#13449 = SURFACE_STYLE_FILL_AREA(#13450);
#13450 = FILL_AREA_STYLE('',(#13451));
#13451 = FILL_AREA_STYLE_COLOUR('',#13317);
#13452 = STYLED_ITEM('color',(#13453),#1567);
#13453 = PRESENTATION_STYLE_ASSIGNMENT((#13454));
#13454 = SURFACE_STYLE_USAGE(.BOTH.,#13455);
#13455 = SURFACE_SIDE_STYLE('',(#13456));
#13456 = SURFACE_STYLE_FILL_AREA(#13457);
#13457 = FILL_AREA_STYLE('',(#13458));
#13458 = FILL_AREA_STYLE_COLOUR('',#13317);
#13459 = STYLED_ITEM('color',(#13460),#1592);
#13460 = PRESENTATION_STYLE_ASSIGNMENT((#13461));
#13461 = SURFACE_STYLE_USAGE(.BOTH.,#13462);
#13462 = SURFACE_SIDE_STYLE('',(#13463));
#13463 = SURFACE_STYLE_FILL_AREA(#13464);
#13464 = FILL_AREA_STYLE('',(#13465));
#13465 = FILL_AREA_STYLE_COLOUR('',#13317);
#13466 = STYLED_ITEM('color',(#13467),#1617);
#13467 = PRESENTATION_STYLE_ASSIGNMENT((#13468));
#13468 = SURFACE_STYLE_USAGE(.BOTH.,#13469);
#13469 = SURFACE_SIDE_STYLE('',(#13470));
#13470 = SURFACE_STYLE_FILL_AREA(#13471);
#13471 = FILL_AREA_STYLE('',(#13472));
#13472 = FILL_AREA_STYLE_COLOUR('',#13317);
#13473 = STYLED_ITEM('color',(#13474),#1641);
#13474 = PRESENTATION_STYLE_ASSIGNMENT((#13475));
#13475 = SURFACE_STYLE_USAGE(.BOTH.,#13476);
#13476 = SURFACE_SIDE_STYLE('',(#13477));
#13477 = SURFACE_STYLE_FILL_AREA(#13478);
#13478 = FILL_AREA_STYLE('',(#13479));
#13479 = FILL_AREA_STYLE_COLOUR('',#13317);
#13480 = STYLED_ITEM('color',(#13481),#1665);
#13481 = PRESENTATION_STYLE_ASSIGNMENT((#13482));
#13482 = SURFACE_STYLE_USAGE(.BOTH.,#13483);
#13483 = SURFACE_SIDE_STYLE('',(#13484));
#13484 = SURFACE_STYLE_FILL_AREA(#13485);
#13485 = FILL_AREA_STYLE('',(#13486));
#13486 = FILL_AREA_STYLE_COLOUR('',#13317);
#13487 = STYLED_ITEM('color',(#13488),#1690);
#13488 = PRESENTATION_STYLE_ASSIGNMENT((#13489));
#13489 = SURFACE_STYLE_USAGE(.BOTH.,#13490);
#13490 = SURFACE_SIDE_STYLE('',(#13491));
#13491 = SURFACE_STYLE_FILL_AREA(#13492);
#13492 = FILL_AREA_STYLE('',(#13493));
#13493 = FILL_AREA_STYLE_COLOUR('',#13317);
#13494 = STYLED_ITEM('color',(#13495),#1715);
#13495 = PRESENTATION_STYLE_ASSIGNMENT((#13496));
#13496 = SURFACE_STYLE_USAGE(.BOTH.,#13497);
#13497 = SURFACE_SIDE_STYLE('',(#13498));
#13498 = SURFACE_STYLE_FILL_AREA(#13499);
#13499 = FILL_AREA_STYLE('',(#13500));
#13500 = FILL_AREA_STYLE_COLOUR('',#13317);
#13501 = STYLED_ITEM('color',(#13502),#1732);
#13502 = PRESENTATION_STYLE_ASSIGNMENT((#13503));
#13503 = SURFACE_STYLE_USAGE(.BOTH.,#13504);
#13504 = SURFACE_SIDE_STYLE('',(#13505));
#13505 = SURFACE_STYLE_FILL_AREA(#13506);
#13506 = FILL_AREA_STYLE('',(#13507));
#13507 = FILL_AREA_STYLE_COLOUR('',#13317);
#13508 = MECHANICAL_DESIGN_GEOMETRIC_PRESENTATION_REPRESENTATION('',(
    #13509,#13516,#13523,#13530,#13537,#13544,#13551,#13558,#13565,
    #13572,#13579,#13586,#13593,#13600,#13607,#13614,#13621,#13628,
    #13635,#13642,#13649,#13656,#13663,#13670,#13677,#13684,#13691,
    #13698),#11337);
#13509 = STYLED_ITEM('color',(#13510),#10485);
#13510 = PRESENTATION_STYLE_ASSIGNMENT((#13511));
#13511 = SURFACE_STYLE_USAGE(.BOTH.,#13512);
#13512 = SURFACE_SIDE_STYLE('',(#13513));
#13513 = SURFACE_STYLE_FILL_AREA(#13514);
#13514 = FILL_AREA_STYLE('',(#13515));
#13515 = FILL_AREA_STYLE_COLOUR('',#13317);
#13516 = STYLED_ITEM('color',(#13517),#10561);
#13517 = PRESENTATION_STYLE_ASSIGNMENT((#13518));
#13518 = SURFACE_STYLE_USAGE(.BOTH.,#13519);
#13519 = SURFACE_SIDE_STYLE('',(#13520));
#13520 = SURFACE_STYLE_FILL_AREA(#13521);
#13521 = FILL_AREA_STYLE('',(#13522));
#13522 = FILL_AREA_STYLE_COLOUR('',#13317);
#13523 = STYLED_ITEM('color',(#13524),#10592);
#13524 = PRESENTATION_STYLE_ASSIGNMENT((#13525));
#13525 = SURFACE_STYLE_USAGE(.BOTH.,#13526);
#13526 = SURFACE_SIDE_STYLE('',(#13527));
#13527 = SURFACE_STYLE_FILL_AREA(#13528);
#13528 = FILL_AREA_STYLE('',(#13529));
#13529 = FILL_AREA_STYLE_COLOUR('',#13317);
#13530 = STYLED_ITEM('color',(#13531),#10617);
#13531 = PRESENTATION_STYLE_ASSIGNMENT((#13532));
#13532 = SURFACE_STYLE_USAGE(.BOTH.,#13533);
#13533 = SURFACE_SIDE_STYLE('',(#13534));
#13534 = SURFACE_STYLE_FILL_AREA(#13535);
#13535 = FILL_AREA_STYLE('',(#13536));
#13536 = FILL_AREA_STYLE_COLOUR('',#13317);
#13537 = STYLED_ITEM('color',(#13538),#10642);
#13538 = PRESENTATION_STYLE_ASSIGNMENT((#13539));
#13539 = SURFACE_STYLE_USAGE(.BOTH.,#13540);
#13540 = SURFACE_SIDE_STYLE('',(#13541));
#13541 = SURFACE_STYLE_FILL_AREA(#13542);
#13542 = FILL_AREA_STYLE('',(#13543));
#13543 = FILL_AREA_STYLE_COLOUR('',#13317);
#13544 = STYLED_ITEM('color',(#13545),#10666);
#13545 = PRESENTATION_STYLE_ASSIGNMENT((#13546));
#13546 = SURFACE_STYLE_USAGE(.BOTH.,#13547);
#13547 = SURFACE_SIDE_STYLE('',(#13548));
#13548 = SURFACE_STYLE_FILL_AREA(#13549);
#13549 = FILL_AREA_STYLE('',(#13550));
#13550 = FILL_AREA_STYLE_COLOUR('',#13317);
#13551 = STYLED_ITEM('color',(#13552),#10690);
#13552 = PRESENTATION_STYLE_ASSIGNMENT((#13553));
#13553 = SURFACE_STYLE_USAGE(.BOTH.,#13554);
#13554 = SURFACE_SIDE_STYLE('',(#13555));
#13555 = SURFACE_STYLE_FILL_AREA(#13556);
#13556 = FILL_AREA_STYLE('',(#13557));
#13557 = FILL_AREA_STYLE_COLOUR('',#13317);
#13558 = STYLED_ITEM('color',(#13559),#10715);
#13559 = PRESENTATION_STYLE_ASSIGNMENT((#13560));
#13560 = SURFACE_STYLE_USAGE(.BOTH.,#13561);
#13561 = SURFACE_SIDE_STYLE('',(#13562));
#13562 = SURFACE_STYLE_FILL_AREA(#13563);
#13563 = FILL_AREA_STYLE('',(#13564));
#13564 = FILL_AREA_STYLE_COLOUR('',#13317);
#13565 = STYLED_ITEM('color',(#13566),#10740);
#13566 = PRESENTATION_STYLE_ASSIGNMENT((#13567));
#13567 = SURFACE_STYLE_USAGE(.BOTH.,#13568);
#13568 = SURFACE_SIDE_STYLE('',(#13569));
#13569 = SURFACE_STYLE_FILL_AREA(#13570);
#13570 = FILL_AREA_STYLE('',(#13571));
#13571 = FILL_AREA_STYLE_COLOUR('',#13317);
#13572 = STYLED_ITEM('color',(#13573),#10757);
#13573 = PRESENTATION_STYLE_ASSIGNMENT((#13574));
#13574 = SURFACE_STYLE_USAGE(.BOTH.,#13575);
#13575 = SURFACE_SIDE_STYLE('',(#13576));
#13576 = SURFACE_STYLE_FILL_AREA(#13577);
#13577 = FILL_AREA_STYLE('',(#13578));
#13578 = FILL_AREA_STYLE_COLOUR('',#13317);
#13579 = STYLED_ITEM('color',(#13580),#10843);
#13580 = PRESENTATION_STYLE_ASSIGNMENT((#13581));
#13581 = SURFACE_STYLE_USAGE(.BOTH.,#13582);
#13582 = SURFACE_SIDE_STYLE('',(#13583));
#13583 = SURFACE_STYLE_FILL_AREA(#13584);
#13584 = FILL_AREA_STYLE('',(#13585));
#13585 = FILL_AREA_STYLE_COLOUR('',#13388);
#13586 = STYLED_ITEM('color',(#13587),#10875);
#13587 = PRESENTATION_STYLE_ASSIGNMENT((#13588));
#13588 = SURFACE_STYLE_USAGE(.BOTH.,#13589);
#13589 = SURFACE_SIDE_STYLE('',(#13590));
#13590 = SURFACE_STYLE_FILL_AREA(#13591);
#13591 = FILL_AREA_STYLE('',(#13592));
#13592 = FILL_AREA_STYLE_COLOUR('',#13388);
#13593 = STYLED_ITEM('color',(#13594),#10899);
#13594 = PRESENTATION_STYLE_ASSIGNMENT((#13595));
#13595 = SURFACE_STYLE_USAGE(.BOTH.,#13596);
#13596 = SURFACE_SIDE_STYLE('',(#13597));
#13597 = SURFACE_STYLE_FILL_AREA(#13598);
#13598 = FILL_AREA_STYLE('',(#13599));
#13599 = FILL_AREA_STYLE_COLOUR('',#13388);
#13600 = STYLED_ITEM('color',(#13601),#10924);
#13601 = PRESENTATION_STYLE_ASSIGNMENT((#13602));
#13602 = SURFACE_STYLE_USAGE(.BOTH.,#13603);
#13603 = SURFACE_SIDE_STYLE('',(#13604));
#13604 = SURFACE_STYLE_FILL_AREA(#13605);
#13605 = FILL_AREA_STYLE('',(#13606));
#13606 = FILL_AREA_STYLE_COLOUR('',#13388);
#13607 = STYLED_ITEM('color',(#13608),#10948);
#13608 = PRESENTATION_STYLE_ASSIGNMENT((#13609));
#13609 = SURFACE_STYLE_USAGE(.BOTH.,#13610);
#13610 = SURFACE_SIDE_STYLE('',(#13611));
#13611 = SURFACE_STYLE_FILL_AREA(#13612);
#13612 = FILL_AREA_STYLE('',(#13613));
#13613 = FILL_AREA_STYLE_COLOUR('',#13388);
#13614 = STYLED_ITEM('color',(#13615),#10973);
#13615 = PRESENTATION_STYLE_ASSIGNMENT((#13616));
#13616 = SURFACE_STYLE_USAGE(.BOTH.,#13617);
#13617 = SURFACE_SIDE_STYLE('',(#13618));
#13618 = SURFACE_STYLE_FILL_AREA(#13619);
#13619 = FILL_AREA_STYLE('',(#13620));
#13620 = FILL_AREA_STYLE_COLOUR('',#13388);
#13621 = STYLED_ITEM('color',(#13622),#10997);
#13622 = PRESENTATION_STYLE_ASSIGNMENT((#13623));
#13623 = SURFACE_STYLE_USAGE(.BOTH.,#13624);
#13624 = SURFACE_SIDE_STYLE('',(#13625));
#13625 = SURFACE_STYLE_FILL_AREA(#13626);
#13626 = FILL_AREA_STYLE('',(#13627));
#13627 = FILL_AREA_STYLE_COLOUR('',#13388);
#13628 = STYLED_ITEM('color',(#13629),#11022);
#13629 = PRESENTATION_STYLE_ASSIGNMENT((#13630));
#13630 = SURFACE_STYLE_USAGE(.BOTH.,#13631);
#13631 = SURFACE_SIDE_STYLE('',(#13632));
#13632 = SURFACE_STYLE_FILL_AREA(#13633);
#13633 = FILL_AREA_STYLE('',(#13634));
#13634 = FILL_AREA_STYLE_COLOUR('',#13388);
#13635 = STYLED_ITEM('color',(#13636),#11039);
#13636 = PRESENTATION_STYLE_ASSIGNMENT((#13637));
#13637 = SURFACE_STYLE_USAGE(.BOTH.,#13638);
#13638 = SURFACE_SIDE_STYLE('',(#13639));
#13639 = SURFACE_STYLE_FILL_AREA(#13640);
#13640 = FILL_AREA_STYLE('',(#13641));
#13641 = FILL_AREA_STYLE_COLOUR('',#13317);
#13642 = STYLED_ITEM('color',(#13643),#11125);
#13643 = PRESENTATION_STYLE_ASSIGNMENT((#13644));
#13644 = SURFACE_STYLE_USAGE(.BOTH.,#13645);
#13645 = SURFACE_SIDE_STYLE('',(#13646));
#13646 = SURFACE_STYLE_FILL_AREA(#13647);
#13647 = FILL_AREA_STYLE('',(#13648));
#13648 = FILL_AREA_STYLE_COLOUR('',#13317);
#13649 = STYLED_ITEM('color',(#13650),#11156);
#13650 = PRESENTATION_STYLE_ASSIGNMENT((#13651));
#13651 = SURFACE_STYLE_USAGE(.BOTH.,#13652);
#13652 = SURFACE_SIDE_STYLE('',(#13653));
#13653 = SURFACE_STYLE_FILL_AREA(#13654);
#13654 = FILL_AREA_STYLE('',(#13655));
#13655 = FILL_AREA_STYLE_COLOUR('',#13317);
#13656 = STYLED_ITEM('color',(#13657),#11181);
#13657 = PRESENTATION_STYLE_ASSIGNMENT((#13658));
#13658 = SURFACE_STYLE_USAGE(.BOTH.,#13659);
#13659 = SURFACE_SIDE_STYLE('',(#13660));
#13660 = SURFACE_STYLE_FILL_AREA(#13661);
#13661 = FILL_AREA_STYLE('',(#13662));
#13662 = FILL_AREA_STYLE_COLOUR('',#13317);
#13663 = STYLED_ITEM('color',(#13664),#11206);
#13664 = PRESENTATION_STYLE_ASSIGNMENT((#13665));
#13665 = SURFACE_STYLE_USAGE(.BOTH.,#13666);
#13666 = SURFACE_SIDE_STYLE('',(#13667));
#13667 = SURFACE_STYLE_FILL_AREA(#13668);
#13668 = FILL_AREA_STYLE('',(#13669));
#13669 = FILL_AREA_STYLE_COLOUR('',#13317);
#13670 = STYLED_ITEM('color',(#13671),#11230);
#13671 = PRESENTATION_STYLE_ASSIGNMENT((#13672));
#13672 = SURFACE_STYLE_USAGE(.BOTH.,#13673);
#13673 = SURFACE_SIDE_STYLE('',(#13674));
#13674 = SURFACE_STYLE_FILL_AREA(#13675);
#13675 = FILL_AREA_STYLE('',(#13676));
#13676 = FILL_AREA_STYLE_COLOUR('',#13317);
#13677 = STYLED_ITEM('color',(#13678),#11254);
#13678 = PRESENTATION_STYLE_ASSIGNMENT((#13679));
#13679 = SURFACE_STYLE_USAGE(.BOTH.,#13680);
#13680 = SURFACE_SIDE_STYLE('',(#13681));
#13681 = SURFACE_STYLE_FILL_AREA(#13682);
#13682 = FILL_AREA_STYLE('',(#13683));
#13683 = FILL_AREA_STYLE_COLOUR('',#13317);
#13684 = STYLED_ITEM('color',(#13685),#11279);
#13685 = PRESENTATION_STYLE_ASSIGNMENT((#13686));
#13686 = SURFACE_STYLE_USAGE(.BOTH.,#13687);
#13687 = SURFACE_SIDE_STYLE('',(#13688));
#13688 = SURFACE_STYLE_FILL_AREA(#13689);
#13689 = FILL_AREA_STYLE('',(#13690));
#13690 = FILL_AREA_STYLE_COLOUR('',#13317);
#13691 = STYLED_ITEM('color',(#13692),#11304);
#13692 = PRESENTATION_STYLE_ASSIGNMENT((#13693));
#13693 = SURFACE_STYLE_USAGE(.BOTH.,#13694);
#13694 = SURFACE_SIDE_STYLE('',(#13695));
#13695 = SURFACE_STYLE_FILL_AREA(#13696);
#13696 = FILL_AREA_STYLE('',(#13697));
#13697 = FILL_AREA_STYLE_COLOUR('',#13317);
#13698 = STYLED_ITEM('color',(#13699),#11321);
#13699 = PRESENTATION_STYLE_ASSIGNMENT((#13700));
#13700 = SURFACE_STYLE_USAGE(.BOTH.,#13701);
#13701 = SURFACE_SIDE_STYLE('',(#13702));
#13702 = SURFACE_STYLE_FILL_AREA(#13703);
#13703 = FILL_AREA_STYLE('',(#13704));
#13704 = FILL_AREA_STYLE_COLOUR('',#13317);
#13705 = MECHANICAL_DESIGN_GEOMETRIC_PRESENTATION_REPRESENTATION('',(
    #13706,#13714,#13721,#13728,#13735,#13742,#13749,#13756,#13763,
    #13770,#13777,#13784,#13791,#13798,#13805,#13812,#13819,#13826,
    #13833,#13840,#13847,#13854,#13861,#13868,#13875,#13882,#13889,
    #13896,#13903,#13910,#13917,#13924,#13931,#13938,#13945,#13952,
    #13959,#13966,#13973,#13980,#13987,#13994,#14001,#14008,#14015,
    #14022,#14030,#14037,#14044,#14051,#14058,#14065,#14072,#14079,
    #14086,#14093,#14100,#14107,#14114,#14121,#14128,#14135,#14142,
    #14149,#14156,#14163,#14170,#14177,#14184,#14191,#14198,#14205,
    #14212,#14219,#14226,#14233,#14240,#14247,#14254,#14261,#14268,
    #14275,#14282,#14289,#14296,#14303,#14310,#14317,#14324),#5365);
#13706 = STYLED_ITEM('color',(#13707),#2652);
#13707 = PRESENTATION_STYLE_ASSIGNMENT((#13708));
#13708 = SURFACE_STYLE_USAGE(.BOTH.,#13709);
#13709 = SURFACE_SIDE_STYLE('',(#13710));
#13710 = SURFACE_STYLE_FILL_AREA(#13711);
#13711 = FILL_AREA_STYLE('',(#13712));
#13712 = FILL_AREA_STYLE_COLOUR('',#13713);
#13713 = COLOUR_RGB('',0.894117649055,0.890196087049,0.811764731185);
#13714 = STYLED_ITEM('color',(#13715),#2724);
#13715 = PRESENTATION_STYLE_ASSIGNMENT((#13716));
#13716 = SURFACE_STYLE_USAGE(.BOTH.,#13717);
#13717 = SURFACE_SIDE_STYLE('',(#13718));
#13718 = SURFACE_STYLE_FILL_AREA(#13719);
#13719 = FILL_AREA_STYLE('',(#13720));
#13720 = FILL_AREA_STYLE_COLOUR('',#13713);
#13721 = STYLED_ITEM('color',(#13722),#2763);
#13722 = PRESENTATION_STYLE_ASSIGNMENT((#13723));
#13723 = SURFACE_STYLE_USAGE(.BOTH.,#13724);
#13724 = SURFACE_SIDE_STYLE('',(#13725));
#13725 = SURFACE_STYLE_FILL_AREA(#13726);
#13726 = FILL_AREA_STYLE('',(#13727));
#13727 = FILL_AREA_STYLE_COLOUR('',#13713);
#13728 = STYLED_ITEM('color',(#13729),#2787);
#13729 = PRESENTATION_STYLE_ASSIGNMENT((#13730));
#13730 = SURFACE_STYLE_USAGE(.BOTH.,#13731);
#13731 = SURFACE_SIDE_STYLE('',(#13732));
#13732 = SURFACE_STYLE_FILL_AREA(#13733);
#13733 = FILL_AREA_STYLE('',(#13734));
#13734 = FILL_AREA_STYLE_COLOUR('',#13713);
#13735 = STYLED_ITEM('color',(#13736),#2852);
#13736 = PRESENTATION_STYLE_ASSIGNMENT((#13737));
#13737 = SURFACE_STYLE_USAGE(.BOTH.,#13738);
#13738 = SURFACE_SIDE_STYLE('',(#13739));
#13739 = SURFACE_STYLE_FILL_AREA(#13740);
#13740 = FILL_AREA_STYLE('',(#13741));
#13741 = FILL_AREA_STYLE_COLOUR('',#13713);
#13742 = STYLED_ITEM('color',(#13743),#2876);
#13743 = PRESENTATION_STYLE_ASSIGNMENT((#13744));
#13744 = SURFACE_STYLE_USAGE(.BOTH.,#13745);
#13745 = SURFACE_SIDE_STYLE('',(#13746));
#13746 = SURFACE_STYLE_FILL_AREA(#13747);
#13747 = FILL_AREA_STYLE('',(#13748));
#13748 = FILL_AREA_STYLE_COLOUR('',#13713);
#13749 = STYLED_ITEM('color',(#13750),#2964);
#13750 = PRESENTATION_STYLE_ASSIGNMENT((#13751));
#13751 = SURFACE_STYLE_USAGE(.BOTH.,#13752);
#13752 = SURFACE_SIDE_STYLE('',(#13753));
#13753 = SURFACE_STYLE_FILL_AREA(#13754);
#13754 = FILL_AREA_STYLE('',(#13755));
#13755 = FILL_AREA_STYLE_COLOUR('',#13713);
#13756 = STYLED_ITEM('color',(#13757),#2988);
#13757 = PRESENTATION_STYLE_ASSIGNMENT((#13758));
#13758 = SURFACE_STYLE_USAGE(.BOTH.,#13759);
#13759 = SURFACE_SIDE_STYLE('',(#13760));
#13760 = SURFACE_STYLE_FILL_AREA(#13761);
#13761 = FILL_AREA_STYLE('',(#13762));
#13762 = FILL_AREA_STYLE_COLOUR('',#13713);
#13763 = STYLED_ITEM('color',(#13764),#3053);
#13764 = PRESENTATION_STYLE_ASSIGNMENT((#13765));
#13765 = SURFACE_STYLE_USAGE(.BOTH.,#13766);
#13766 = SURFACE_SIDE_STYLE('',(#13767));
#13767 = SURFACE_STYLE_FILL_AREA(#13768);
#13768 = FILL_AREA_STYLE('',(#13769));
#13769 = FILL_AREA_STYLE_COLOUR('',#13713);
#13770 = STYLED_ITEM('color',(#13771),#3078);
#13771 = PRESENTATION_STYLE_ASSIGNMENT((#13772));
#13772 = SURFACE_STYLE_USAGE(.BOTH.,#13773);
#13773 = SURFACE_SIDE_STYLE('',(#13774));
#13774 = SURFACE_STYLE_FILL_AREA(#13775);
#13775 = FILL_AREA_STYLE('',(#13776));
#13776 = FILL_AREA_STYLE_COLOUR('',#13713);
#13777 = STYLED_ITEM('color',(#13778),#3127);
#13778 = PRESENTATION_STYLE_ASSIGNMENT((#13779));
#13779 = SURFACE_STYLE_USAGE(.BOTH.,#13780);
#13780 = SURFACE_SIDE_STYLE('',(#13781));
#13781 = SURFACE_STYLE_FILL_AREA(#13782);
#13782 = FILL_AREA_STYLE('',(#13783));
#13783 = FILL_AREA_STYLE_COLOUR('',#13713);
#13784 = STYLED_ITEM('color',(#13785),#3144);
#13785 = PRESENTATION_STYLE_ASSIGNMENT((#13786));
#13786 = SURFACE_STYLE_USAGE(.BOTH.,#13787);
#13787 = SURFACE_SIDE_STYLE('',(#13788));
#13788 = SURFACE_STYLE_FILL_AREA(#13789);
#13789 = FILL_AREA_STYLE('',(#13790));
#13790 = FILL_AREA_STYLE_COLOUR('',#13713);
#13791 = STYLED_ITEM('color',(#13792),#3168);
#13792 = PRESENTATION_STYLE_ASSIGNMENT((#13793));
#13793 = SURFACE_STYLE_USAGE(.BOTH.,#13794);
#13794 = SURFACE_SIDE_STYLE('',(#13795));
#13795 = SURFACE_STYLE_FILL_AREA(#13796);
#13796 = FILL_AREA_STYLE('',(#13797));
#13797 = FILL_AREA_STYLE_COLOUR('',#13713);
#13798 = STYLED_ITEM('color',(#13799),#3185);
#13799 = PRESENTATION_STYLE_ASSIGNMENT((#13800));
#13800 = SURFACE_STYLE_USAGE(.BOTH.,#13801);
#13801 = SURFACE_SIDE_STYLE('',(#13802));
#13802 = SURFACE_STYLE_FILL_AREA(#13803);
#13803 = FILL_AREA_STYLE('',(#13804));
#13804 = FILL_AREA_STYLE_COLOUR('',#13713);
#13805 = STYLED_ITEM('color',(#13806),#3323);
#13806 = PRESENTATION_STYLE_ASSIGNMENT((#13807));
#13807 = SURFACE_STYLE_USAGE(.BOTH.,#13808);
#13808 = SURFACE_SIDE_STYLE('',(#13809));
#13809 = SURFACE_STYLE_FILL_AREA(#13810);
#13810 = FILL_AREA_STYLE('',(#13811));
#13811 = FILL_AREA_STYLE_COLOUR('',#13713);
#13812 = STYLED_ITEM('color',(#13813),#3347);
#13813 = PRESENTATION_STYLE_ASSIGNMENT((#13814));
#13814 = SURFACE_STYLE_USAGE(.BOTH.,#13815);
#13815 = SURFACE_SIDE_STYLE('',(#13816));
#13816 = SURFACE_STYLE_FILL_AREA(#13817);
#13817 = FILL_AREA_STYLE('',(#13818));
#13818 = FILL_AREA_STYLE_COLOUR('',#13713);
#13819 = STYLED_ITEM('color',(#13820),#3517);
#13820 = PRESENTATION_STYLE_ASSIGNMENT((#13821));
#13821 = SURFACE_STYLE_USAGE(.BOTH.,#13822);
#13822 = SURFACE_SIDE_STYLE('',(#13823));
#13823 = SURFACE_STYLE_FILL_AREA(#13824);
#13824 = FILL_AREA_STYLE('',(#13825));
#13825 = FILL_AREA_STYLE_COLOUR('',#13713);
#13826 = STYLED_ITEM('color',(#13827),#3541);
#13827 = PRESENTATION_STYLE_ASSIGNMENT((#13828));
#13828 = SURFACE_STYLE_USAGE(.BOTH.,#13829);
#13829 = SURFACE_SIDE_STYLE('',(#13830));
#13830 = SURFACE_STYLE_FILL_AREA(#13831);
#13831 = FILL_AREA_STYLE('',(#13832));
#13832 = FILL_AREA_STYLE_COLOUR('',#13713);
#13833 = STYLED_ITEM('color',(#13834),#3574);
#13834 = PRESENTATION_STYLE_ASSIGNMENT((#13835));
#13835 = SURFACE_STYLE_USAGE(.BOTH.,#13836);
#13836 = SURFACE_SIDE_STYLE('',(#13837));
#13837 = SURFACE_STYLE_FILL_AREA(#13838);
#13838 = FILL_AREA_STYLE('',(#13839));
#13839 = FILL_AREA_STYLE_COLOUR('',#13713);
#13840 = STYLED_ITEM('color',(#13841),#3598);
#13841 = PRESENTATION_STYLE_ASSIGNMENT((#13842));
#13842 = SURFACE_STYLE_USAGE(.BOTH.,#13843);
#13843 = SURFACE_SIDE_STYLE('',(#13844));
#13844 = SURFACE_STYLE_FILL_AREA(#13845);
#13845 = FILL_AREA_STYLE('',(#13846));
#13846 = FILL_AREA_STYLE_COLOUR('',#13713);
#13847 = STYLED_ITEM('color',(#13848),#3629);
#13848 = PRESENTATION_STYLE_ASSIGNMENT((#13849));
#13849 = SURFACE_STYLE_USAGE(.BOTH.,#13850);
#13850 = SURFACE_SIDE_STYLE('',(#13851));
#13851 = SURFACE_STYLE_FILL_AREA(#13852);
#13852 = FILL_AREA_STYLE('',(#13853));
#13853 = FILL_AREA_STYLE_COLOUR('',#13713);
#13854 = STYLED_ITEM('color',(#13855),#3646);
#13855 = PRESENTATION_STYLE_ASSIGNMENT((#13856));
#13856 = SURFACE_STYLE_USAGE(.BOTH.,#13857);
#13857 = SURFACE_SIDE_STYLE('',(#13858));
#13858 = SURFACE_STYLE_FILL_AREA(#13859);
#13859 = FILL_AREA_STYLE('',(#13860));
#13860 = FILL_AREA_STYLE_COLOUR('',#13713);
#13861 = STYLED_ITEM('color',(#13862),#3679);
#13862 = PRESENTATION_STYLE_ASSIGNMENT((#13863));
#13863 = SURFACE_STYLE_USAGE(.BOTH.,#13864);
#13864 = SURFACE_SIDE_STYLE('',(#13865));
#13865 = SURFACE_STYLE_FILL_AREA(#13866);
#13866 = FILL_AREA_STYLE('',(#13867));
#13867 = FILL_AREA_STYLE_COLOUR('',#13713);
#13868 = STYLED_ITEM('color',(#13869),#3703);
#13869 = PRESENTATION_STYLE_ASSIGNMENT((#13870));
#13870 = SURFACE_STYLE_USAGE(.BOTH.,#13871);
#13871 = SURFACE_SIDE_STYLE('',(#13872));
#13872 = SURFACE_STYLE_FILL_AREA(#13873);
#13873 = FILL_AREA_STYLE('',(#13874));
#13874 = FILL_AREA_STYLE_COLOUR('',#13713);
#13875 = STYLED_ITEM('color',(#13876),#3734);
#13876 = PRESENTATION_STYLE_ASSIGNMENT((#13877));
#13877 = SURFACE_STYLE_USAGE(.BOTH.,#13878);
#13878 = SURFACE_SIDE_STYLE('',(#13879));
#13879 = SURFACE_STYLE_FILL_AREA(#13880);
#13880 = FILL_AREA_STYLE('',(#13881));
#13881 = FILL_AREA_STYLE_COLOUR('',#13713);
#13882 = STYLED_ITEM('color',(#13883),#3746);
#13883 = PRESENTATION_STYLE_ASSIGNMENT((#13884));
#13884 = SURFACE_STYLE_USAGE(.BOTH.,#13885);
#13885 = SURFACE_SIDE_STYLE('',(#13886));
#13886 = SURFACE_STYLE_FILL_AREA(#13887);
#13887 = FILL_AREA_STYLE('',(#13888));
#13888 = FILL_AREA_STYLE_COLOUR('',#13713);
#13889 = STYLED_ITEM('color',(#13890),#3779);
#13890 = PRESENTATION_STYLE_ASSIGNMENT((#13891));
#13891 = SURFACE_STYLE_USAGE(.BOTH.,#13892);
#13892 = SURFACE_SIDE_STYLE('',(#13893));
#13893 = SURFACE_STYLE_FILL_AREA(#13894);
#13894 = FILL_AREA_STYLE('',(#13895));
#13895 = FILL_AREA_STYLE_COLOUR('',#13713);
#13896 = STYLED_ITEM('color',(#13897),#3796);
#13897 = PRESENTATION_STYLE_ASSIGNMENT((#13898));
#13898 = SURFACE_STYLE_USAGE(.BOTH.,#13899);
#13899 = SURFACE_SIDE_STYLE('',(#13900));
#13900 = SURFACE_STYLE_FILL_AREA(#13901);
#13901 = FILL_AREA_STYLE('',(#13902));
#13902 = FILL_AREA_STYLE_COLOUR('',#13713);
#13903 = STYLED_ITEM('color',(#13904),#3813);
#13904 = PRESENTATION_STYLE_ASSIGNMENT((#13905));
#13905 = SURFACE_STYLE_USAGE(.BOTH.,#13906);
#13906 = SURFACE_SIDE_STYLE('',(#13907));
#13907 = SURFACE_STYLE_FILL_AREA(#13908);
#13908 = FILL_AREA_STYLE('',(#13909));
#13909 = FILL_AREA_STYLE_COLOUR('',#13713);
#13910 = STYLED_ITEM('color',(#13911),#3825);
#13911 = PRESENTATION_STYLE_ASSIGNMENT((#13912));
#13912 = SURFACE_STYLE_USAGE(.BOTH.,#13913);
#13913 = SURFACE_SIDE_STYLE('',(#13914));
#13914 = SURFACE_STYLE_FILL_AREA(#13915);
#13915 = FILL_AREA_STYLE('',(#13916));
#13916 = FILL_AREA_STYLE_COLOUR('',#13713);
#13917 = STYLED_ITEM('color',(#13918),#3905);
#13918 = PRESENTATION_STYLE_ASSIGNMENT((#13919));
#13919 = SURFACE_STYLE_USAGE(.BOTH.,#13920);
#13920 = SURFACE_SIDE_STYLE('',(#13921));
#13921 = SURFACE_STYLE_FILL_AREA(#13922);
#13922 = FILL_AREA_STYLE('',(#13923));
#13923 = FILL_AREA_STYLE_COLOUR('',#13713);
#13924 = STYLED_ITEM('color',(#13925),#3922);
#13925 = PRESENTATION_STYLE_ASSIGNMENT((#13926));
#13926 = SURFACE_STYLE_USAGE(.BOTH.,#13927);
#13927 = SURFACE_SIDE_STYLE('',(#13928));
#13928 = SURFACE_STYLE_FILL_AREA(#13929);
#13929 = FILL_AREA_STYLE('',(#13930));
#13930 = FILL_AREA_STYLE_COLOUR('',#13713);
#13931 = STYLED_ITEM('color',(#13932),#3939);
#13932 = PRESENTATION_STYLE_ASSIGNMENT((#13933));
#13933 = SURFACE_STYLE_USAGE(.BOTH.,#13934);
#13934 = SURFACE_SIDE_STYLE('',(#13935));
#13935 = SURFACE_STYLE_FILL_AREA(#13936);
#13936 = FILL_AREA_STYLE('',(#13937));
#13937 = FILL_AREA_STYLE_COLOUR('',#13713);
#13938 = STYLED_ITEM('color',(#13939),#3956);
#13939 = PRESENTATION_STYLE_ASSIGNMENT((#13940));
#13940 = SURFACE_STYLE_USAGE(.BOTH.,#13941);
#13941 = SURFACE_SIDE_STYLE('',(#13942));
#13942 = SURFACE_STYLE_FILL_AREA(#13943);
#13943 = FILL_AREA_STYLE('',(#13944));
#13944 = FILL_AREA_STYLE_COLOUR('',#13713);
#13945 = STYLED_ITEM('color',(#13946),#3973);
#13946 = PRESENTATION_STYLE_ASSIGNMENT((#13947));
#13947 = SURFACE_STYLE_USAGE(.BOTH.,#13948);
#13948 = SURFACE_SIDE_STYLE('',(#13949));
#13949 = SURFACE_STYLE_FILL_AREA(#13950);
#13950 = FILL_AREA_STYLE('',(#13951));
#13951 = FILL_AREA_STYLE_COLOUR('',#13713);
#13952 = STYLED_ITEM('color',(#13953),#3990);
#13953 = PRESENTATION_STYLE_ASSIGNMENT((#13954));
#13954 = SURFACE_STYLE_USAGE(.BOTH.,#13955);
#13955 = SURFACE_SIDE_STYLE('',(#13956));
#13956 = SURFACE_STYLE_FILL_AREA(#13957);
#13957 = FILL_AREA_STYLE('',(#13958));
#13958 = FILL_AREA_STYLE_COLOUR('',#13713);
#13959 = STYLED_ITEM('color',(#13960),#4007);
#13960 = PRESENTATION_STYLE_ASSIGNMENT((#13961));
#13961 = SURFACE_STYLE_USAGE(.BOTH.,#13962);
#13962 = SURFACE_SIDE_STYLE('',(#13963));
#13963 = SURFACE_STYLE_FILL_AREA(#13964);
#13964 = FILL_AREA_STYLE('',(#13965));
#13965 = FILL_AREA_STYLE_COLOUR('',#13713);
#13966 = STYLED_ITEM('color',(#13967),#4024);
#13967 = PRESENTATION_STYLE_ASSIGNMENT((#13968));
#13968 = SURFACE_STYLE_USAGE(.BOTH.,#13969);
#13969 = SURFACE_SIDE_STYLE('',(#13970));
#13970 = SURFACE_STYLE_FILL_AREA(#13971);
#13971 = FILL_AREA_STYLE('',(#13972));
#13972 = FILL_AREA_STYLE_COLOUR('',#13713);
#13973 = STYLED_ITEM('color',(#13974),#4041);
#13974 = PRESENTATION_STYLE_ASSIGNMENT((#13975));
#13975 = SURFACE_STYLE_USAGE(.BOTH.,#13976);
#13976 = SURFACE_SIDE_STYLE('',(#13977));
#13977 = SURFACE_STYLE_FILL_AREA(#13978);
#13978 = FILL_AREA_STYLE('',(#13979));
#13979 = FILL_AREA_STYLE_COLOUR('',#13713);
#13980 = STYLED_ITEM('color',(#13981),#4058);
#13981 = PRESENTATION_STYLE_ASSIGNMENT((#13982));
#13982 = SURFACE_STYLE_USAGE(.BOTH.,#13983);
#13983 = SURFACE_SIDE_STYLE('',(#13984));
#13984 = SURFACE_STYLE_FILL_AREA(#13985);
#13985 = FILL_AREA_STYLE('',(#13986));
#13986 = FILL_AREA_STYLE_COLOUR('',#13713);
#13987 = STYLED_ITEM('color',(#13988),#4075);
#13988 = PRESENTATION_STYLE_ASSIGNMENT((#13989));
#13989 = SURFACE_STYLE_USAGE(.BOTH.,#13990);
#13990 = SURFACE_SIDE_STYLE('',(#13991));
#13991 = SURFACE_STYLE_FILL_AREA(#13992);
#13992 = FILL_AREA_STYLE('',(#13993));
#13993 = FILL_AREA_STYLE_COLOUR('',#13713);
#13994 = STYLED_ITEM('color',(#13995),#4087);
#13995 = PRESENTATION_STYLE_ASSIGNMENT((#13996));
#13996 = SURFACE_STYLE_USAGE(.BOTH.,#13997);
#13997 = SURFACE_SIDE_STYLE('',(#13998));
#13998 = SURFACE_STYLE_FILL_AREA(#13999);
#13999 = FILL_AREA_STYLE('',(#14000));
#14000 = FILL_AREA_STYLE_COLOUR('',#13713);
#14001 = STYLED_ITEM('color',(#14002),#4104);
#14002 = PRESENTATION_STYLE_ASSIGNMENT((#14003));
#14003 = SURFACE_STYLE_USAGE(.BOTH.,#14004);
#14004 = SURFACE_SIDE_STYLE('',(#14005));
#14005 = SURFACE_STYLE_FILL_AREA(#14006);
#14006 = FILL_AREA_STYLE('',(#14007));
#14007 = FILL_AREA_STYLE_COLOUR('',#13713);
#14008 = STYLED_ITEM('color',(#14009),#4121);
#14009 = PRESENTATION_STYLE_ASSIGNMENT((#14010));
#14010 = SURFACE_STYLE_USAGE(.BOTH.,#14011);
#14011 = SURFACE_SIDE_STYLE('',(#14012));
#14012 = SURFACE_STYLE_FILL_AREA(#14013);
#14013 = FILL_AREA_STYLE('',(#14014));
#14014 = FILL_AREA_STYLE_COLOUR('',#13713);
#14015 = STYLED_ITEM('color',(#14016),#4167);
#14016 = PRESENTATION_STYLE_ASSIGNMENT((#14017));
#14017 = SURFACE_STYLE_USAGE(.BOTH.,#14018);
#14018 = SURFACE_SIDE_STYLE('',(#14019));
#14019 = SURFACE_STYLE_FILL_AREA(#14020);
#14020 = FILL_AREA_STYLE('',(#14021));
#14021 = FILL_AREA_STYLE_COLOUR('',#13713);
#14022 = STYLED_ITEM('color',(#14023),#4213);
#14023 = PRESENTATION_STYLE_ASSIGNMENT((#14024));
#14024 = SURFACE_STYLE_USAGE(.BOTH.,#14025);
#14025 = SURFACE_SIDE_STYLE('',(#14026));
#14026 = SURFACE_STYLE_FILL_AREA(#14027);
#14027 = FILL_AREA_STYLE('',(#14028));
#14028 = FILL_AREA_STYLE_COLOUR('',#14029);
#14029 = COLOUR_RGB('',0.823529417451,0.819607860991,0.780392170416);
#14030 = STYLED_ITEM('color',(#14031),#4244);
#14031 = PRESENTATION_STYLE_ASSIGNMENT((#14032));
#14032 = SURFACE_STYLE_USAGE(.BOTH.,#14033);
#14033 = SURFACE_SIDE_STYLE('',(#14034));
#14034 = SURFACE_STYLE_FILL_AREA(#14035);
#14035 = FILL_AREA_STYLE('',(#14036));
#14036 = FILL_AREA_STYLE_COLOUR('',#14029);
#14037 = STYLED_ITEM('color',(#14038),#4268);
#14038 = PRESENTATION_STYLE_ASSIGNMENT((#14039));
#14039 = SURFACE_STYLE_USAGE(.BOTH.,#14040);
#14040 = SURFACE_SIDE_STYLE('',(#14041));
#14041 = SURFACE_STYLE_FILL_AREA(#14042);
#14042 = FILL_AREA_STYLE('',(#14043));
#14043 = FILL_AREA_STYLE_COLOUR('',#14029);
#14044 = STYLED_ITEM('color',(#14045),#4292);
#14045 = PRESENTATION_STYLE_ASSIGNMENT((#14046));
#14046 = SURFACE_STYLE_USAGE(.BOTH.,#14047);
#14047 = SURFACE_SIDE_STYLE('',(#14048));
#14048 = SURFACE_STYLE_FILL_AREA(#14049);
#14049 = FILL_AREA_STYLE('',(#14050));
#14050 = FILL_AREA_STYLE_COLOUR('',#14029);
#14051 = STYLED_ITEM('color',(#14052),#4309);
#14052 = PRESENTATION_STYLE_ASSIGNMENT((#14053));
#14053 = SURFACE_STYLE_USAGE(.BOTH.,#14054);
#14054 = SURFACE_SIDE_STYLE('',(#14055));
#14055 = SURFACE_STYLE_FILL_AREA(#14056);
#14056 = FILL_AREA_STYLE('',(#14057));
#14057 = FILL_AREA_STYLE_COLOUR('',#14029);
#14058 = STYLED_ITEM('color',(#14059),#4340);
#14059 = PRESENTATION_STYLE_ASSIGNMENT((#14060));
#14060 = SURFACE_STYLE_USAGE(.BOTH.,#14061);
#14061 = SURFACE_SIDE_STYLE('',(#14062));
#14062 = SURFACE_STYLE_FILL_AREA(#14063);
#14063 = FILL_AREA_STYLE('',(#14064));
#14064 = FILL_AREA_STYLE_COLOUR('',#14029);
#14065 = STYLED_ITEM('color',(#14066),#4364);
#14066 = PRESENTATION_STYLE_ASSIGNMENT((#14067));
#14067 = SURFACE_STYLE_USAGE(.BOTH.,#14068);
#14068 = SURFACE_SIDE_STYLE('',(#14069));
#14069 = SURFACE_STYLE_FILL_AREA(#14070);
#14070 = FILL_AREA_STYLE('',(#14071));
#14071 = FILL_AREA_STYLE_COLOUR('',#14029);
#14072 = STYLED_ITEM('color',(#14073),#4388);
#14073 = PRESENTATION_STYLE_ASSIGNMENT((#14074));
#14074 = SURFACE_STYLE_USAGE(.BOTH.,#14075);
#14075 = SURFACE_SIDE_STYLE('',(#14076));
#14076 = SURFACE_STYLE_FILL_AREA(#14077);
#14077 = FILL_AREA_STYLE('',(#14078));
#14078 = FILL_AREA_STYLE_COLOUR('',#14029);
#14079 = STYLED_ITEM('color',(#14080),#4405);
#14080 = PRESENTATION_STYLE_ASSIGNMENT((#14081));
#14081 = SURFACE_STYLE_USAGE(.BOTH.,#14082);
#14082 = SURFACE_SIDE_STYLE('',(#14083));
#14083 = SURFACE_STYLE_FILL_AREA(#14084);
#14084 = FILL_AREA_STYLE('',(#14085));
#14085 = FILL_AREA_STYLE_COLOUR('',#14029);
#14086 = STYLED_ITEM('color',(#14087),#4468);
#14087 = PRESENTATION_STYLE_ASSIGNMENT((#14088));
#14088 = SURFACE_STYLE_USAGE(.BOTH.,#14089);
#14089 = SURFACE_SIDE_STYLE('',(#14090));
#14090 = SURFACE_STYLE_FILL_AREA(#14091);
#14091 = FILL_AREA_STYLE('',(#14092));
#14092 = FILL_AREA_STYLE_COLOUR('',#14029);
#14093 = STYLED_ITEM('color',(#14094),#4492);
#14094 = PRESENTATION_STYLE_ASSIGNMENT((#14095));
#14095 = SURFACE_STYLE_USAGE(.BOTH.,#14096);
#14096 = SURFACE_SIDE_STYLE('',(#14097));
#14097 = SURFACE_STYLE_FILL_AREA(#14098);
#14098 = FILL_AREA_STYLE('',(#14099));
#14099 = FILL_AREA_STYLE_COLOUR('',#14029);
#14100 = STYLED_ITEM('color',(#14101),#4548);
#14101 = PRESENTATION_STYLE_ASSIGNMENT((#14102));
#14102 = SURFACE_STYLE_USAGE(.BOTH.,#14103);
#14103 = SURFACE_SIDE_STYLE('',(#14104));
#14104 = SURFACE_STYLE_FILL_AREA(#14105);
#14105 = FILL_AREA_STYLE('',(#14106));
#14106 = FILL_AREA_STYLE_COLOUR('',#14029);
#14107 = STYLED_ITEM('color',(#14108),#4565);
#14108 = PRESENTATION_STYLE_ASSIGNMENT((#14109));
#14109 = SURFACE_STYLE_USAGE(.BOTH.,#14110);
#14110 = SURFACE_SIDE_STYLE('',(#14111));
#14111 = SURFACE_STYLE_FILL_AREA(#14112);
#14112 = FILL_AREA_STYLE('',(#14113));
#14113 = FILL_AREA_STYLE_COLOUR('',#14029);
#14114 = STYLED_ITEM('color',(#14115),#4628);
#14115 = PRESENTATION_STYLE_ASSIGNMENT((#14116));
#14116 = SURFACE_STYLE_USAGE(.BOTH.,#14117);
#14117 = SURFACE_SIDE_STYLE('',(#14118));
#14118 = SURFACE_STYLE_FILL_AREA(#14119);
#14119 = FILL_AREA_STYLE('',(#14120));
#14120 = FILL_AREA_STYLE_COLOUR('',#14029);
#14121 = STYLED_ITEM('color',(#14122),#4652);
#14122 = PRESENTATION_STYLE_ASSIGNMENT((#14123));
#14123 = SURFACE_STYLE_USAGE(.BOTH.,#14124);
#14124 = SURFACE_SIDE_STYLE('',(#14125));
#14125 = SURFACE_STYLE_FILL_AREA(#14126);
#14126 = FILL_AREA_STYLE('',(#14127));
#14127 = FILL_AREA_STYLE_COLOUR('',#14029);
#14128 = STYLED_ITEM('color',(#14129),#4708);
#14129 = PRESENTATION_STYLE_ASSIGNMENT((#14130));
#14130 = SURFACE_STYLE_USAGE(.BOTH.,#14131);
#14131 = SURFACE_SIDE_STYLE('',(#14132));
#14132 = SURFACE_STYLE_FILL_AREA(#14133);
#14133 = FILL_AREA_STYLE('',(#14134));
#14134 = FILL_AREA_STYLE_COLOUR('',#14029);
#14135 = STYLED_ITEM('color',(#14136),#4725);
#14136 = PRESENTATION_STYLE_ASSIGNMENT((#14137));
#14137 = SURFACE_STYLE_USAGE(.BOTH.,#14138);
#14138 = SURFACE_SIDE_STYLE('',(#14139));
#14139 = SURFACE_STYLE_FILL_AREA(#14140);
#14140 = FILL_AREA_STYLE('',(#14141));
#14141 = FILL_AREA_STYLE_COLOUR('',#14029);
#14142 = STYLED_ITEM('color',(#14143),#4756);
#14143 = PRESENTATION_STYLE_ASSIGNMENT((#14144));
#14144 = SURFACE_STYLE_USAGE(.BOTH.,#14145);
#14145 = SURFACE_SIDE_STYLE('',(#14146));
#14146 = SURFACE_STYLE_FILL_AREA(#14147);
#14147 = FILL_AREA_STYLE('',(#14148));
#14148 = FILL_AREA_STYLE_COLOUR('',#14029);
#14149 = STYLED_ITEM('color',(#14150),#4780);
#14150 = PRESENTATION_STYLE_ASSIGNMENT((#14151));
#14151 = SURFACE_STYLE_USAGE(.BOTH.,#14152);
#14152 = SURFACE_SIDE_STYLE('',(#14153));
#14153 = SURFACE_STYLE_FILL_AREA(#14154);
#14154 = FILL_AREA_STYLE('',(#14155));
#14155 = FILL_AREA_STYLE_COLOUR('',#14029);
#14156 = STYLED_ITEM('color',(#14157),#4804);
#14157 = PRESENTATION_STYLE_ASSIGNMENT((#14158));
#14158 = SURFACE_STYLE_USAGE(.BOTH.,#14159);
#14159 = SURFACE_SIDE_STYLE('',(#14160));
#14160 = SURFACE_STYLE_FILL_AREA(#14161);
#14161 = FILL_AREA_STYLE('',(#14162));
#14162 = FILL_AREA_STYLE_COLOUR('',#14029);
#14163 = STYLED_ITEM('color',(#14164),#4821);
#14164 = PRESENTATION_STYLE_ASSIGNMENT((#14165));
#14165 = SURFACE_STYLE_USAGE(.BOTH.,#14166);
#14166 = SURFACE_SIDE_STYLE('',(#14167));
#14167 = SURFACE_STYLE_FILL_AREA(#14168);
#14168 = FILL_AREA_STYLE('',(#14169));
#14169 = FILL_AREA_STYLE_COLOUR('',#14029);
#14170 = STYLED_ITEM('color',(#14171),#4852);
#14171 = PRESENTATION_STYLE_ASSIGNMENT((#14172));
#14172 = SURFACE_STYLE_USAGE(.BOTH.,#14173);
#14173 = SURFACE_SIDE_STYLE('',(#14174));
#14174 = SURFACE_STYLE_FILL_AREA(#14175);
#14175 = FILL_AREA_STYLE('',(#14176));
#14176 = FILL_AREA_STYLE_COLOUR('',#14029);
#14177 = STYLED_ITEM('color',(#14178),#4876);
#14178 = PRESENTATION_STYLE_ASSIGNMENT((#14179));
#14179 = SURFACE_STYLE_USAGE(.BOTH.,#14180);
#14180 = SURFACE_SIDE_STYLE('',(#14181));
#14181 = SURFACE_STYLE_FILL_AREA(#14182);
#14182 = FILL_AREA_STYLE('',(#14183));
#14183 = FILL_AREA_STYLE_COLOUR('',#14029);
#14184 = STYLED_ITEM('color',(#14185),#4900);
#14185 = PRESENTATION_STYLE_ASSIGNMENT((#14186));
#14186 = SURFACE_STYLE_USAGE(.BOTH.,#14187);
#14187 = SURFACE_SIDE_STYLE('',(#14188));
#14188 = SURFACE_STYLE_FILL_AREA(#14189);
#14189 = FILL_AREA_STYLE('',(#14190));
#14190 = FILL_AREA_STYLE_COLOUR('',#14029);
#14191 = STYLED_ITEM('color',(#14192),#4917);
#14192 = PRESENTATION_STYLE_ASSIGNMENT((#14193));
#14193 = SURFACE_STYLE_USAGE(.BOTH.,#14194);
#14194 = SURFACE_SIDE_STYLE('',(#14195));
#14195 = SURFACE_STYLE_FILL_AREA(#14196);
#14196 = FILL_AREA_STYLE('',(#14197));
#14197 = FILL_AREA_STYLE_COLOUR('',#14029);
#14198 = STYLED_ITEM('color',(#14199),#4964);
#14199 = PRESENTATION_STYLE_ASSIGNMENT((#14200));
#14200 = SURFACE_STYLE_USAGE(.BOTH.,#14201);
#14201 = SURFACE_SIDE_STYLE('',(#14202));
#14202 = SURFACE_STYLE_FILL_AREA(#14203);
#14203 = FILL_AREA_STYLE('',(#14204));
#14204 = FILL_AREA_STYLE_COLOUR('',#14029);
#14205 = STYLED_ITEM('color',(#14206),#4995);
#14206 = PRESENTATION_STYLE_ASSIGNMENT((#14207));
#14207 = SURFACE_STYLE_USAGE(.BOTH.,#14208);
#14208 = SURFACE_SIDE_STYLE('',(#14209));
#14209 = SURFACE_STYLE_FILL_AREA(#14210);
#14210 = FILL_AREA_STYLE('',(#14211));
#14211 = FILL_AREA_STYLE_COLOUR('',#14029);
#14212 = STYLED_ITEM('color',(#14213),#5007);
#14213 = PRESENTATION_STYLE_ASSIGNMENT((#14214));
#14214 = SURFACE_STYLE_USAGE(.BOTH.,#14215);
#14215 = SURFACE_SIDE_STYLE('',(#14216));
#14216 = SURFACE_STYLE_FILL_AREA(#14217);
#14217 = FILL_AREA_STYLE('',(#14218));
#14218 = FILL_AREA_STYLE_COLOUR('',#14029);
#14219 = STYLED_ITEM('color',(#14220),#5024);
#14220 = PRESENTATION_STYLE_ASSIGNMENT((#14221));
#14221 = SURFACE_STYLE_USAGE(.BOTH.,#14222);
#14222 = SURFACE_SIDE_STYLE('',(#14223));
#14223 = SURFACE_STYLE_FILL_AREA(#14224);
#14224 = FILL_AREA_STYLE('',(#14225));
#14225 = FILL_AREA_STYLE_COLOUR('',#14029);
#14226 = STYLED_ITEM('color',(#14227),#5050);
#14227 = PRESENTATION_STYLE_ASSIGNMENT((#14228));
#14228 = SURFACE_STYLE_USAGE(.BOTH.,#14229);
#14229 = SURFACE_SIDE_STYLE('',(#14230));
#14230 = SURFACE_STYLE_FILL_AREA(#14231);
#14231 = FILL_AREA_STYLE('',(#14232));
#14232 = FILL_AREA_STYLE_COLOUR('',#14029);
#14233 = STYLED_ITEM('color',(#14234),#5083);
#14234 = PRESENTATION_STYLE_ASSIGNMENT((#14235));
#14235 = SURFACE_STYLE_USAGE(.BOTH.,#14236);
#14236 = SURFACE_SIDE_STYLE('',(#14237));
#14237 = SURFACE_STYLE_FILL_AREA(#14238);
#14238 = FILL_AREA_STYLE('',(#14239));
#14239 = FILL_AREA_STYLE_COLOUR('',#14029);
#14240 = STYLED_ITEM('color',(#14241),#5130);
#14241 = PRESENTATION_STYLE_ASSIGNMENT((#14242));
#14242 = SURFACE_STYLE_USAGE(.BOTH.,#14243);
#14243 = SURFACE_SIDE_STYLE('',(#14244));
#14244 = SURFACE_STYLE_FILL_AREA(#14245);
#14245 = FILL_AREA_STYLE('',(#14246));
#14246 = FILL_AREA_STYLE_COLOUR('',#14029);
#14247 = STYLED_ITEM('color',(#14248),#5161);
#14248 = PRESENTATION_STYLE_ASSIGNMENT((#14249));
#14249 = SURFACE_STYLE_USAGE(.BOTH.,#14250);
#14250 = SURFACE_SIDE_STYLE('',(#14251));
#14251 = SURFACE_STYLE_FILL_AREA(#14252);
#14252 = FILL_AREA_STYLE('',(#14253));
#14253 = FILL_AREA_STYLE_COLOUR('',#14029);
#14254 = STYLED_ITEM('color',(#14255),#5173);
#14255 = PRESENTATION_STYLE_ASSIGNMENT((#14256));
#14256 = SURFACE_STYLE_USAGE(.BOTH.,#14257);
#14257 = SURFACE_SIDE_STYLE('',(#14258));
#14258 = SURFACE_STYLE_FILL_AREA(#14259);
#14259 = FILL_AREA_STYLE('',(#14260));
#14260 = FILL_AREA_STYLE_COLOUR('',#14029);
#14261 = STYLED_ITEM('color',(#14262),#5190);
#14262 = PRESENTATION_STYLE_ASSIGNMENT((#14263));
#14263 = SURFACE_STYLE_USAGE(.BOTH.,#14264);
#14264 = SURFACE_SIDE_STYLE('',(#14265));
#14265 = SURFACE_STYLE_FILL_AREA(#14266);
#14266 = FILL_AREA_STYLE('',(#14267));
#14267 = FILL_AREA_STYLE_COLOUR('',#14029);
#14268 = STYLED_ITEM('color',(#14269),#5216);
#14269 = PRESENTATION_STYLE_ASSIGNMENT((#14270));
#14270 = SURFACE_STYLE_USAGE(.BOTH.,#14271);
#14271 = SURFACE_SIDE_STYLE('',(#14272));
#14272 = SURFACE_STYLE_FILL_AREA(#14273);
#14273 = FILL_AREA_STYLE('',(#14274));
#14274 = FILL_AREA_STYLE_COLOUR('',#14029);
#14275 = STYLED_ITEM('color',(#14276),#5249);
#14276 = PRESENTATION_STYLE_ASSIGNMENT((#14277));
#14277 = SURFACE_STYLE_USAGE(.BOTH.,#14278);
#14278 = SURFACE_SIDE_STYLE('',(#14279));
#14279 = SURFACE_STYLE_FILL_AREA(#14280);
#14280 = FILL_AREA_STYLE('',(#14281));
#14281 = FILL_AREA_STYLE_COLOUR('',#14029);
#14282 = STYLED_ITEM('color',(#14283),#5261);
#14283 = PRESENTATION_STYLE_ASSIGNMENT((#14284));
#14284 = SURFACE_STYLE_USAGE(.BOTH.,#14285);
#14285 = SURFACE_SIDE_STYLE('',(#14286));
#14286 = SURFACE_STYLE_FILL_AREA(#14287);
#14287 = FILL_AREA_STYLE('',(#14288));
#14288 = FILL_AREA_STYLE_COLOUR('',#14029);
#14289 = STYLED_ITEM('color',(#14290),#5273);
#14290 = PRESENTATION_STYLE_ASSIGNMENT((#14291));
#14291 = SURFACE_STYLE_USAGE(.BOTH.,#14292);
#14292 = SURFACE_SIDE_STYLE('',(#14293));
#14293 = SURFACE_STYLE_FILL_AREA(#14294);
#14294 = FILL_AREA_STYLE('',(#14295));
#14295 = FILL_AREA_STYLE_COLOUR('',#14029);
#14296 = STYLED_ITEM('color',(#14297),#5290);
#14297 = PRESENTATION_STYLE_ASSIGNMENT((#14298));
#14298 = SURFACE_STYLE_USAGE(.BOTH.,#14299);
#14299 = SURFACE_SIDE_STYLE('',(#14300));
#14300 = SURFACE_STYLE_FILL_AREA(#14301);
#14301 = FILL_AREA_STYLE('',(#14302));
#14302 = FILL_AREA_STYLE_COLOUR('',#14029);
#14303 = STYLED_ITEM('color',(#14304),#5307);
#14304 = PRESENTATION_STYLE_ASSIGNMENT((#14305));
#14305 = SURFACE_STYLE_USAGE(.BOTH.,#14306);
#14306 = SURFACE_SIDE_STYLE('',(#14307));
#14307 = SURFACE_STYLE_FILL_AREA(#14308);
#14308 = FILL_AREA_STYLE('',(#14309));
#14309 = FILL_AREA_STYLE_COLOUR('',#14029);
#14310 = STYLED_ITEM('color',(#14311),#5319);
#14311 = PRESENTATION_STYLE_ASSIGNMENT((#14312));
#14312 = SURFACE_STYLE_USAGE(.BOTH.,#14313);
#14313 = SURFACE_SIDE_STYLE('',(#14314));
#14314 = SURFACE_STYLE_FILL_AREA(#14315);
#14315 = FILL_AREA_STYLE('',(#14316));
#14316 = FILL_AREA_STYLE_COLOUR('',#14029);
#14317 = STYLED_ITEM('color',(#14318),#5336);
#14318 = PRESENTATION_STYLE_ASSIGNMENT((#14319));
#14319 = SURFACE_STYLE_USAGE(.BOTH.,#14320);
#14320 = SURFACE_SIDE_STYLE('',(#14321));
#14321 = SURFACE_STYLE_FILL_AREA(#14322);
#14322 = FILL_AREA_STYLE('',(#14323));
#14323 = FILL_AREA_STYLE_COLOUR('',#14029);
#14324 = STYLED_ITEM('color',(#14325),#5353);
#14325 = PRESENTATION_STYLE_ASSIGNMENT((#14326));
#14326 = SURFACE_STYLE_USAGE(.BOTH.,#14327);
#14327 = SURFACE_SIDE_STYLE('',(#14328));
#14328 = SURFACE_STYLE_FILL_AREA(#14329);
#14329 = FILL_AREA_STYLE('',(#14330));
#14330 = FILL_AREA_STYLE_COLOUR('',#14029);
#14331 = MECHANICAL_DESIGN_GEOMETRIC_PRESENTATION_REPRESENTATION('',(
    #14332,#14342,#14351,#14360,#14369,#14378,#14387,#14396,#14405,
    #14414,#14423,#14432,#14441,#14450,#14459,#14468,#14477,#14486,
    #14495,#14504),#11907);
#14332 = STYLED_ITEM('color',(#14333),#11363);
#14333 = PRESENTATION_STYLE_ASSIGNMENT((#14334,#14340));
#14334 = SURFACE_STYLE_USAGE(.BOTH.,#14335);
#14335 = SURFACE_SIDE_STYLE('',(#14336));
#14336 = SURFACE_STYLE_FILL_AREA(#14337);
#14337 = FILL_AREA_STYLE('',(#14338));
#14338 = FILL_AREA_STYLE_COLOUR('',#14339);
#14339 = COLOUR_RGB('',0.147999998088,0.145000001626,0.145000001626);
#14340 = CURVE_STYLE('',#14341,POSITIVE_LENGTH_MEASURE(0.1),#14339);
#14341 = DRAUGHTING_PRE_DEFINED_CURVE_FONT('continuous');
#14342 = STYLED_ITEM('color',(#14343),#11403);
#14343 = PRESENTATION_STYLE_ASSIGNMENT((#14344,#14349));
#14344 = SURFACE_STYLE_USAGE(.BOTH.,#14345);
#14345 = SURFACE_SIDE_STYLE('',(#14346));
#14346 = SURFACE_STYLE_FILL_AREA(#14347);
#14347 = FILL_AREA_STYLE('',(#14348));
#14348 = FILL_AREA_STYLE_COLOUR('',#14339);
#14349 = CURVE_STYLE('',#14350,POSITIVE_LENGTH_MEASURE(0.1),#14339);
#14350 = DRAUGHTING_PRE_DEFINED_CURVE_FONT('continuous');
#14351 = STYLED_ITEM('color',(#14352),#11436);
#14352 = PRESENTATION_STYLE_ASSIGNMENT((#14353,#14358));
#14353 = SURFACE_STYLE_USAGE(.BOTH.,#14354);
#14354 = SURFACE_SIDE_STYLE('',(#14355));
#14355 = SURFACE_STYLE_FILL_AREA(#14356);
#14356 = FILL_AREA_STYLE('',(#14357));
#14357 = FILL_AREA_STYLE_COLOUR('',#14339);
#14358 = CURVE_STYLE('',#14359,POSITIVE_LENGTH_MEASURE(0.1),#14339);
#14359 = DRAUGHTING_PRE_DEFINED_CURVE_FONT('continuous');
#14360 = STYLED_ITEM('color',(#14361),#11469);
#14361 = PRESENTATION_STYLE_ASSIGNMENT((#14362,#14367));
#14362 = SURFACE_STYLE_USAGE(.BOTH.,#14363);
#14363 = SURFACE_SIDE_STYLE('',(#14364));
#14364 = SURFACE_STYLE_FILL_AREA(#14365);
#14365 = FILL_AREA_STYLE('',(#14366));
#14366 = FILL_AREA_STYLE_COLOUR('',#14339);
#14367 = CURVE_STYLE('',#14368,POSITIVE_LENGTH_MEASURE(0.1),#14339);
#14368 = DRAUGHTING_PRE_DEFINED_CURVE_FONT('continuous');
#14369 = STYLED_ITEM('color',(#14370),#11596);
#14370 = PRESENTATION_STYLE_ASSIGNMENT((#14371,#14376));
#14371 = SURFACE_STYLE_USAGE(.BOTH.,#14372);
#14372 = SURFACE_SIDE_STYLE('',(#14373));
#14373 = SURFACE_STYLE_FILL_AREA(#14374);
#14374 = FILL_AREA_STYLE('',(#14375));
#14375 = FILL_AREA_STYLE_COLOUR('',#14339);
#14376 = CURVE_STYLE('',#14377,POSITIVE_LENGTH_MEASURE(0.1),#14339);
#14377 = DRAUGHTING_PRE_DEFINED_CURVE_FONT('continuous');
#14378 = STYLED_ITEM('color',(#14379),#11621);
#14379 = PRESENTATION_STYLE_ASSIGNMENT((#14380,#14385));
#14380 = SURFACE_STYLE_USAGE(.BOTH.,#14381);
#14381 = SURFACE_SIDE_STYLE('',(#14382));
#14382 = SURFACE_STYLE_FILL_AREA(#14383);
#14383 = FILL_AREA_STYLE('',(#14384));
#14384 = FILL_AREA_STYLE_COLOUR('',#14339);
#14385 = CURVE_STYLE('',#14386,POSITIVE_LENGTH_MEASURE(0.1),#14339);
#14386 = DRAUGHTING_PRE_DEFINED_CURVE_FONT('continuous');
#14387 = STYLED_ITEM('color',(#14388),#11638);
#14388 = PRESENTATION_STYLE_ASSIGNMENT((#14389,#14394));
#14389 = SURFACE_STYLE_USAGE(.BOTH.,#14390);
#14390 = SURFACE_SIDE_STYLE('',(#14391));
#14391 = SURFACE_STYLE_FILL_AREA(#14392);
#14392 = FILL_AREA_STYLE('',(#14393));
#14393 = FILL_AREA_STYLE_COLOUR('',#14339);
#14394 = CURVE_STYLE('',#14395,POSITIVE_LENGTH_MEASURE(0.1),#14339);
#14395 = DRAUGHTING_PRE_DEFINED_CURVE_FONT('continuous');
#14396 = STYLED_ITEM('color',(#14397),#11662);
#14397 = PRESENTATION_STYLE_ASSIGNMENT((#14398,#14403));
#14398 = SURFACE_STYLE_USAGE(.BOTH.,#14399);
#14399 = SURFACE_SIDE_STYLE('',(#14400));
#14400 = SURFACE_STYLE_FILL_AREA(#14401);
#14401 = FILL_AREA_STYLE('',(#14402));
#14402 = FILL_AREA_STYLE_COLOUR('',#14339);
#14403 = CURVE_STYLE('',#14404,POSITIVE_LENGTH_MEASURE(0.1),#14339);
#14404 = DRAUGHTING_PRE_DEFINED_CURVE_FONT('continuous');
#14405 = STYLED_ITEM('color',(#14406),#11693);
#14406 = PRESENTATION_STYLE_ASSIGNMENT((#14407,#14412));
#14407 = SURFACE_STYLE_USAGE(.BOTH.,#14408);
#14408 = SURFACE_SIDE_STYLE('',(#14409));
#14409 = SURFACE_STYLE_FILL_AREA(#14410);
#14410 = FILL_AREA_STYLE('',(#14411));
#14411 = FILL_AREA_STYLE_COLOUR('',#14339);
#14412 = CURVE_STYLE('',#14413,POSITIVE_LENGTH_MEASURE(0.1),#14339);
#14413 = DRAUGHTING_PRE_DEFINED_CURVE_FONT('continuous');
#14414 = STYLED_ITEM('color',(#14415),#11710);
#14415 = PRESENTATION_STYLE_ASSIGNMENT((#14416,#14421));
#14416 = SURFACE_STYLE_USAGE(.BOTH.,#14417);
#14417 = SURFACE_SIDE_STYLE('',(#14418));
#14418 = SURFACE_STYLE_FILL_AREA(#14419);
#14419 = FILL_AREA_STYLE('',(#14420));
#14420 = FILL_AREA_STYLE_COLOUR('',#14339);
#14421 = CURVE_STYLE('',#14422,POSITIVE_LENGTH_MEASURE(0.1),#14339);
#14422 = DRAUGHTING_PRE_DEFINED_CURVE_FONT('continuous');
#14423 = STYLED_ITEM('color',(#14424),#11734);
#14424 = PRESENTATION_STYLE_ASSIGNMENT((#14425,#14430));
#14425 = SURFACE_STYLE_USAGE(.BOTH.,#14426);
#14426 = SURFACE_SIDE_STYLE('',(#14427));
#14427 = SURFACE_STYLE_FILL_AREA(#14428);
#14428 = FILL_AREA_STYLE('',(#14429));
#14429 = FILL_AREA_STYLE_COLOUR('',#14339);
#14430 = CURVE_STYLE('',#14431,POSITIVE_LENGTH_MEASURE(0.1),#14339);
#14431 = DRAUGHTING_PRE_DEFINED_CURVE_FONT('continuous');
#14432 = STYLED_ITEM('color',(#14433),#11759);
#14433 = PRESENTATION_STYLE_ASSIGNMENT((#14434,#14439));
#14434 = SURFACE_STYLE_USAGE(.BOTH.,#14435);
#14435 = SURFACE_SIDE_STYLE('',(#14436));
#14436 = SURFACE_STYLE_FILL_AREA(#14437);
#14437 = FILL_AREA_STYLE('',(#14438));
#14438 = FILL_AREA_STYLE_COLOUR('',#14339);
#14439 = CURVE_STYLE('',#14440,POSITIVE_LENGTH_MEASURE(0.1),#14339);
#14440 = DRAUGHTING_PRE_DEFINED_CURVE_FONT('continuous');
#14441 = STYLED_ITEM('color',(#14442),#11784);
#14442 = PRESENTATION_STYLE_ASSIGNMENT((#14443,#14448));
#14443 = SURFACE_STYLE_USAGE(.BOTH.,#14444);
#14444 = SURFACE_SIDE_STYLE('',(#14445));
#14445 = SURFACE_STYLE_FILL_AREA(#14446);
#14446 = FILL_AREA_STYLE('',(#14447));
#14447 = FILL_AREA_STYLE_COLOUR('',#14339);
#14448 = CURVE_STYLE('',#14449,POSITIVE_LENGTH_MEASURE(0.1),#14339);
#14449 = DRAUGHTING_PRE_DEFINED_CURVE_FONT('continuous');
#14450 = STYLED_ITEM('color',(#14451),#11801);
#14451 = PRESENTATION_STYLE_ASSIGNMENT((#14452,#14457));
#14452 = SURFACE_STYLE_USAGE(.BOTH.,#14453);
#14453 = SURFACE_SIDE_STYLE('',(#14454));
#14454 = SURFACE_STYLE_FILL_AREA(#14455);
#14455 = FILL_AREA_STYLE('',(#14456));
#14456 = FILL_AREA_STYLE_COLOUR('',#13317);
#14457 = CURVE_STYLE('',#14458,POSITIVE_LENGTH_MEASURE(0.1),#13317);
#14458 = DRAUGHTING_PRE_DEFINED_CURVE_FONT('continuous');
#14459 = STYLED_ITEM('color',(#14460),#11813);
#14460 = PRESENTATION_STYLE_ASSIGNMENT((#14461,#14466));
#14461 = SURFACE_STYLE_USAGE(.BOTH.,#14462);
#14462 = SURFACE_SIDE_STYLE('',(#14463));
#14463 = SURFACE_STYLE_FILL_AREA(#14464);
#14464 = FILL_AREA_STYLE('',(#14465));
#14465 = FILL_AREA_STYLE_COLOUR('',#13317);
#14466 = CURVE_STYLE('',#14467,POSITIVE_LENGTH_MEASURE(0.1),#13317);
#14467 = DRAUGHTING_PRE_DEFINED_CURVE_FONT('continuous');
#14468 = STYLED_ITEM('color',(#14469),#11825);
#14469 = PRESENTATION_STYLE_ASSIGNMENT((#14470,#14475));
#14470 = SURFACE_STYLE_USAGE(.BOTH.,#14471);
#14471 = SURFACE_SIDE_STYLE('',(#14472));
#14472 = SURFACE_STYLE_FILL_AREA(#14473);
#14473 = FILL_AREA_STYLE('',(#14474));
#14474 = FILL_AREA_STYLE_COLOUR('',#14339);
#14475 = CURVE_STYLE('',#14476,POSITIVE_LENGTH_MEASURE(0.1),#14339);
#14476 = DRAUGHTING_PRE_DEFINED_CURVE_FONT('continuous');
#14477 = STYLED_ITEM('color',(#14478),#11843);
#14478 = PRESENTATION_STYLE_ASSIGNMENT((#14479,#14484));
#14479 = SURFACE_STYLE_USAGE(.BOTH.,#14480);
#14480 = SURFACE_SIDE_STYLE('',(#14481));
#14481 = SURFACE_STYLE_FILL_AREA(#14482);
#14482 = FILL_AREA_STYLE('',(#14483));
#14483 = FILL_AREA_STYLE_COLOUR('',#14339);
#14484 = CURVE_STYLE('',#14485,POSITIVE_LENGTH_MEASURE(0.1),#14339);
#14485 = DRAUGHTING_PRE_DEFINED_CURVE_FONT('continuous');
#14486 = STYLED_ITEM('color',(#14487),#11861);
#14487 = PRESENTATION_STYLE_ASSIGNMENT((#14488,#14493));
#14488 = SURFACE_STYLE_USAGE(.BOTH.,#14489);
#14489 = SURFACE_SIDE_STYLE('',(#14490));
#14490 = SURFACE_STYLE_FILL_AREA(#14491);
#14491 = FILL_AREA_STYLE('',(#14492));
#14492 = FILL_AREA_STYLE_COLOUR('',#14339);
#14493 = CURVE_STYLE('',#14494,POSITIVE_LENGTH_MEASURE(0.1),#14339);
#14494 = DRAUGHTING_PRE_DEFINED_CURVE_FONT('continuous');
#14495 = STYLED_ITEM('color',(#14496),#11885);
#14496 = PRESENTATION_STYLE_ASSIGNMENT((#14497,#14502));
#14497 = SURFACE_STYLE_USAGE(.BOTH.,#14498);
#14498 = SURFACE_SIDE_STYLE('',(#14499));
#14499 = SURFACE_STYLE_FILL_AREA(#14500);
#14500 = FILL_AREA_STYLE('',(#14501));
#14501 = FILL_AREA_STYLE_COLOUR('',#14339);
#14502 = CURVE_STYLE('',#14503,POSITIVE_LENGTH_MEASURE(0.1),#14339);
#14503 = DRAUGHTING_PRE_DEFINED_CURVE_FONT('continuous');
#14504 = STYLED_ITEM('color',(#14505),#11896);
#14505 = PRESENTATION_STYLE_ASSIGNMENT((#14506,#14511));
#14506 = SURFACE_STYLE_USAGE(.BOTH.,#14507);
#14507 = SURFACE_SIDE_STYLE('',(#14508));
#14508 = SURFACE_STYLE_FILL_AREA(#14509);
#14509 = FILL_AREA_STYLE('',(#14510));
#14510 = FILL_AREA_STYLE_COLOUR('',#14339);
#14511 = CURVE_STYLE('',#14512,POSITIVE_LENGTH_MEASURE(0.1),#14339);
#14512 = DRAUGHTING_PRE_DEFINED_CURVE_FONT('continuous');
#14513 = MECHANICAL_DESIGN_GEOMETRIC_PRESENTATION_REPRESENTATION('',(
    #14514,#14521,#14528,#14535,#14542,#14549,#14556,#14563,#14570,
    #14577,#14584,#14591,#14598,#14605,#14612,#14619,#14626,#14633,
    #14640,#14647,#14654,#14661,#14668,#14675,#14682,#14689,#14696,
    #14703),#2631);
#14514 = STYLED_ITEM('color',(#14515),#1779);
#14515 = PRESENTATION_STYLE_ASSIGNMENT((#14516));
#14516 = SURFACE_STYLE_USAGE(.BOTH.,#14517);
#14517 = SURFACE_SIDE_STYLE('',(#14518));
#14518 = SURFACE_STYLE_FILL_AREA(#14519);
#14519 = FILL_AREA_STYLE('',(#14520));
#14520 = FILL_AREA_STYLE_COLOUR('',#13317);
#14521 = STYLED_ITEM('color',(#14522),#1855);
#14522 = PRESENTATION_STYLE_ASSIGNMENT((#14523));
#14523 = SURFACE_STYLE_USAGE(.BOTH.,#14524);
#14524 = SURFACE_SIDE_STYLE('',(#14525));
#14525 = SURFACE_STYLE_FILL_AREA(#14526);
#14526 = FILL_AREA_STYLE('',(#14527));
#14527 = FILL_AREA_STYLE_COLOUR('',#13317);
#14528 = STYLED_ITEM('color',(#14529),#1886);
#14529 = PRESENTATION_STYLE_ASSIGNMENT((#14530));
#14530 = SURFACE_STYLE_USAGE(.BOTH.,#14531);
#14531 = SURFACE_SIDE_STYLE('',(#14532));
#14532 = SURFACE_STYLE_FILL_AREA(#14533);
#14533 = FILL_AREA_STYLE('',(#14534));
#14534 = FILL_AREA_STYLE_COLOUR('',#13317);
#14535 = STYLED_ITEM('color',(#14536),#1911);
#14536 = PRESENTATION_STYLE_ASSIGNMENT((#14537));
#14537 = SURFACE_STYLE_USAGE(.BOTH.,#14538);
#14538 = SURFACE_SIDE_STYLE('',(#14539));
#14539 = SURFACE_STYLE_FILL_AREA(#14540);
#14540 = FILL_AREA_STYLE('',(#14541));
#14541 = FILL_AREA_STYLE_COLOUR('',#13317);
#14542 = STYLED_ITEM('color',(#14543),#1936);
#14543 = PRESENTATION_STYLE_ASSIGNMENT((#14544));
#14544 = SURFACE_STYLE_USAGE(.BOTH.,#14545);
#14545 = SURFACE_SIDE_STYLE('',(#14546));
#14546 = SURFACE_STYLE_FILL_AREA(#14547);
#14547 = FILL_AREA_STYLE('',(#14548));
#14548 = FILL_AREA_STYLE_COLOUR('',#13317);
#14549 = STYLED_ITEM('color',(#14550),#1960);
#14550 = PRESENTATION_STYLE_ASSIGNMENT((#14551));
#14551 = SURFACE_STYLE_USAGE(.BOTH.,#14552);
#14552 = SURFACE_SIDE_STYLE('',(#14553));
#14553 = SURFACE_STYLE_FILL_AREA(#14554);
#14554 = FILL_AREA_STYLE('',(#14555));
#14555 = FILL_AREA_STYLE_COLOUR('',#13317);
#14556 = STYLED_ITEM('color',(#14557),#1984);
#14557 = PRESENTATION_STYLE_ASSIGNMENT((#14558));
#14558 = SURFACE_STYLE_USAGE(.BOTH.,#14559);
#14559 = SURFACE_SIDE_STYLE('',(#14560));
#14560 = SURFACE_STYLE_FILL_AREA(#14561);
#14561 = FILL_AREA_STYLE('',(#14562));
#14562 = FILL_AREA_STYLE_COLOUR('',#13317);
#14563 = STYLED_ITEM('color',(#14564),#2009);
#14564 = PRESENTATION_STYLE_ASSIGNMENT((#14565));
#14565 = SURFACE_STYLE_USAGE(.BOTH.,#14566);
#14566 = SURFACE_SIDE_STYLE('',(#14567));
#14567 = SURFACE_STYLE_FILL_AREA(#14568);
#14568 = FILL_AREA_STYLE('',(#14569));
#14569 = FILL_AREA_STYLE_COLOUR('',#13317);
#14570 = STYLED_ITEM('color',(#14571),#2034);
#14571 = PRESENTATION_STYLE_ASSIGNMENT((#14572));
#14572 = SURFACE_STYLE_USAGE(.BOTH.,#14573);
#14573 = SURFACE_SIDE_STYLE('',(#14574));
#14574 = SURFACE_STYLE_FILL_AREA(#14575);
#14575 = FILL_AREA_STYLE('',(#14576));
#14576 = FILL_AREA_STYLE_COLOUR('',#13317);
#14577 = STYLED_ITEM('color',(#14578),#2051);
#14578 = PRESENTATION_STYLE_ASSIGNMENT((#14579));
#14579 = SURFACE_STYLE_USAGE(.BOTH.,#14580);
#14580 = SURFACE_SIDE_STYLE('',(#14581));
#14581 = SURFACE_STYLE_FILL_AREA(#14582);
#14582 = FILL_AREA_STYLE('',(#14583));
#14583 = FILL_AREA_STYLE_COLOUR('',#13317);
#14584 = STYLED_ITEM('color',(#14585),#2137);
#14585 = PRESENTATION_STYLE_ASSIGNMENT((#14586));
#14586 = SURFACE_STYLE_USAGE(.BOTH.,#14587);
#14587 = SURFACE_SIDE_STYLE('',(#14588));
#14588 = SURFACE_STYLE_FILL_AREA(#14589);
#14589 = FILL_AREA_STYLE('',(#14590));
#14590 = FILL_AREA_STYLE_COLOUR('',#13388);
#14591 = STYLED_ITEM('color',(#14592),#2169);
#14592 = PRESENTATION_STYLE_ASSIGNMENT((#14593));
#14593 = SURFACE_STYLE_USAGE(.BOTH.,#14594);
#14594 = SURFACE_SIDE_STYLE('',(#14595));
#14595 = SURFACE_STYLE_FILL_AREA(#14596);
#14596 = FILL_AREA_STYLE('',(#14597));
#14597 = FILL_AREA_STYLE_COLOUR('',#13388);
#14598 = STYLED_ITEM('color',(#14599),#2193);
#14599 = PRESENTATION_STYLE_ASSIGNMENT((#14600));
#14600 = SURFACE_STYLE_USAGE(.BOTH.,#14601);
#14601 = SURFACE_SIDE_STYLE('',(#14602));
#14602 = SURFACE_STYLE_FILL_AREA(#14603);
#14603 = FILL_AREA_STYLE('',(#14604));
#14604 = FILL_AREA_STYLE_COLOUR('',#13388);
#14605 = STYLED_ITEM('color',(#14606),#2218);
#14606 = PRESENTATION_STYLE_ASSIGNMENT((#14607));
#14607 = SURFACE_STYLE_USAGE(.BOTH.,#14608);
#14608 = SURFACE_SIDE_STYLE('',(#14609));
#14609 = SURFACE_STYLE_FILL_AREA(#14610);
#14610 = FILL_AREA_STYLE('',(#14611));
#14611 = FILL_AREA_STYLE_COLOUR('',#13388);
#14612 = STYLED_ITEM('color',(#14613),#2242);
#14613 = PRESENTATION_STYLE_ASSIGNMENT((#14614));
#14614 = SURFACE_STYLE_USAGE(.BOTH.,#14615);
#14615 = SURFACE_SIDE_STYLE('',(#14616));
#14616 = SURFACE_STYLE_FILL_AREA(#14617);
#14617 = FILL_AREA_STYLE('',(#14618));
#14618 = FILL_AREA_STYLE_COLOUR('',#13388);
#14619 = STYLED_ITEM('color',(#14620),#2267);
#14620 = PRESENTATION_STYLE_ASSIGNMENT((#14621));
#14621 = SURFACE_STYLE_USAGE(.BOTH.,#14622);
#14622 = SURFACE_SIDE_STYLE('',(#14623));
#14623 = SURFACE_STYLE_FILL_AREA(#14624);
#14624 = FILL_AREA_STYLE('',(#14625));
#14625 = FILL_AREA_STYLE_COLOUR('',#13388);
#14626 = STYLED_ITEM('color',(#14627),#2291);
#14627 = PRESENTATION_STYLE_ASSIGNMENT((#14628));
#14628 = SURFACE_STYLE_USAGE(.BOTH.,#14629);
#14629 = SURFACE_SIDE_STYLE('',(#14630));
#14630 = SURFACE_STYLE_FILL_AREA(#14631);
#14631 = FILL_AREA_STYLE('',(#14632));
#14632 = FILL_AREA_STYLE_COLOUR('',#13388);
#14633 = STYLED_ITEM('color',(#14634),#2316);
#14634 = PRESENTATION_STYLE_ASSIGNMENT((#14635));
#14635 = SURFACE_STYLE_USAGE(.BOTH.,#14636);
#14636 = SURFACE_SIDE_STYLE('',(#14637));
#14637 = SURFACE_STYLE_FILL_AREA(#14638);
#14638 = FILL_AREA_STYLE('',(#14639));
#14639 = FILL_AREA_STYLE_COLOUR('',#13388);
#14640 = STYLED_ITEM('color',(#14641),#2333);
#14641 = PRESENTATION_STYLE_ASSIGNMENT((#14642));
#14642 = SURFACE_STYLE_USAGE(.BOTH.,#14643);
#14643 = SURFACE_SIDE_STYLE('',(#14644));
#14644 = SURFACE_STYLE_FILL_AREA(#14645);
#14645 = FILL_AREA_STYLE('',(#14646));
#14646 = FILL_AREA_STYLE_COLOUR('',#13317);
#14647 = STYLED_ITEM('color',(#14648),#2419);
#14648 = PRESENTATION_STYLE_ASSIGNMENT((#14649));
#14649 = SURFACE_STYLE_USAGE(.BOTH.,#14650);
#14650 = SURFACE_SIDE_STYLE('',(#14651));
#14651 = SURFACE_STYLE_FILL_AREA(#14652);
#14652 = FILL_AREA_STYLE('',(#14653));
#14653 = FILL_AREA_STYLE_COLOUR('',#13317);
#14654 = STYLED_ITEM('color',(#14655),#2450);
#14655 = PRESENTATION_STYLE_ASSIGNMENT((#14656));
#14656 = SURFACE_STYLE_USAGE(.BOTH.,#14657);
#14657 = SURFACE_SIDE_STYLE('',(#14658));
#14658 = SURFACE_STYLE_FILL_AREA(#14659);
#14659 = FILL_AREA_STYLE('',(#14660));
#14660 = FILL_AREA_STYLE_COLOUR('',#13317);
#14661 = STYLED_ITEM('color',(#14662),#2475);
#14662 = PRESENTATION_STYLE_ASSIGNMENT((#14663));
#14663 = SURFACE_STYLE_USAGE(.BOTH.,#14664);
#14664 = SURFACE_SIDE_STYLE('',(#14665));
#14665 = SURFACE_STYLE_FILL_AREA(#14666);
#14666 = FILL_AREA_STYLE('',(#14667));
#14667 = FILL_AREA_STYLE_COLOUR('',#13317);
#14668 = STYLED_ITEM('color',(#14669),#2500);
#14669 = PRESENTATION_STYLE_ASSIGNMENT((#14670));
#14670 = SURFACE_STYLE_USAGE(.BOTH.,#14671);
#14671 = SURFACE_SIDE_STYLE('',(#14672));
#14672 = SURFACE_STYLE_FILL_AREA(#14673);
#14673 = FILL_AREA_STYLE('',(#14674));
#14674 = FILL_AREA_STYLE_COLOUR('',#13317);
#14675 = STYLED_ITEM('color',(#14676),#2524);
#14676 = PRESENTATION_STYLE_ASSIGNMENT((#14677));
#14677 = SURFACE_STYLE_USAGE(.BOTH.,#14678);
#14678 = SURFACE_SIDE_STYLE('',(#14679));
#14679 = SURFACE_STYLE_FILL_AREA(#14680);
#14680 = FILL_AREA_STYLE('',(#14681));
#14681 = FILL_AREA_STYLE_COLOUR('',#13317);
#14682 = STYLED_ITEM('color',(#14683),#2548);
#14683 = PRESENTATION_STYLE_ASSIGNMENT((#14684));
#14684 = SURFACE_STYLE_USAGE(.BOTH.,#14685);
#14685 = SURFACE_SIDE_STYLE('',(#14686));
#14686 = SURFACE_STYLE_FILL_AREA(#14687);
#14687 = FILL_AREA_STYLE('',(#14688));
#14688 = FILL_AREA_STYLE_COLOUR('',#13317);
#14689 = STYLED_ITEM('color',(#14690),#2573);
#14690 = PRESENTATION_STYLE_ASSIGNMENT((#14691));
#14691 = SURFACE_STYLE_USAGE(.BOTH.,#14692);
#14692 = SURFACE_SIDE_STYLE('',(#14693));
#14693 = SURFACE_STYLE_FILL_AREA(#14694);
#14694 = FILL_AREA_STYLE('',(#14695));
#14695 = FILL_AREA_STYLE_COLOUR('',#13317);
#14696 = STYLED_ITEM('color',(#14697),#2598);
#14697 = PRESENTATION_STYLE_ASSIGNMENT((#14698));
#14698 = SURFACE_STYLE_USAGE(.BOTH.,#14699);
#14699 = SURFACE_SIDE_STYLE('',(#14700));
#14700 = SURFACE_STYLE_FILL_AREA(#14701);
#14701 = FILL_AREA_STYLE('',(#14702));
#14702 = FILL_AREA_STYLE_COLOUR('',#13317);
#14703 = STYLED_ITEM('color',(#14704),#2615);
#14704 = PRESENTATION_STYLE_ASSIGNMENT((#14705));
#14705 = SURFACE_STYLE_USAGE(.BOTH.,#14706);
#14706 = SURFACE_SIDE_STYLE('',(#14707));
#14707 = SURFACE_STYLE_FILL_AREA(#14708);
#14708 = FILL_AREA_STYLE('',(#14709));
#14709 = FILL_AREA_STYLE_COLOUR('',#13317);
#14710 = MECHANICAL_DESIGN_GEOMETRIC_PRESENTATION_REPRESENTATION('',(
    #14711,#14718,#14725,#14732,#14739,#14746,#14753,#14760,#14768,
    #14775,#14782,#14789,#14796,#14803,#14811,#14818,#14825,#14832,
    #14839,#14846,#14853,#14860,#14867,#14874,#14881,#14888),#875);
#14711 = STYLED_ITEM('color',(#14712),#87);
#14712 = PRESENTATION_STYLE_ASSIGNMENT((#14713));
#14713 = SURFACE_STYLE_USAGE(.BOTH.,#14714);
#14714 = SURFACE_SIDE_STYLE('',(#14715));
#14715 = SURFACE_STYLE_FILL_AREA(#14716);
#14716 = FILL_AREA_STYLE('',(#14717));
#14717 = FILL_AREA_STYLE_COLOUR('',#13317);
#14718 = STYLED_ITEM('color',(#14719),#127);
#14719 = PRESENTATION_STYLE_ASSIGNMENT((#14720));
#14720 = SURFACE_STYLE_USAGE(.BOTH.,#14721);
#14721 = SURFACE_SIDE_STYLE('',(#14722));
#14722 = SURFACE_STYLE_FILL_AREA(#14723);
#14723 = FILL_AREA_STYLE('',(#14724));
#14724 = FILL_AREA_STYLE_COLOUR('',#13317);
#14725 = STYLED_ITEM('color',(#14726),#210);
#14726 = PRESENTATION_STYLE_ASSIGNMENT((#14727));
#14727 = SURFACE_STYLE_USAGE(.BOTH.,#14728);
#14728 = SURFACE_SIDE_STYLE('',(#14729));
#14729 = SURFACE_STYLE_FILL_AREA(#14730);
#14730 = FILL_AREA_STYLE('',(#14731));
#14731 = FILL_AREA_STYLE_COLOUR('',#13317);
#14732 = STYLED_ITEM('color',(#14733),#235);
#14733 = PRESENTATION_STYLE_ASSIGNMENT((#14734));
#14734 = SURFACE_STYLE_USAGE(.BOTH.,#14735);
#14735 = SURFACE_SIDE_STYLE('',(#14736));
#14736 = SURFACE_STYLE_FILL_AREA(#14737);
#14737 = FILL_AREA_STYLE('',(#14738));
#14738 = FILL_AREA_STYLE_COLOUR('',#13317);
#14739 = STYLED_ITEM('color',(#14740),#260);
#14740 = PRESENTATION_STYLE_ASSIGNMENT((#14741));
#14741 = SURFACE_STYLE_USAGE(.BOTH.,#14742);
#14742 = SURFACE_SIDE_STYLE('',(#14743));
#14743 = SURFACE_STYLE_FILL_AREA(#14744);
#14744 = FILL_AREA_STYLE('',(#14745));
#14745 = FILL_AREA_STYLE_COLOUR('',#13317);
#14746 = STYLED_ITEM('color',(#14747),#327);
#14747 = PRESENTATION_STYLE_ASSIGNMENT((#14748));
#14748 = SURFACE_STYLE_USAGE(.BOTH.,#14749);
#14749 = SURFACE_SIDE_STYLE('',(#14750));
#14750 = SURFACE_STYLE_FILL_AREA(#14751);
#14751 = FILL_AREA_STYLE('',(#14752));
#14752 = FILL_AREA_STYLE_COLOUR('',#13317);
#14753 = STYLED_ITEM('color',(#14754),#344);
#14754 = PRESENTATION_STYLE_ASSIGNMENT((#14755));
#14755 = SURFACE_STYLE_USAGE(.BOTH.,#14756);
#14756 = SURFACE_SIDE_STYLE('',(#14757));
#14757 = SURFACE_STYLE_FILL_AREA(#14758);
#14758 = FILL_AREA_STYLE('',(#14759));
#14759 = FILL_AREA_STYLE_COLOUR('',#13317);
#14760 = STYLED_ITEM('color',(#14761),#361);
#14761 = PRESENTATION_STYLE_ASSIGNMENT((#14762));
#14762 = SURFACE_STYLE_USAGE(.BOTH.,#14763);
#14763 = SURFACE_SIDE_STYLE('',(#14764));
#14764 = SURFACE_STYLE_FILL_AREA(#14765);
#14765 = FILL_AREA_STYLE('',(#14766));
#14766 = FILL_AREA_STYLE_COLOUR('',#14767);
#14767 = COLOUR_RGB('',0.894999966383,0.890999961016,0.813000030345);
#14768 = STYLED_ITEM('color',(#14769),#410);
#14769 = PRESENTATION_STYLE_ASSIGNMENT((#14770));
#14770 = SURFACE_STYLE_USAGE(.BOTH.,#14771);
#14771 = SURFACE_SIDE_STYLE('',(#14772));
#14772 = SURFACE_STYLE_FILL_AREA(#14773);
#14773 = FILL_AREA_STYLE('',(#14774));
#14774 = FILL_AREA_STYLE_COLOUR('',#13317);
#14775 = STYLED_ITEM('color',(#14776),#427);
#14776 = PRESENTATION_STYLE_ASSIGNMENT((#14777));
#14777 = SURFACE_STYLE_USAGE(.BOTH.,#14778);
#14778 = SURFACE_SIDE_STYLE('',(#14779));
#14779 = SURFACE_STYLE_FILL_AREA(#14780);
#14780 = FILL_AREA_STYLE('',(#14781));
#14781 = FILL_AREA_STYLE_COLOUR('',#13317);
#14782 = STYLED_ITEM('color',(#14783),#444);
#14783 = PRESENTATION_STYLE_ASSIGNMENT((#14784));
#14784 = SURFACE_STYLE_USAGE(.BOTH.,#14785);
#14785 = SURFACE_SIDE_STYLE('',(#14786));
#14786 = SURFACE_STYLE_FILL_AREA(#14787);
#14787 = FILL_AREA_STYLE('',(#14788));
#14788 = FILL_AREA_STYLE_COLOUR('',#14767);
#14789 = STYLED_ITEM('color',(#14790),#493);
#14790 = PRESENTATION_STYLE_ASSIGNMENT((#14791));
#14791 = SURFACE_STYLE_USAGE(.BOTH.,#14792);
#14792 = SURFACE_SIDE_STYLE('',(#14793));
#14793 = SURFACE_STYLE_FILL_AREA(#14794);
#14794 = FILL_AREA_STYLE('',(#14795));
#14795 = FILL_AREA_STYLE_COLOUR('',#14767);
#14796 = STYLED_ITEM('color',(#14797),#510);
#14797 = PRESENTATION_STYLE_ASSIGNMENT((#14798));
#14798 = SURFACE_STYLE_USAGE(.BOTH.,#14799);
#14799 = SURFACE_SIDE_STYLE('',(#14800));
#14800 = SURFACE_STYLE_FILL_AREA(#14801);
#14801 = FILL_AREA_STYLE('',(#14802));
#14802 = FILL_AREA_STYLE_COLOUR('',#13317);
#14803 = STYLED_ITEM('color',(#14804),#579);
#14804 = PRESENTATION_STYLE_ASSIGNMENT((#14805));
#14805 = SURFACE_STYLE_USAGE(.BOTH.,#14806);
#14806 = SURFACE_SIDE_STYLE('',(#14807));
#14807 = SURFACE_STYLE_FILL_AREA(#14808);
#14808 = FILL_AREA_STYLE('',(#14809));
#14809 = FILL_AREA_STYLE_COLOUR('',#14810);
#14810 = COLOUR_RGB('',8.200000279077E-02,8.600000121357E-02,
  9.399999706163E-02);
#14811 = STYLED_ITEM('color',(#14812),#610);
#14812 = PRESENTATION_STYLE_ASSIGNMENT((#14813));
#14813 = SURFACE_STYLE_USAGE(.BOTH.,#14814);
#14814 = SURFACE_SIDE_STYLE('',(#14815));
#14815 = SURFACE_STYLE_FILL_AREA(#14816);
#14816 = FILL_AREA_STYLE('',(#14817));
#14817 = FILL_AREA_STYLE_COLOUR('',#14810);
#14818 = STYLED_ITEM('color',(#14819),#634);
#14819 = PRESENTATION_STYLE_ASSIGNMENT((#14820));
#14820 = SURFACE_STYLE_USAGE(.BOTH.,#14821);
#14821 = SURFACE_SIDE_STYLE('',(#14822));
#14822 = SURFACE_STYLE_FILL_AREA(#14823);
#14823 = FILL_AREA_STYLE('',(#14824));
#14824 = FILL_AREA_STYLE_COLOUR('',#13317);
#14825 = STYLED_ITEM('color',(#14826),#703);
#14826 = PRESENTATION_STYLE_ASSIGNMENT((#14827));
#14827 = SURFACE_STYLE_USAGE(.BOTH.,#14828);
#14828 = SURFACE_SIDE_STYLE('',(#14829));
#14829 = SURFACE_STYLE_FILL_AREA(#14830);
#14830 = FILL_AREA_STYLE('',(#14831));
#14831 = FILL_AREA_STYLE_COLOUR('',#14810);
#14832 = STYLED_ITEM('color',(#14833),#727);
#14833 = PRESENTATION_STYLE_ASSIGNMENT((#14834));
#14834 = SURFACE_STYLE_USAGE(.BOTH.,#14835);
#14835 = SURFACE_SIDE_STYLE('',(#14836));
#14836 = SURFACE_STYLE_FILL_AREA(#14837);
#14837 = FILL_AREA_STYLE('',(#14838));
#14838 = FILL_AREA_STYLE_COLOUR('',#13317);
#14839 = STYLED_ITEM('color',(#14840),#744);
#14840 = PRESENTATION_STYLE_ASSIGNMENT((#14841));
#14841 = SURFACE_STYLE_USAGE(.BOTH.,#14842);
#14842 = SURFACE_SIDE_STYLE('',(#14843));
#14843 = SURFACE_STYLE_FILL_AREA(#14844);
#14844 = FILL_AREA_STYLE('',(#14845));
#14845 = FILL_AREA_STYLE_COLOUR('',#13317);
#14846 = STYLED_ITEM('color',(#14847),#761);
#14847 = PRESENTATION_STYLE_ASSIGNMENT((#14848));
#14848 = SURFACE_STYLE_USAGE(.BOTH.,#14849);
#14849 = SURFACE_SIDE_STYLE('',(#14850));
#14850 = SURFACE_STYLE_FILL_AREA(#14851);
#14851 = FILL_AREA_STYLE('',(#14852));
#14852 = FILL_AREA_STYLE_COLOUR('',#13317);
#14853 = STYLED_ITEM('color',(#14854),#778);
#14854 = PRESENTATION_STYLE_ASSIGNMENT((#14855));
#14855 = SURFACE_STYLE_USAGE(.BOTH.,#14856);
#14856 = SURFACE_SIDE_STYLE('',(#14857));
#14857 = SURFACE_STYLE_FILL_AREA(#14858);
#14858 = FILL_AREA_STYLE('',(#14859));
#14859 = FILL_AREA_STYLE_COLOUR('',#13317);
#14860 = STYLED_ITEM('color',(#14861),#795);
#14861 = PRESENTATION_STYLE_ASSIGNMENT((#14862));
#14862 = SURFACE_STYLE_USAGE(.BOTH.,#14863);
#14863 = SURFACE_SIDE_STYLE('',(#14864));
#14864 = SURFACE_STYLE_FILL_AREA(#14865);
#14865 = FILL_AREA_STYLE('',(#14866));
#14866 = FILL_AREA_STYLE_COLOUR('',#13317);
#14867 = STYLED_ITEM('color',(#14868),#812);
#14868 = PRESENTATION_STYLE_ASSIGNMENT((#14869));
#14869 = SURFACE_STYLE_USAGE(.BOTH.,#14870);
#14870 = SURFACE_SIDE_STYLE('',(#14871));
#14871 = SURFACE_STYLE_FILL_AREA(#14872);
#14872 = FILL_AREA_STYLE('',(#14873));
#14873 = FILL_AREA_STYLE_COLOUR('',#13317);
#14874 = STYLED_ITEM('color',(#14875),#829);
#14875 = PRESENTATION_STYLE_ASSIGNMENT((#14876));
#14876 = SURFACE_STYLE_USAGE(.BOTH.,#14877);
#14877 = SURFACE_SIDE_STYLE('',(#14878));
#14878 = SURFACE_STYLE_FILL_AREA(#14879);
#14879 = FILL_AREA_STYLE('',(#14880));
#14880 = FILL_AREA_STYLE_COLOUR('',#13317);
#14881 = STYLED_ITEM('color',(#14882),#846);
#14882 = PRESENTATION_STYLE_ASSIGNMENT((#14883));
#14883 = SURFACE_STYLE_USAGE(.BOTH.,#14884);
#14884 = SURFACE_SIDE_STYLE('',(#14885));
#14885 = SURFACE_STYLE_FILL_AREA(#14886);
#14886 = FILL_AREA_STYLE('',(#14887));
#14887 = FILL_AREA_STYLE_COLOUR('',#14810);
#14888 = STYLED_ITEM('color',(#14889),#863);
#14889 = PRESENTATION_STYLE_ASSIGNMENT((#14890));
#14890 = SURFACE_STYLE_USAGE(.BOTH.,#14891);
#14891 = SURFACE_SIDE_STYLE('',(#14892));
#14892 = SURFACE_STYLE_FILL_AREA(#14893);
#14893 = FILL_AREA_STYLE('',(#14894));
#14894 = FILL_AREA_STYLE_COLOUR('',#14810);
#14895 = MECHANICAL_DESIGN_GEOMETRIC_PRESENTATION_REPRESENTATION('',(
    #14896,#14905,#14914,#14924,#14933,#14942,#14951,#14960,#14969,
    #14978,#14987,#14996,#15005,#15014,#15023,#15032,#15041,#15050,
    #15059,#15068,#15077,#15086,#15095,#15104,#15113,#15122,#15131,
    #15140,#15149,#15158,#15167,#15176,#15185,#15194,#15203,#15212,
    #15221,#15230,#15239,#15248,#15257,#15266,#15275,#15284,#15293,
    #15302,#15311,#15320,#15329,#15338,#15347,#15356,#15365,#15374,
    #15383,#15392,#15401,#15410,#15419,#15428,#15437,#15446,#15455,
    #15464,#15473,#15482,#15491,#15500,#15509,#15518,#15527,#15536,
    #15545,#15554,#15563,#15572,#15581,#15590,#15599,#15608,#15617,
    #15626,#15635,#15644,#15653,#15662,#15671,#15680,#15689,#15698,
    #15707,#15716,#15725,#15734,#15743,#15752,#15761,#15770,#15779,
    #15788,#15797,#15806,#15815,#15824,#15833,#15842,#15851,#15860,
    #15869,#15878,#15887),#10464);
#14896 = STYLED_ITEM('color',(#14897),#6928);
#14897 = PRESENTATION_STYLE_ASSIGNMENT((#14898,#14903));
#14898 = SURFACE_STYLE_USAGE(.BOTH.,#14899);
#14899 = SURFACE_SIDE_STYLE('',(#14900));
#14900 = SURFACE_STYLE_FILL_AREA(#14901);
#14901 = FILL_AREA_STYLE('',(#14902));
#14902 = FILL_AREA_STYLE_COLOUR('',#14339);
#14903 = CURVE_STYLE('',#14904,POSITIVE_LENGTH_MEASURE(0.1),#14339);
#14904 = DRAUGHTING_PRE_DEFINED_CURVE_FONT('continuous');
#14905 = STYLED_ITEM('color',(#14906),#7096);
#14906 = PRESENTATION_STYLE_ASSIGNMENT((#14907,#14912));
#14907 = SURFACE_STYLE_USAGE(.BOTH.,#14908);
#14908 = SURFACE_SIDE_STYLE('',(#14909));
#14909 = SURFACE_STYLE_FILL_AREA(#14910);
#14910 = FILL_AREA_STYLE('',(#14911));
#14911 = FILL_AREA_STYLE_COLOUR('',#14339);
#14912 = CURVE_STYLE('',#14913,POSITIVE_LENGTH_MEASURE(0.1),#14339);
#14913 = DRAUGHTING_PRE_DEFINED_CURVE_FONT('continuous');
#14914 = OVER_RIDING_STYLED_ITEM('overriding color',(#14915),#7125,
  #14905);
#14915 = PRESENTATION_STYLE_ASSIGNMENT((#14916,#14922));
#14916 = SURFACE_STYLE_USAGE(.BOTH.,#14917);
#14917 = SURFACE_SIDE_STYLE('',(#14918));
#14918 = SURFACE_STYLE_FILL_AREA(#14919);
#14919 = FILL_AREA_STYLE('',(#14920));
#14920 = FILL_AREA_STYLE_COLOUR('',#14921);
#14921 = COLOUR_RGB('',0.690999998585,0.664000007176,0.597999987832);
#14922 = CURVE_STYLE('',#14923,POSITIVE_LENGTH_MEASURE(0.1),#14921);
#14923 = DRAUGHTING_PRE_DEFINED_CURVE_FONT('continuous');
#14924 = STYLED_ITEM('color',(#14925),#7138);
#14925 = PRESENTATION_STYLE_ASSIGNMENT((#14926,#14931));
#14926 = SURFACE_STYLE_USAGE(.BOTH.,#14927);
#14927 = SURFACE_SIDE_STYLE('',(#14928));
#14928 = SURFACE_STYLE_FILL_AREA(#14929);
#14929 = FILL_AREA_STYLE('',(#14930));
#14930 = FILL_AREA_STYLE_COLOUR('',#14339);
#14931 = CURVE_STYLE('',#14932,POSITIVE_LENGTH_MEASURE(0.1),#14339);
#14932 = DRAUGHTING_PRE_DEFINED_CURVE_FONT('continuous');
#14933 = STYLED_ITEM('color',(#14934),#7290);
#14934 = PRESENTATION_STYLE_ASSIGNMENT((#14935,#14940));
#14935 = SURFACE_STYLE_USAGE(.BOTH.,#14936);
#14936 = SURFACE_SIDE_STYLE('',(#14937));
#14937 = SURFACE_STYLE_FILL_AREA(#14938);
#14938 = FILL_AREA_STYLE('',(#14939));
#14939 = FILL_AREA_STYLE_COLOUR('',#14339);
#14940 = CURVE_STYLE('',#14941,POSITIVE_LENGTH_MEASURE(0.1),#14339);
#14941 = DRAUGHTING_PRE_DEFINED_CURVE_FONT('continuous');
#14942 = STYLED_ITEM('color',(#14943),#7796);
#14943 = PRESENTATION_STYLE_ASSIGNMENT((#14944,#14949));
#14944 = SURFACE_STYLE_USAGE(.BOTH.,#14945);
#14945 = SURFACE_SIDE_STYLE('',(#14946));
#14946 = SURFACE_STYLE_FILL_AREA(#14947);
#14947 = FILL_AREA_STYLE('',(#14948));
#14948 = FILL_AREA_STYLE_COLOUR('',#13317);
#14949 = CURVE_STYLE('',#14950,POSITIVE_LENGTH_MEASURE(0.1),#13317);
#14950 = DRAUGHTING_PRE_DEFINED_CURVE_FONT('continuous');
#14951 = STYLED_ITEM('color',(#14952),#7836);
#14952 = PRESENTATION_STYLE_ASSIGNMENT((#14953,#14958));
#14953 = SURFACE_STYLE_USAGE(.BOTH.,#14954);
#14954 = SURFACE_SIDE_STYLE('',(#14955));
#14955 = SURFACE_STYLE_FILL_AREA(#14956);
#14956 = FILL_AREA_STYLE('',(#14957));
#14957 = FILL_AREA_STYLE_COLOUR('',#13317);
#14958 = CURVE_STYLE('',#14959,POSITIVE_LENGTH_MEASURE(0.1),#13317);
#14959 = DRAUGHTING_PRE_DEFINED_CURVE_FONT('continuous');
#14960 = STYLED_ITEM('color',(#14961),#7860);
#14961 = PRESENTATION_STYLE_ASSIGNMENT((#14962,#14967));
#14962 = SURFACE_STYLE_USAGE(.BOTH.,#14963);
#14963 = SURFACE_SIDE_STYLE('',(#14964));
#14964 = SURFACE_STYLE_FILL_AREA(#14965);
#14965 = FILL_AREA_STYLE('',(#14966));
#14966 = FILL_AREA_STYLE_COLOUR('',#13317);
#14967 = CURVE_STYLE('',#14968,POSITIVE_LENGTH_MEASURE(0.1),#13317);
#14968 = DRAUGHTING_PRE_DEFINED_CURVE_FONT('continuous');
#14969 = STYLED_ITEM('color',(#14970),#7893);
#14970 = PRESENTATION_STYLE_ASSIGNMENT((#14971,#14976));
#14971 = SURFACE_STYLE_USAGE(.BOTH.,#14972);
#14972 = SURFACE_SIDE_STYLE('',(#14973));
#14973 = SURFACE_STYLE_FILL_AREA(#14974);
#14974 = FILL_AREA_STYLE('',(#14975));
#14975 = FILL_AREA_STYLE_COLOUR('',#13317);
#14976 = CURVE_STYLE('',#14977,POSITIVE_LENGTH_MEASURE(0.1),#13317);
#14977 = DRAUGHTING_PRE_DEFINED_CURVE_FONT('continuous');
#14978 = STYLED_ITEM('color',(#14979),#7933);
#14979 = PRESENTATION_STYLE_ASSIGNMENT((#14980,#14985));
#14980 = SURFACE_STYLE_USAGE(.BOTH.,#14981);
#14981 = SURFACE_SIDE_STYLE('',(#14982));
#14982 = SURFACE_STYLE_FILL_AREA(#14983);
#14983 = FILL_AREA_STYLE('',(#14984));
#14984 = FILL_AREA_STYLE_COLOUR('',#13317);
#14985 = CURVE_STYLE('',#14986,POSITIVE_LENGTH_MEASURE(0.1),#13317);
#14986 = DRAUGHTING_PRE_DEFINED_CURVE_FONT('continuous');
#14987 = STYLED_ITEM('color',(#14988),#7957);
#14988 = PRESENTATION_STYLE_ASSIGNMENT((#14989,#14994));
#14989 = SURFACE_STYLE_USAGE(.BOTH.,#14990);
#14990 = SURFACE_SIDE_STYLE('',(#14991));
#14991 = SURFACE_STYLE_FILL_AREA(#14992);
#14992 = FILL_AREA_STYLE('',(#14993));
#14993 = FILL_AREA_STYLE_COLOUR('',#13317);
#14994 = CURVE_STYLE('',#14995,POSITIVE_LENGTH_MEASURE(0.1),#13317);
#14995 = DRAUGHTING_PRE_DEFINED_CURVE_FONT('continuous');
#14996 = STYLED_ITEM('color',(#14997),#7990);
#14997 = PRESENTATION_STYLE_ASSIGNMENT((#14998,#15003));
#14998 = SURFACE_STYLE_USAGE(.BOTH.,#14999);
#14999 = SURFACE_SIDE_STYLE('',(#15000));
#15000 = SURFACE_STYLE_FILL_AREA(#15001);
#15001 = FILL_AREA_STYLE('',(#15002));
#15002 = FILL_AREA_STYLE_COLOUR('',#13317);
#15003 = CURVE_STYLE('',#15004,POSITIVE_LENGTH_MEASURE(0.1),#13317);
#15004 = DRAUGHTING_PRE_DEFINED_CURVE_FONT('continuous');
#15005 = STYLED_ITEM('color',(#15006),#8030);
#15006 = PRESENTATION_STYLE_ASSIGNMENT((#15007,#15012));
#15007 = SURFACE_STYLE_USAGE(.BOTH.,#15008);
#15008 = SURFACE_SIDE_STYLE('',(#15009));
#15009 = SURFACE_STYLE_FILL_AREA(#15010);
#15010 = FILL_AREA_STYLE('',(#15011));
#15011 = FILL_AREA_STYLE_COLOUR('',#13317);
#15012 = CURVE_STYLE('',#15013,POSITIVE_LENGTH_MEASURE(0.1),#13317);
#15013 = DRAUGHTING_PRE_DEFINED_CURVE_FONT('continuous');
#15014 = STYLED_ITEM('color',(#15015),#8054);
#15015 = PRESENTATION_STYLE_ASSIGNMENT((#15016,#15021));
#15016 = SURFACE_STYLE_USAGE(.BOTH.,#15017);
#15017 = SURFACE_SIDE_STYLE('',(#15018));
#15018 = SURFACE_STYLE_FILL_AREA(#15019);
#15019 = FILL_AREA_STYLE('',(#15020));
#15020 = FILL_AREA_STYLE_COLOUR('',#13317);
#15021 = CURVE_STYLE('',#15022,POSITIVE_LENGTH_MEASURE(0.1),#13317);
#15022 = DRAUGHTING_PRE_DEFINED_CURVE_FONT('continuous');
#15023 = STYLED_ITEM('color',(#15024),#8087);
#15024 = PRESENTATION_STYLE_ASSIGNMENT((#15025,#15030));
#15025 = SURFACE_STYLE_USAGE(.BOTH.,#15026);
#15026 = SURFACE_SIDE_STYLE('',(#15027));
#15027 = SURFACE_STYLE_FILL_AREA(#15028);
#15028 = FILL_AREA_STYLE('',(#15029));
#15029 = FILL_AREA_STYLE_COLOUR('',#13317);
#15030 = CURVE_STYLE('',#15031,POSITIVE_LENGTH_MEASURE(0.1),#13317);
#15031 = DRAUGHTING_PRE_DEFINED_CURVE_FONT('continuous');
#15032 = STYLED_ITEM('color',(#15033),#8127);
#15033 = PRESENTATION_STYLE_ASSIGNMENT((#15034,#15039));
#15034 = SURFACE_STYLE_USAGE(.BOTH.,#15035);
#15035 = SURFACE_SIDE_STYLE('',(#15036));
#15036 = SURFACE_STYLE_FILL_AREA(#15037);
#15037 = FILL_AREA_STYLE('',(#15038));
#15038 = FILL_AREA_STYLE_COLOUR('',#13317);
#15039 = CURVE_STYLE('',#15040,POSITIVE_LENGTH_MEASURE(0.1),#13317);
#15040 = DRAUGHTING_PRE_DEFINED_CURVE_FONT('continuous');
#15041 = STYLED_ITEM('color',(#15042),#8151);
#15042 = PRESENTATION_STYLE_ASSIGNMENT((#15043,#15048));
#15043 = SURFACE_STYLE_USAGE(.BOTH.,#15044);
#15044 = SURFACE_SIDE_STYLE('',(#15045));
#15045 = SURFACE_STYLE_FILL_AREA(#15046);
#15046 = FILL_AREA_STYLE('',(#15047));
#15047 = FILL_AREA_STYLE_COLOUR('',#13317);
#15048 = CURVE_STYLE('',#15049,POSITIVE_LENGTH_MEASURE(0.1),#13317);
#15049 = DRAUGHTING_PRE_DEFINED_CURVE_FONT('continuous');
#15050 = STYLED_ITEM('color',(#15051),#8184);
#15051 = PRESENTATION_STYLE_ASSIGNMENT((#15052,#15057));
#15052 = SURFACE_STYLE_USAGE(.BOTH.,#15053);
#15053 = SURFACE_SIDE_STYLE('',(#15054));
#15054 = SURFACE_STYLE_FILL_AREA(#15055);
#15055 = FILL_AREA_STYLE('',(#15056));
#15056 = FILL_AREA_STYLE_COLOUR('',#14339);
#15057 = CURVE_STYLE('',#15058,POSITIVE_LENGTH_MEASURE(0.1),#14339);
#15058 = DRAUGHTING_PRE_DEFINED_CURVE_FONT('continuous');
#15059 = STYLED_ITEM('color',(#15060),#8293);
#15060 = PRESENTATION_STYLE_ASSIGNMENT((#15061,#15066));
#15061 = SURFACE_STYLE_USAGE(.BOTH.,#15062);
#15062 = SURFACE_SIDE_STYLE('',(#15063));
#15063 = SURFACE_STYLE_FILL_AREA(#15064);
#15064 = FILL_AREA_STYLE('',(#15065));
#15065 = FILL_AREA_STYLE_COLOUR('',#14339);
#15066 = CURVE_STYLE('',#15067,POSITIVE_LENGTH_MEASURE(0.1),#14339);
#15067 = DRAUGHTING_PRE_DEFINED_CURVE_FONT('continuous');
#15068 = STYLED_ITEM('color',(#15069),#8397);
#15069 = PRESENTATION_STYLE_ASSIGNMENT((#15070,#15075));
#15070 = SURFACE_STYLE_USAGE(.BOTH.,#15071);
#15071 = SURFACE_SIDE_STYLE('',(#15072));
#15072 = SURFACE_STYLE_FILL_AREA(#15073);
#15073 = FILL_AREA_STYLE('',(#15074));
#15074 = FILL_AREA_STYLE_COLOUR('',#14921);
#15075 = CURVE_STYLE('',#15076,POSITIVE_LENGTH_MEASURE(0.1),#14921);
#15076 = DRAUGHTING_PRE_DEFINED_CURVE_FONT('continuous');
#15077 = STYLED_ITEM('color',(#15078),#8422);
#15078 = PRESENTATION_STYLE_ASSIGNMENT((#15079,#15084));
#15079 = SURFACE_STYLE_USAGE(.BOTH.,#15080);
#15080 = SURFACE_SIDE_STYLE('',(#15081));
#15081 = SURFACE_STYLE_FILL_AREA(#15082);
#15082 = FILL_AREA_STYLE('',(#15083));
#15083 = FILL_AREA_STYLE_COLOUR('',#13317);
#15084 = CURVE_STYLE('',#15085,POSITIVE_LENGTH_MEASURE(0.1),#13317);
#15085 = DRAUGHTING_PRE_DEFINED_CURVE_FONT('continuous');
#15086 = STYLED_ITEM('color',(#15087),#8462);
#15087 = PRESENTATION_STYLE_ASSIGNMENT((#15088,#15093));
#15088 = SURFACE_STYLE_USAGE(.BOTH.,#15089);
#15089 = SURFACE_SIDE_STYLE('',(#15090));
#15090 = SURFACE_STYLE_FILL_AREA(#15091);
#15091 = FILL_AREA_STYLE('',(#15092));
#15092 = FILL_AREA_STYLE_COLOUR('',#13317);
#15093 = CURVE_STYLE('',#15094,POSITIVE_LENGTH_MEASURE(0.1),#13317);
#15094 = DRAUGHTING_PRE_DEFINED_CURVE_FONT('continuous');
#15095 = STYLED_ITEM('color',(#15096),#8486);
#15096 = PRESENTATION_STYLE_ASSIGNMENT((#15097,#15102));
#15097 = SURFACE_STYLE_USAGE(.BOTH.,#15098);
#15098 = SURFACE_SIDE_STYLE('',(#15099));
#15099 = SURFACE_STYLE_FILL_AREA(#15100);
#15100 = FILL_AREA_STYLE('',(#15101));
#15101 = FILL_AREA_STYLE_COLOUR('',#13317);
#15102 = CURVE_STYLE('',#15103,POSITIVE_LENGTH_MEASURE(0.1),#13317);
#15103 = DRAUGHTING_PRE_DEFINED_CURVE_FONT('continuous');
#15104 = STYLED_ITEM('color',(#15105),#8519);
#15105 = PRESENTATION_STYLE_ASSIGNMENT((#15106,#15111));
#15106 = SURFACE_STYLE_USAGE(.BOTH.,#15107);
#15107 = SURFACE_SIDE_STYLE('',(#15108));
#15108 = SURFACE_STYLE_FILL_AREA(#15109);
#15109 = FILL_AREA_STYLE('',(#15110));
#15110 = FILL_AREA_STYLE_COLOUR('',#13317);
#15111 = CURVE_STYLE('',#15112,POSITIVE_LENGTH_MEASURE(0.1),#13317);
#15112 = DRAUGHTING_PRE_DEFINED_CURVE_FONT('continuous');
#15113 = STYLED_ITEM('color',(#15114),#8559);
#15114 = PRESENTATION_STYLE_ASSIGNMENT((#15115,#15120));
#15115 = SURFACE_STYLE_USAGE(.BOTH.,#15116);
#15116 = SURFACE_SIDE_STYLE('',(#15117));
#15117 = SURFACE_STYLE_FILL_AREA(#15118);
#15118 = FILL_AREA_STYLE('',(#15119));
#15119 = FILL_AREA_STYLE_COLOUR('',#13317);
#15120 = CURVE_STYLE('',#15121,POSITIVE_LENGTH_MEASURE(0.1),#13317);
#15121 = DRAUGHTING_PRE_DEFINED_CURVE_FONT('continuous');
#15122 = STYLED_ITEM('color',(#15123),#8583);
#15123 = PRESENTATION_STYLE_ASSIGNMENT((#15124,#15129));
#15124 = SURFACE_STYLE_USAGE(.BOTH.,#15125);
#15125 = SURFACE_SIDE_STYLE('',(#15126));
#15126 = SURFACE_STYLE_FILL_AREA(#15127);
#15127 = FILL_AREA_STYLE('',(#15128));
#15128 = FILL_AREA_STYLE_COLOUR('',#13317);
#15129 = CURVE_STYLE('',#15130,POSITIVE_LENGTH_MEASURE(0.1),#13317);
#15130 = DRAUGHTING_PRE_DEFINED_CURVE_FONT('continuous');
#15131 = STYLED_ITEM('color',(#15132),#8616);
#15132 = PRESENTATION_STYLE_ASSIGNMENT((#15133,#15138));
#15133 = SURFACE_STYLE_USAGE(.BOTH.,#15134);
#15134 = SURFACE_SIDE_STYLE('',(#15135));
#15135 = SURFACE_STYLE_FILL_AREA(#15136);
#15136 = FILL_AREA_STYLE('',(#15137));
#15137 = FILL_AREA_STYLE_COLOUR('',#13317);
#15138 = CURVE_STYLE('',#15139,POSITIVE_LENGTH_MEASURE(0.1),#13317);
#15139 = DRAUGHTING_PRE_DEFINED_CURVE_FONT('continuous');
#15140 = STYLED_ITEM('color',(#15141),#8656);
#15141 = PRESENTATION_STYLE_ASSIGNMENT((#15142,#15147));
#15142 = SURFACE_STYLE_USAGE(.BOTH.,#15143);
#15143 = SURFACE_SIDE_STYLE('',(#15144));
#15144 = SURFACE_STYLE_FILL_AREA(#15145);
#15145 = FILL_AREA_STYLE('',(#15146));
#15146 = FILL_AREA_STYLE_COLOUR('',#13317);
#15147 = CURVE_STYLE('',#15148,POSITIVE_LENGTH_MEASURE(0.1),#13317);
#15148 = DRAUGHTING_PRE_DEFINED_CURVE_FONT('continuous');
#15149 = STYLED_ITEM('color',(#15150),#8680);
#15150 = PRESENTATION_STYLE_ASSIGNMENT((#15151,#15156));
#15151 = SURFACE_STYLE_USAGE(.BOTH.,#15152);
#15152 = SURFACE_SIDE_STYLE('',(#15153));
#15153 = SURFACE_STYLE_FILL_AREA(#15154);
#15154 = FILL_AREA_STYLE('',(#15155));
#15155 = FILL_AREA_STYLE_COLOUR('',#13317);
#15156 = CURVE_STYLE('',#15157,POSITIVE_LENGTH_MEASURE(0.1),#13317);
#15157 = DRAUGHTING_PRE_DEFINED_CURVE_FONT('continuous');
#15158 = STYLED_ITEM('color',(#15159),#8713);
#15159 = PRESENTATION_STYLE_ASSIGNMENT((#15160,#15165));
#15160 = SURFACE_STYLE_USAGE(.BOTH.,#15161);
#15161 = SURFACE_SIDE_STYLE('',(#15162));
#15162 = SURFACE_STYLE_FILL_AREA(#15163);
#15163 = FILL_AREA_STYLE('',(#15164));
#15164 = FILL_AREA_STYLE_COLOUR('',#13317);
#15165 = CURVE_STYLE('',#15166,POSITIVE_LENGTH_MEASURE(0.1),#13317);
#15166 = DRAUGHTING_PRE_DEFINED_CURVE_FONT('continuous');
#15167 = STYLED_ITEM('color',(#15168),#8753);
#15168 = PRESENTATION_STYLE_ASSIGNMENT((#15169,#15174));
#15169 = SURFACE_STYLE_USAGE(.BOTH.,#15170);
#15170 = SURFACE_SIDE_STYLE('',(#15171));
#15171 = SURFACE_STYLE_FILL_AREA(#15172);
#15172 = FILL_AREA_STYLE('',(#15173));
#15173 = FILL_AREA_STYLE_COLOUR('',#13317);
#15174 = CURVE_STYLE('',#15175,POSITIVE_LENGTH_MEASURE(0.1),#13317);
#15175 = DRAUGHTING_PRE_DEFINED_CURVE_FONT('continuous');
#15176 = STYLED_ITEM('color',(#15177),#8777);
#15177 = PRESENTATION_STYLE_ASSIGNMENT((#15178,#15183));
#15178 = SURFACE_STYLE_USAGE(.BOTH.,#15179);
#15179 = SURFACE_SIDE_STYLE('',(#15180));
#15180 = SURFACE_STYLE_FILL_AREA(#15181);
#15181 = FILL_AREA_STYLE('',(#15182));
#15182 = FILL_AREA_STYLE_COLOUR('',#13317);
#15183 = CURVE_STYLE('',#15184,POSITIVE_LENGTH_MEASURE(0.1),#13317);
#15184 = DRAUGHTING_PRE_DEFINED_CURVE_FONT('continuous');
#15185 = STYLED_ITEM('color',(#15186),#8810);
#15186 = PRESENTATION_STYLE_ASSIGNMENT((#15187,#15192));
#15187 = SURFACE_STYLE_USAGE(.BOTH.,#15188);
#15188 = SURFACE_SIDE_STYLE('',(#15189));
#15189 = SURFACE_STYLE_FILL_AREA(#15190);
#15190 = FILL_AREA_STYLE('',(#15191));
#15191 = FILL_AREA_STYLE_COLOUR('',#13317);
#15192 = CURVE_STYLE('',#15193,POSITIVE_LENGTH_MEASURE(0.1),#13317);
#15193 = DRAUGHTING_PRE_DEFINED_CURVE_FONT('continuous');
#15194 = STYLED_ITEM('color',(#15195),#8827);
#15195 = PRESENTATION_STYLE_ASSIGNMENT((#15196,#15201));
#15196 = SURFACE_STYLE_USAGE(.BOTH.,#15197);
#15197 = SURFACE_SIDE_STYLE('',(#15198));
#15198 = SURFACE_STYLE_FILL_AREA(#15199);
#15199 = FILL_AREA_STYLE('',(#15200));
#15200 = FILL_AREA_STYLE_COLOUR('',#13317);
#15201 = CURVE_STYLE('',#15202,POSITIVE_LENGTH_MEASURE(0.1),#13317);
#15202 = DRAUGHTING_PRE_DEFINED_CURVE_FONT('continuous');
#15203 = STYLED_ITEM('color',(#15204),#8844);
#15204 = PRESENTATION_STYLE_ASSIGNMENT((#15205,#15210));
#15205 = SURFACE_STYLE_USAGE(.BOTH.,#15206);
#15206 = SURFACE_SIDE_STYLE('',(#15207));
#15207 = SURFACE_STYLE_FILL_AREA(#15208);
#15208 = FILL_AREA_STYLE('',(#15209));
#15209 = FILL_AREA_STYLE_COLOUR('',#13317);
#15210 = CURVE_STYLE('',#15211,POSITIVE_LENGTH_MEASURE(0.1),#13317);
#15211 = DRAUGHTING_PRE_DEFINED_CURVE_FONT('continuous');
#15212 = STYLED_ITEM('color',(#15213),#8861);
#15213 = PRESENTATION_STYLE_ASSIGNMENT((#15214,#15219));
#15214 = SURFACE_STYLE_USAGE(.BOTH.,#15215);
#15215 = SURFACE_SIDE_STYLE('',(#15216));
#15216 = SURFACE_STYLE_FILL_AREA(#15217);
#15217 = FILL_AREA_STYLE('',(#15218));
#15218 = FILL_AREA_STYLE_COLOUR('',#13317);
#15219 = CURVE_STYLE('',#15220,POSITIVE_LENGTH_MEASURE(0.1),#13317);
#15220 = DRAUGHTING_PRE_DEFINED_CURVE_FONT('continuous');
#15221 = STYLED_ITEM('color',(#15222),#8878);
#15222 = PRESENTATION_STYLE_ASSIGNMENT((#15223,#15228));
#15223 = SURFACE_STYLE_USAGE(.BOTH.,#15224);
#15224 = SURFACE_SIDE_STYLE('',(#15225));
#15225 = SURFACE_STYLE_FILL_AREA(#15226);
#15226 = FILL_AREA_STYLE('',(#15227));
#15227 = FILL_AREA_STYLE_COLOUR('',#13317);
#15228 = CURVE_STYLE('',#15229,POSITIVE_LENGTH_MEASURE(0.1),#13317);
#15229 = DRAUGHTING_PRE_DEFINED_CURVE_FONT('continuous');
#15230 = STYLED_ITEM('color',(#15231),#8895);
#15231 = PRESENTATION_STYLE_ASSIGNMENT((#15232,#15237));
#15232 = SURFACE_STYLE_USAGE(.BOTH.,#15233);
#15233 = SURFACE_SIDE_STYLE('',(#15234));
#15234 = SURFACE_STYLE_FILL_AREA(#15235);
#15235 = FILL_AREA_STYLE('',(#15236));
#15236 = FILL_AREA_STYLE_COLOUR('',#13317);
#15237 = CURVE_STYLE('',#15238,POSITIVE_LENGTH_MEASURE(0.1),#13317);
#15238 = DRAUGHTING_PRE_DEFINED_CURVE_FONT('continuous');
#15239 = STYLED_ITEM('color',(#15240),#8912);
#15240 = PRESENTATION_STYLE_ASSIGNMENT((#15241,#15246));
#15241 = SURFACE_STYLE_USAGE(.BOTH.,#15242);
#15242 = SURFACE_SIDE_STYLE('',(#15243));
#15243 = SURFACE_STYLE_FILL_AREA(#15244);
#15244 = FILL_AREA_STYLE('',(#15245));
#15245 = FILL_AREA_STYLE_COLOUR('',#13317);
#15246 = CURVE_STYLE('',#15247,POSITIVE_LENGTH_MEASURE(0.1),#13317);
#15247 = DRAUGHTING_PRE_DEFINED_CURVE_FONT('continuous');
#15248 = STYLED_ITEM('color',(#15249),#8929);
#15249 = PRESENTATION_STYLE_ASSIGNMENT((#15250,#15255));
#15250 = SURFACE_STYLE_USAGE(.BOTH.,#15251);
#15251 = SURFACE_SIDE_STYLE('',(#15252));
#15252 = SURFACE_STYLE_FILL_AREA(#15253);
#15253 = FILL_AREA_STYLE('',(#15254));
#15254 = FILL_AREA_STYLE_COLOUR('',#13317);
#15255 = CURVE_STYLE('',#15256,POSITIVE_LENGTH_MEASURE(0.1),#13317);
#15256 = DRAUGHTING_PRE_DEFINED_CURVE_FONT('continuous');
#15257 = STYLED_ITEM('color',(#15258),#8946);
#15258 = PRESENTATION_STYLE_ASSIGNMENT((#15259,#15264));
#15259 = SURFACE_STYLE_USAGE(.BOTH.,#15260);
#15260 = SURFACE_SIDE_STYLE('',(#15261));
#15261 = SURFACE_STYLE_FILL_AREA(#15262);
#15262 = FILL_AREA_STYLE('',(#15263));
#15263 = FILL_AREA_STYLE_COLOUR('',#13317);
#15264 = CURVE_STYLE('',#15265,POSITIVE_LENGTH_MEASURE(0.1),#13317);
#15265 = DRAUGHTING_PRE_DEFINED_CURVE_FONT('continuous');
#15266 = STYLED_ITEM('color',(#15267),#8986);
#15267 = PRESENTATION_STYLE_ASSIGNMENT((#15268,#15273));
#15268 = SURFACE_STYLE_USAGE(.BOTH.,#15269);
#15269 = SURFACE_SIDE_STYLE('',(#15270));
#15270 = SURFACE_STYLE_FILL_AREA(#15271);
#15271 = FILL_AREA_STYLE('',(#15272));
#15272 = FILL_AREA_STYLE_COLOUR('',#13317);
#15273 = CURVE_STYLE('',#15274,POSITIVE_LENGTH_MEASURE(0.1),#13317);
#15274 = DRAUGHTING_PRE_DEFINED_CURVE_FONT('continuous');
#15275 = STYLED_ITEM('color',(#15276),#9010);
#15276 = PRESENTATION_STYLE_ASSIGNMENT((#15277,#15282));
#15277 = SURFACE_STYLE_USAGE(.BOTH.,#15278);
#15278 = SURFACE_SIDE_STYLE('',(#15279));
#15279 = SURFACE_STYLE_FILL_AREA(#15280);
#15280 = FILL_AREA_STYLE('',(#15281));
#15281 = FILL_AREA_STYLE_COLOUR('',#13317);
#15282 = CURVE_STYLE('',#15283,POSITIVE_LENGTH_MEASURE(0.1),#13317);
#15283 = DRAUGHTING_PRE_DEFINED_CURVE_FONT('continuous');
#15284 = STYLED_ITEM('color',(#15285),#9043);
#15285 = PRESENTATION_STYLE_ASSIGNMENT((#15286,#15291));
#15286 = SURFACE_STYLE_USAGE(.BOTH.,#15287);
#15287 = SURFACE_SIDE_STYLE('',(#15288));
#15288 = SURFACE_STYLE_FILL_AREA(#15289);
#15289 = FILL_AREA_STYLE('',(#15290));
#15290 = FILL_AREA_STYLE_COLOUR('',#13317);
#15291 = CURVE_STYLE('',#15292,POSITIVE_LENGTH_MEASURE(0.1),#13317);
#15292 = DRAUGHTING_PRE_DEFINED_CURVE_FONT('continuous');
#15293 = STYLED_ITEM('color',(#15294),#9083);
#15294 = PRESENTATION_STYLE_ASSIGNMENT((#15295,#15300));
#15295 = SURFACE_STYLE_USAGE(.BOTH.,#15296);
#15296 = SURFACE_SIDE_STYLE('',(#15297));
#15297 = SURFACE_STYLE_FILL_AREA(#15298);
#15298 = FILL_AREA_STYLE('',(#15299));
#15299 = FILL_AREA_STYLE_COLOUR('',#13317);
#15300 = CURVE_STYLE('',#15301,POSITIVE_LENGTH_MEASURE(0.1),#13317);
#15301 = DRAUGHTING_PRE_DEFINED_CURVE_FONT('continuous');
#15302 = STYLED_ITEM('color',(#15303),#9107);
#15303 = PRESENTATION_STYLE_ASSIGNMENT((#15304,#15309));
#15304 = SURFACE_STYLE_USAGE(.BOTH.,#15305);
#15305 = SURFACE_SIDE_STYLE('',(#15306));
#15306 = SURFACE_STYLE_FILL_AREA(#15307);
#15307 = FILL_AREA_STYLE('',(#15308));
#15308 = FILL_AREA_STYLE_COLOUR('',#13317);
#15309 = CURVE_STYLE('',#15310,POSITIVE_LENGTH_MEASURE(0.1),#13317);
#15310 = DRAUGHTING_PRE_DEFINED_CURVE_FONT('continuous');
#15311 = STYLED_ITEM('color',(#15312),#9140);
#15312 = PRESENTATION_STYLE_ASSIGNMENT((#15313,#15318));
#15313 = SURFACE_STYLE_USAGE(.BOTH.,#15314);
#15314 = SURFACE_SIDE_STYLE('',(#15315));
#15315 = SURFACE_STYLE_FILL_AREA(#15316);
#15316 = FILL_AREA_STYLE('',(#15317));
#15317 = FILL_AREA_STYLE_COLOUR('',#13317);
#15318 = CURVE_STYLE('',#15319,POSITIVE_LENGTH_MEASURE(0.1),#13317);
#15319 = DRAUGHTING_PRE_DEFINED_CURVE_FONT('continuous');
#15320 = STYLED_ITEM('color',(#15321),#9180);
#15321 = PRESENTATION_STYLE_ASSIGNMENT((#15322,#15327));
#15322 = SURFACE_STYLE_USAGE(.BOTH.,#15323);
#15323 = SURFACE_SIDE_STYLE('',(#15324));
#15324 = SURFACE_STYLE_FILL_AREA(#15325);
#15325 = FILL_AREA_STYLE('',(#15326));
#15326 = FILL_AREA_STYLE_COLOUR('',#13317);
#15327 = CURVE_STYLE('',#15328,POSITIVE_LENGTH_MEASURE(0.1),#13317);
#15328 = DRAUGHTING_PRE_DEFINED_CURVE_FONT('continuous');
#15329 = STYLED_ITEM('color',(#15330),#9204);
#15330 = PRESENTATION_STYLE_ASSIGNMENT((#15331,#15336));
#15331 = SURFACE_STYLE_USAGE(.BOTH.,#15332);
#15332 = SURFACE_SIDE_STYLE('',(#15333));
#15333 = SURFACE_STYLE_FILL_AREA(#15334);
#15334 = FILL_AREA_STYLE('',(#15335));
#15335 = FILL_AREA_STYLE_COLOUR('',#13317);
#15336 = CURVE_STYLE('',#15337,POSITIVE_LENGTH_MEASURE(0.1),#13317);
#15337 = DRAUGHTING_PRE_DEFINED_CURVE_FONT('continuous');
#15338 = STYLED_ITEM('color',(#15339),#9237);
#15339 = PRESENTATION_STYLE_ASSIGNMENT((#15340,#15345));
#15340 = SURFACE_STYLE_USAGE(.BOTH.,#15341);
#15341 = SURFACE_SIDE_STYLE('',(#15342));
#15342 = SURFACE_STYLE_FILL_AREA(#15343);
#15343 = FILL_AREA_STYLE('',(#15344));
#15344 = FILL_AREA_STYLE_COLOUR('',#13317);
#15345 = CURVE_STYLE('',#15346,POSITIVE_LENGTH_MEASURE(0.1),#13317);
#15346 = DRAUGHTING_PRE_DEFINED_CURVE_FONT('continuous');
#15347 = STYLED_ITEM('color',(#15348),#9277);
#15348 = PRESENTATION_STYLE_ASSIGNMENT((#15349,#15354));
#15349 = SURFACE_STYLE_USAGE(.BOTH.,#15350);
#15350 = SURFACE_SIDE_STYLE('',(#15351));
#15351 = SURFACE_STYLE_FILL_AREA(#15352);
#15352 = FILL_AREA_STYLE('',(#15353));
#15353 = FILL_AREA_STYLE_COLOUR('',#13317);
#15354 = CURVE_STYLE('',#15355,POSITIVE_LENGTH_MEASURE(0.1),#13317);
#15355 = DRAUGHTING_PRE_DEFINED_CURVE_FONT('continuous');
#15356 = STYLED_ITEM('color',(#15357),#9301);
#15357 = PRESENTATION_STYLE_ASSIGNMENT((#15358,#15363));
#15358 = SURFACE_STYLE_USAGE(.BOTH.,#15359);
#15359 = SURFACE_SIDE_STYLE('',(#15360));
#15360 = SURFACE_STYLE_FILL_AREA(#15361);
#15361 = FILL_AREA_STYLE('',(#15362));
#15362 = FILL_AREA_STYLE_COLOUR('',#13317);
#15363 = CURVE_STYLE('',#15364,POSITIVE_LENGTH_MEASURE(0.1),#13317);
#15364 = DRAUGHTING_PRE_DEFINED_CURVE_FONT('continuous');
#15365 = STYLED_ITEM('color',(#15366),#9334);
#15366 = PRESENTATION_STYLE_ASSIGNMENT((#15367,#15372));
#15367 = SURFACE_STYLE_USAGE(.BOTH.,#15368);
#15368 = SURFACE_SIDE_STYLE('',(#15369));
#15369 = SURFACE_STYLE_FILL_AREA(#15370);
#15370 = FILL_AREA_STYLE('',(#15371));
#15371 = FILL_AREA_STYLE_COLOUR('',#13317);
#15372 = CURVE_STYLE('',#15373,POSITIVE_LENGTH_MEASURE(0.1),#13317);
#15373 = DRAUGHTING_PRE_DEFINED_CURVE_FONT('continuous');
#15374 = STYLED_ITEM('color',(#15375),#9374);
#15375 = PRESENTATION_STYLE_ASSIGNMENT((#15376,#15381));
#15376 = SURFACE_STYLE_USAGE(.BOTH.,#15377);
#15377 = SURFACE_SIDE_STYLE('',(#15378));
#15378 = SURFACE_STYLE_FILL_AREA(#15379);
#15379 = FILL_AREA_STYLE('',(#15380));
#15380 = FILL_AREA_STYLE_COLOUR('',#13317);
#15381 = CURVE_STYLE('',#15382,POSITIVE_LENGTH_MEASURE(0.1),#13317);
#15382 = DRAUGHTING_PRE_DEFINED_CURVE_FONT('continuous');
#15383 = STYLED_ITEM('color',(#15384),#9398);
#15384 = PRESENTATION_STYLE_ASSIGNMENT((#15385,#15390));
#15385 = SURFACE_STYLE_USAGE(.BOTH.,#15386);
#15386 = SURFACE_SIDE_STYLE('',(#15387));
#15387 = SURFACE_STYLE_FILL_AREA(#15388);
#15388 = FILL_AREA_STYLE('',(#15389));
#15389 = FILL_AREA_STYLE_COLOUR('',#13317);
#15390 = CURVE_STYLE('',#15391,POSITIVE_LENGTH_MEASURE(0.1),#13317);
#15391 = DRAUGHTING_PRE_DEFINED_CURVE_FONT('continuous');
#15392 = STYLED_ITEM('color',(#15393),#9431);
#15393 = PRESENTATION_STYLE_ASSIGNMENT((#15394,#15399));
#15394 = SURFACE_STYLE_USAGE(.BOTH.,#15395);
#15395 = SURFACE_SIDE_STYLE('',(#15396));
#15396 = SURFACE_STYLE_FILL_AREA(#15397);
#15397 = FILL_AREA_STYLE('',(#15398));
#15398 = FILL_AREA_STYLE_COLOUR('',#13317);
#15399 = CURVE_STYLE('',#15400,POSITIVE_LENGTH_MEASURE(0.1),#13317);
#15400 = DRAUGHTING_PRE_DEFINED_CURVE_FONT('continuous');
#15401 = STYLED_ITEM('color',(#15402),#9471);
#15402 = PRESENTATION_STYLE_ASSIGNMENT((#15403,#15408));
#15403 = SURFACE_STYLE_USAGE(.BOTH.,#15404);
#15404 = SURFACE_SIDE_STYLE('',(#15405));
#15405 = SURFACE_STYLE_FILL_AREA(#15406);
#15406 = FILL_AREA_STYLE('',(#15407));
#15407 = FILL_AREA_STYLE_COLOUR('',#13317);
#15408 = CURVE_STYLE('',#15409,POSITIVE_LENGTH_MEASURE(0.1),#13317);
#15409 = DRAUGHTING_PRE_DEFINED_CURVE_FONT('continuous');
#15410 = STYLED_ITEM('color',(#15411),#9495);
#15411 = PRESENTATION_STYLE_ASSIGNMENT((#15412,#15417));
#15412 = SURFACE_STYLE_USAGE(.BOTH.,#15413);
#15413 = SURFACE_SIDE_STYLE('',(#15414));
#15414 = SURFACE_STYLE_FILL_AREA(#15415);
#15415 = FILL_AREA_STYLE('',(#15416));
#15416 = FILL_AREA_STYLE_COLOUR('',#13317);
#15417 = CURVE_STYLE('',#15418,POSITIVE_LENGTH_MEASURE(0.1),#13317);
#15418 = DRAUGHTING_PRE_DEFINED_CURVE_FONT('continuous');
#15419 = STYLED_ITEM('color',(#15420),#9528);
#15420 = PRESENTATION_STYLE_ASSIGNMENT((#15421,#15426));
#15421 = SURFACE_STYLE_USAGE(.BOTH.,#15422);
#15422 = SURFACE_SIDE_STYLE('',(#15423));
#15423 = SURFACE_STYLE_FILL_AREA(#15424);
#15424 = FILL_AREA_STYLE('',(#15425));
#15425 = FILL_AREA_STYLE_COLOUR('',#13317);
#15426 = CURVE_STYLE('',#15427,POSITIVE_LENGTH_MEASURE(0.1),#13317);
#15427 = DRAUGHTING_PRE_DEFINED_CURVE_FONT('continuous');
#15428 = STYLED_ITEM('color',(#15429),#9568);
#15429 = PRESENTATION_STYLE_ASSIGNMENT((#15430,#15435));
#15430 = SURFACE_STYLE_USAGE(.BOTH.,#15431);
#15431 = SURFACE_SIDE_STYLE('',(#15432));
#15432 = SURFACE_STYLE_FILL_AREA(#15433);
#15433 = FILL_AREA_STYLE('',(#15434));
#15434 = FILL_AREA_STYLE_COLOUR('',#13317);
#15435 = CURVE_STYLE('',#15436,POSITIVE_LENGTH_MEASURE(0.1),#13317);
#15436 = DRAUGHTING_PRE_DEFINED_CURVE_FONT('continuous');
#15437 = STYLED_ITEM('color',(#15438),#9592);
#15438 = PRESENTATION_STYLE_ASSIGNMENT((#15439,#15444));
#15439 = SURFACE_STYLE_USAGE(.BOTH.,#15440);
#15440 = SURFACE_SIDE_STYLE('',(#15441));
#15441 = SURFACE_STYLE_FILL_AREA(#15442);
#15442 = FILL_AREA_STYLE('',(#15443));
#15443 = FILL_AREA_STYLE_COLOUR('',#13317);
#15444 = CURVE_STYLE('',#15445,POSITIVE_LENGTH_MEASURE(0.1),#13317);
#15445 = DRAUGHTING_PRE_DEFINED_CURVE_FONT('continuous');
#15446 = STYLED_ITEM('color',(#15447),#9625);
#15447 = PRESENTATION_STYLE_ASSIGNMENT((#15448,#15453));
#15448 = SURFACE_STYLE_USAGE(.BOTH.,#15449);
#15449 = SURFACE_SIDE_STYLE('',(#15450));
#15450 = SURFACE_STYLE_FILL_AREA(#15451);
#15451 = FILL_AREA_STYLE('',(#15452));
#15452 = FILL_AREA_STYLE_COLOUR('',#13317);
#15453 = CURVE_STYLE('',#15454,POSITIVE_LENGTH_MEASURE(0.1),#13317);
#15454 = DRAUGHTING_PRE_DEFINED_CURVE_FONT('continuous');
#15455 = STYLED_ITEM('color',(#15456),#9665);
#15456 = PRESENTATION_STYLE_ASSIGNMENT((#15457,#15462));
#15457 = SURFACE_STYLE_USAGE(.BOTH.,#15458);
#15458 = SURFACE_SIDE_STYLE('',(#15459));
#15459 = SURFACE_STYLE_FILL_AREA(#15460);
#15460 = FILL_AREA_STYLE('',(#15461));
#15461 = FILL_AREA_STYLE_COLOUR('',#13317);
#15462 = CURVE_STYLE('',#15463,POSITIVE_LENGTH_MEASURE(0.1),#13317);
#15463 = DRAUGHTING_PRE_DEFINED_CURVE_FONT('continuous');
#15464 = STYLED_ITEM('color',(#15465),#9689);
#15465 = PRESENTATION_STYLE_ASSIGNMENT((#15466,#15471));
#15466 = SURFACE_STYLE_USAGE(.BOTH.,#15467);
#15467 = SURFACE_SIDE_STYLE('',(#15468));
#15468 = SURFACE_STYLE_FILL_AREA(#15469);
#15469 = FILL_AREA_STYLE('',(#15470));
#15470 = FILL_AREA_STYLE_COLOUR('',#13317);
#15471 = CURVE_STYLE('',#15472,POSITIVE_LENGTH_MEASURE(0.1),#13317);
#15472 = DRAUGHTING_PRE_DEFINED_CURVE_FONT('continuous');
#15473 = STYLED_ITEM('color',(#15474),#9722);
#15474 = PRESENTATION_STYLE_ASSIGNMENT((#15475,#15480));
#15475 = SURFACE_STYLE_USAGE(.BOTH.,#15476);
#15476 = SURFACE_SIDE_STYLE('',(#15477));
#15477 = SURFACE_STYLE_FILL_AREA(#15478);
#15478 = FILL_AREA_STYLE('',(#15479));
#15479 = FILL_AREA_STYLE_COLOUR('',#13317);
#15480 = CURVE_STYLE('',#15481,POSITIVE_LENGTH_MEASURE(0.1),#13317);
#15481 = DRAUGHTING_PRE_DEFINED_CURVE_FONT('continuous');
#15482 = STYLED_ITEM('color',(#15483),#9753);
#15483 = PRESENTATION_STYLE_ASSIGNMENT((#15484,#15489));
#15484 = SURFACE_STYLE_USAGE(.BOTH.,#15485);
#15485 = SURFACE_SIDE_STYLE('',(#15486));
#15486 = SURFACE_STYLE_FILL_AREA(#15487);
#15487 = FILL_AREA_STYLE('',(#15488));
#15488 = FILL_AREA_STYLE_COLOUR('',#13317);
#15489 = CURVE_STYLE('',#15490,POSITIVE_LENGTH_MEASURE(0.1),#13317);
#15490 = DRAUGHTING_PRE_DEFINED_CURVE_FONT('continuous');
#15491 = STYLED_ITEM('color',(#15492),#9777);
#15492 = PRESENTATION_STYLE_ASSIGNMENT((#15493,#15498));
#15493 = SURFACE_STYLE_USAGE(.BOTH.,#15494);
#15494 = SURFACE_SIDE_STYLE('',(#15495));
#15495 = SURFACE_STYLE_FILL_AREA(#15496);
#15496 = FILL_AREA_STYLE('',(#15497));
#15497 = FILL_AREA_STYLE_COLOUR('',#13317);
#15498 = CURVE_STYLE('',#15499,POSITIVE_LENGTH_MEASURE(0.1),#13317);
#15499 = DRAUGHTING_PRE_DEFINED_CURVE_FONT('continuous');
#15500 = STYLED_ITEM('color',(#15501),#9801);
#15501 = PRESENTATION_STYLE_ASSIGNMENT((#15502,#15507));
#15502 = SURFACE_STYLE_USAGE(.BOTH.,#15503);
#15503 = SURFACE_SIDE_STYLE('',(#15504));
#15504 = SURFACE_STYLE_FILL_AREA(#15505);
#15505 = FILL_AREA_STYLE('',(#15506));
#15506 = FILL_AREA_STYLE_COLOUR('',#13317);
#15507 = CURVE_STYLE('',#15508,POSITIVE_LENGTH_MEASURE(0.1),#13317);
#15508 = DRAUGHTING_PRE_DEFINED_CURVE_FONT('continuous');
#15509 = STYLED_ITEM('color',(#15510),#9825);
#15510 = PRESENTATION_STYLE_ASSIGNMENT((#15511,#15516));
#15511 = SURFACE_STYLE_USAGE(.BOTH.,#15512);
#15512 = SURFACE_SIDE_STYLE('',(#15513));
#15513 = SURFACE_STYLE_FILL_AREA(#15514);
#15514 = FILL_AREA_STYLE('',(#15515));
#15515 = FILL_AREA_STYLE_COLOUR('',#13317);
#15516 = CURVE_STYLE('',#15517,POSITIVE_LENGTH_MEASURE(0.1),#13317);
#15517 = DRAUGHTING_PRE_DEFINED_CURVE_FONT('continuous');
#15518 = STYLED_ITEM('color',(#15519),#9842);
#15519 = PRESENTATION_STYLE_ASSIGNMENT((#15520,#15525));
#15520 = SURFACE_STYLE_USAGE(.BOTH.,#15521);
#15521 = SURFACE_SIDE_STYLE('',(#15522));
#15522 = SURFACE_STYLE_FILL_AREA(#15523);
#15523 = FILL_AREA_STYLE('',(#15524));
#15524 = FILL_AREA_STYLE_COLOUR('',#13317);
#15525 = CURVE_STYLE('',#15526,POSITIVE_LENGTH_MEASURE(0.1),#13317);
#15526 = DRAUGHTING_PRE_DEFINED_CURVE_FONT('continuous');
#15527 = STYLED_ITEM('color',(#15528),#9859);
#15528 = PRESENTATION_STYLE_ASSIGNMENT((#15529,#15534));
#15529 = SURFACE_STYLE_USAGE(.BOTH.,#15530);
#15530 = SURFACE_SIDE_STYLE('',(#15531));
#15531 = SURFACE_STYLE_FILL_AREA(#15532);
#15532 = FILL_AREA_STYLE('',(#15533));
#15533 = FILL_AREA_STYLE_COLOUR('',#13317);
#15534 = CURVE_STYLE('',#15535,POSITIVE_LENGTH_MEASURE(0.1),#13317);
#15535 = DRAUGHTING_PRE_DEFINED_CURVE_FONT('continuous');
#15536 = STYLED_ITEM('color',(#15537),#9871);
#15537 = PRESENTATION_STYLE_ASSIGNMENT((#15538,#15543));
#15538 = SURFACE_STYLE_USAGE(.BOTH.,#15539);
#15539 = SURFACE_SIDE_STYLE('',(#15540));
#15540 = SURFACE_STYLE_FILL_AREA(#15541);
#15541 = FILL_AREA_STYLE('',(#15542));
#15542 = FILL_AREA_STYLE_COLOUR('',#13317);
#15543 = CURVE_STYLE('',#15544,POSITIVE_LENGTH_MEASURE(0.1),#13317);
#15544 = DRAUGHTING_PRE_DEFINED_CURVE_FONT('continuous');
#15545 = STYLED_ITEM('color',(#15546),#9888);
#15546 = PRESENTATION_STYLE_ASSIGNMENT((#15547,#15552));
#15547 = SURFACE_STYLE_USAGE(.BOTH.,#15548);
#15548 = SURFACE_SIDE_STYLE('',(#15549));
#15549 = SURFACE_STYLE_FILL_AREA(#15550);
#15550 = FILL_AREA_STYLE('',(#15551));
#15551 = FILL_AREA_STYLE_COLOUR('',#13317);
#15552 = CURVE_STYLE('',#15553,POSITIVE_LENGTH_MEASURE(0.1),#13317);
#15553 = DRAUGHTING_PRE_DEFINED_CURVE_FONT('continuous');
#15554 = STYLED_ITEM('color',(#15555),#9900);
#15555 = PRESENTATION_STYLE_ASSIGNMENT((#15556,#15561));
#15556 = SURFACE_STYLE_USAGE(.BOTH.,#15557);
#15557 = SURFACE_SIDE_STYLE('',(#15558));
#15558 = SURFACE_STYLE_FILL_AREA(#15559);
#15559 = FILL_AREA_STYLE('',(#15560));
#15560 = FILL_AREA_STYLE_COLOUR('',#13317);
#15561 = CURVE_STYLE('',#15562,POSITIVE_LENGTH_MEASURE(0.1),#13317);
#15562 = DRAUGHTING_PRE_DEFINED_CURVE_FONT('continuous');
#15563 = STYLED_ITEM('color',(#15564),#9917);
#15564 = PRESENTATION_STYLE_ASSIGNMENT((#15565,#15570));
#15565 = SURFACE_STYLE_USAGE(.BOTH.,#15566);
#15566 = SURFACE_SIDE_STYLE('',(#15567));
#15567 = SURFACE_STYLE_FILL_AREA(#15568);
#15568 = FILL_AREA_STYLE('',(#15569));
#15569 = FILL_AREA_STYLE_COLOUR('',#13317);
#15570 = CURVE_STYLE('',#15571,POSITIVE_LENGTH_MEASURE(0.1),#13317);
#15571 = DRAUGHTING_PRE_DEFINED_CURVE_FONT('continuous');
#15572 = STYLED_ITEM('color',(#15573),#9929);
#15573 = PRESENTATION_STYLE_ASSIGNMENT((#15574,#15579));
#15574 = SURFACE_STYLE_USAGE(.BOTH.,#15575);
#15575 = SURFACE_SIDE_STYLE('',(#15576));
#15576 = SURFACE_STYLE_FILL_AREA(#15577);
#15577 = FILL_AREA_STYLE('',(#15578));
#15578 = FILL_AREA_STYLE_COLOUR('',#13317);
#15579 = CURVE_STYLE('',#15580,POSITIVE_LENGTH_MEASURE(0.1),#13317);
#15580 = DRAUGHTING_PRE_DEFINED_CURVE_FONT('continuous');
#15581 = STYLED_ITEM('color',(#15582),#9946);
#15582 = PRESENTATION_STYLE_ASSIGNMENT((#15583,#15588));
#15583 = SURFACE_STYLE_USAGE(.BOTH.,#15584);
#15584 = SURFACE_SIDE_STYLE('',(#15585));
#15585 = SURFACE_STYLE_FILL_AREA(#15586);
#15586 = FILL_AREA_STYLE('',(#15587));
#15587 = FILL_AREA_STYLE_COLOUR('',#13317);
#15588 = CURVE_STYLE('',#15589,POSITIVE_LENGTH_MEASURE(0.1),#13317);
#15589 = DRAUGHTING_PRE_DEFINED_CURVE_FONT('continuous');
#15590 = STYLED_ITEM('color',(#15591),#9958);
#15591 = PRESENTATION_STYLE_ASSIGNMENT((#15592,#15597));
#15592 = SURFACE_STYLE_USAGE(.BOTH.,#15593);
#15593 = SURFACE_SIDE_STYLE('',(#15594));
#15594 = SURFACE_STYLE_FILL_AREA(#15595);
#15595 = FILL_AREA_STYLE('',(#15596));
#15596 = FILL_AREA_STYLE_COLOUR('',#13317);
#15597 = CURVE_STYLE('',#15598,POSITIVE_LENGTH_MEASURE(0.1),#13317);
#15598 = DRAUGHTING_PRE_DEFINED_CURVE_FONT('continuous');
#15599 = STYLED_ITEM('color',(#15600),#9975);
#15600 = PRESENTATION_STYLE_ASSIGNMENT((#15601,#15606));
#15601 = SURFACE_STYLE_USAGE(.BOTH.,#15602);
#15602 = SURFACE_SIDE_STYLE('',(#15603));
#15603 = SURFACE_STYLE_FILL_AREA(#15604);
#15604 = FILL_AREA_STYLE('',(#15605));
#15605 = FILL_AREA_STYLE_COLOUR('',#13317);
#15606 = CURVE_STYLE('',#15607,POSITIVE_LENGTH_MEASURE(0.1),#13317);
#15607 = DRAUGHTING_PRE_DEFINED_CURVE_FONT('continuous');
#15608 = STYLED_ITEM('color',(#15609),#9992);
#15609 = PRESENTATION_STYLE_ASSIGNMENT((#15610,#15615));
#15610 = SURFACE_STYLE_USAGE(.BOTH.,#15611);
#15611 = SURFACE_SIDE_STYLE('',(#15612));
#15612 = SURFACE_STYLE_FILL_AREA(#15613);
#15613 = FILL_AREA_STYLE('',(#15614));
#15614 = FILL_AREA_STYLE_COLOUR('',#13317);
#15615 = CURVE_STYLE('',#15616,POSITIVE_LENGTH_MEASURE(0.1),#13317);
#15616 = DRAUGHTING_PRE_DEFINED_CURVE_FONT('continuous');
#15617 = STYLED_ITEM('color',(#15618),#10009);
#15618 = PRESENTATION_STYLE_ASSIGNMENT((#15619,#15624));
#15619 = SURFACE_STYLE_USAGE(.BOTH.,#15620);
#15620 = SURFACE_SIDE_STYLE('',(#15621));
#15621 = SURFACE_STYLE_FILL_AREA(#15622);
#15622 = FILL_AREA_STYLE('',(#15623));
#15623 = FILL_AREA_STYLE_COLOUR('',#13317);
#15624 = CURVE_STYLE('',#15625,POSITIVE_LENGTH_MEASURE(0.1),#13317);
#15625 = DRAUGHTING_PRE_DEFINED_CURVE_FONT('continuous');
#15626 = STYLED_ITEM('color',(#15627),#10026);
#15627 = PRESENTATION_STYLE_ASSIGNMENT((#15628,#15633));
#15628 = SURFACE_STYLE_USAGE(.BOTH.,#15629);
#15629 = SURFACE_SIDE_STYLE('',(#15630));
#15630 = SURFACE_STYLE_FILL_AREA(#15631);
#15631 = FILL_AREA_STYLE('',(#15632));
#15632 = FILL_AREA_STYLE_COLOUR('',#13317);
#15633 = CURVE_STYLE('',#15634,POSITIVE_LENGTH_MEASURE(0.1),#13317);
#15634 = DRAUGHTING_PRE_DEFINED_CURVE_FONT('continuous');
#15635 = STYLED_ITEM('color',(#15636),#10043);
#15636 = PRESENTATION_STYLE_ASSIGNMENT((#15637,#15642));
#15637 = SURFACE_STYLE_USAGE(.BOTH.,#15638);
#15638 = SURFACE_SIDE_STYLE('',(#15639));
#15639 = SURFACE_STYLE_FILL_AREA(#15640);
#15640 = FILL_AREA_STYLE('',(#15641));
#15641 = FILL_AREA_STYLE_COLOUR('',#13317);
#15642 = CURVE_STYLE('',#15643,POSITIVE_LENGTH_MEASURE(0.1),#13317);
#15643 = DRAUGHTING_PRE_DEFINED_CURVE_FONT('continuous');
#15644 = STYLED_ITEM('color',(#15645),#10060);
#15645 = PRESENTATION_STYLE_ASSIGNMENT((#15646,#15651));
#15646 = SURFACE_STYLE_USAGE(.BOTH.,#15647);
#15647 = SURFACE_SIDE_STYLE('',(#15648));
#15648 = SURFACE_STYLE_FILL_AREA(#15649);
#15649 = FILL_AREA_STYLE('',(#15650));
#15650 = FILL_AREA_STYLE_COLOUR('',#13317);
#15651 = CURVE_STYLE('',#15652,POSITIVE_LENGTH_MEASURE(0.1),#13317);
#15652 = DRAUGHTING_PRE_DEFINED_CURVE_FONT('continuous');
#15653 = STYLED_ITEM('color',(#15654),#10077);
#15654 = PRESENTATION_STYLE_ASSIGNMENT((#15655,#15660));
#15655 = SURFACE_STYLE_USAGE(.BOTH.,#15656);
#15656 = SURFACE_SIDE_STYLE('',(#15657));
#15657 = SURFACE_STYLE_FILL_AREA(#15658);
#15658 = FILL_AREA_STYLE('',(#15659));
#15659 = FILL_AREA_STYLE_COLOUR('',#13317);
#15660 = CURVE_STYLE('',#15661,POSITIVE_LENGTH_MEASURE(0.1),#13317);
#15661 = DRAUGHTING_PRE_DEFINED_CURVE_FONT('continuous');
#15662 = STYLED_ITEM('color',(#15663),#10094);
#15663 = PRESENTATION_STYLE_ASSIGNMENT((#15664,#15669));
#15664 = SURFACE_STYLE_USAGE(.BOTH.,#15665);
#15665 = SURFACE_SIDE_STYLE('',(#15666));
#15666 = SURFACE_STYLE_FILL_AREA(#15667);
#15667 = FILL_AREA_STYLE('',(#15668));
#15668 = FILL_AREA_STYLE_COLOUR('',#14921);
#15669 = CURVE_STYLE('',#15670,POSITIVE_LENGTH_MEASURE(0.1),#14921);
#15670 = DRAUGHTING_PRE_DEFINED_CURVE_FONT('continuous');
#15671 = STYLED_ITEM('color',(#15672),#10103);
#15672 = PRESENTATION_STYLE_ASSIGNMENT((#15673,#15678));
#15673 = SURFACE_STYLE_USAGE(.BOTH.,#15674);
#15674 = SURFACE_SIDE_STYLE('',(#15675));
#15675 = SURFACE_STYLE_FILL_AREA(#15676);
#15676 = FILL_AREA_STYLE('',(#15677));
#15677 = FILL_AREA_STYLE_COLOUR('',#13317);
#15678 = CURVE_STYLE('',#15679,POSITIVE_LENGTH_MEASURE(0.1),#13317);
#15679 = DRAUGHTING_PRE_DEFINED_CURVE_FONT('continuous');
#15680 = STYLED_ITEM('color',(#15681),#10120);
#15681 = PRESENTATION_STYLE_ASSIGNMENT((#15682,#15687));
#15682 = SURFACE_STYLE_USAGE(.BOTH.,#15683);
#15683 = SURFACE_SIDE_STYLE('',(#15684));
#15684 = SURFACE_STYLE_FILL_AREA(#15685);
#15685 = FILL_AREA_STYLE('',(#15686));
#15686 = FILL_AREA_STYLE_COLOUR('',#13317);
#15687 = CURVE_STYLE('',#15688,POSITIVE_LENGTH_MEASURE(0.1),#13317);
#15688 = DRAUGHTING_PRE_DEFINED_CURVE_FONT('continuous');
#15689 = STYLED_ITEM('color',(#15690),#10132);
#15690 = PRESENTATION_STYLE_ASSIGNMENT((#15691,#15696));
#15691 = SURFACE_STYLE_USAGE(.BOTH.,#15692);
#15692 = SURFACE_SIDE_STYLE('',(#15693));
#15693 = SURFACE_STYLE_FILL_AREA(#15694);
#15694 = FILL_AREA_STYLE('',(#15695));
#15695 = FILL_AREA_STYLE_COLOUR('',#13317);
#15696 = CURVE_STYLE('',#15697,POSITIVE_LENGTH_MEASURE(0.1),#13317);
#15697 = DRAUGHTING_PRE_DEFINED_CURVE_FONT('continuous');
#15698 = STYLED_ITEM('color',(#15699),#10149);
#15699 = PRESENTATION_STYLE_ASSIGNMENT((#15700,#15705));
#15700 = SURFACE_STYLE_USAGE(.BOTH.,#15701);
#15701 = SURFACE_SIDE_STYLE('',(#15702));
#15702 = SURFACE_STYLE_FILL_AREA(#15703);
#15703 = FILL_AREA_STYLE('',(#15704));
#15704 = FILL_AREA_STYLE_COLOUR('',#13317);
#15705 = CURVE_STYLE('',#15706,POSITIVE_LENGTH_MEASURE(0.1),#13317);
#15706 = DRAUGHTING_PRE_DEFINED_CURVE_FONT('continuous');
#15707 = STYLED_ITEM('color',(#15708),#10161);
#15708 = PRESENTATION_STYLE_ASSIGNMENT((#15709,#15714));
#15709 = SURFACE_STYLE_USAGE(.BOTH.,#15710);
#15710 = SURFACE_SIDE_STYLE('',(#15711));
#15711 = SURFACE_STYLE_FILL_AREA(#15712);
#15712 = FILL_AREA_STYLE('',(#15713));
#15713 = FILL_AREA_STYLE_COLOUR('',#13317);
#15714 = CURVE_STYLE('',#15715,POSITIVE_LENGTH_MEASURE(0.1),#13317);
#15715 = DRAUGHTING_PRE_DEFINED_CURVE_FONT('continuous');
#15716 = STYLED_ITEM('color',(#15717),#10178);
#15717 = PRESENTATION_STYLE_ASSIGNMENT((#15718,#15723));
#15718 = SURFACE_STYLE_USAGE(.BOTH.,#15719);
#15719 = SURFACE_SIDE_STYLE('',(#15720));
#15720 = SURFACE_STYLE_FILL_AREA(#15721);
#15721 = FILL_AREA_STYLE('',(#15722));
#15722 = FILL_AREA_STYLE_COLOUR('',#13317);
#15723 = CURVE_STYLE('',#15724,POSITIVE_LENGTH_MEASURE(0.1),#13317);
#15724 = DRAUGHTING_PRE_DEFINED_CURVE_FONT('continuous');
#15725 = STYLED_ITEM('color',(#15726),#10190);
#15726 = PRESENTATION_STYLE_ASSIGNMENT((#15727,#15732));
#15727 = SURFACE_STYLE_USAGE(.BOTH.,#15728);
#15728 = SURFACE_SIDE_STYLE('',(#15729));
#15729 = SURFACE_STYLE_FILL_AREA(#15730);
#15730 = FILL_AREA_STYLE('',(#15731));
#15731 = FILL_AREA_STYLE_COLOUR('',#13317);
#15732 = CURVE_STYLE('',#15733,POSITIVE_LENGTH_MEASURE(0.1),#13317);
#15733 = DRAUGHTING_PRE_DEFINED_CURVE_FONT('continuous');
#15734 = STYLED_ITEM('color',(#15735),#10207);
#15735 = PRESENTATION_STYLE_ASSIGNMENT((#15736,#15741));
#15736 = SURFACE_STYLE_USAGE(.BOTH.,#15737);
#15737 = SURFACE_SIDE_STYLE('',(#15738));
#15738 = SURFACE_STYLE_FILL_AREA(#15739);
#15739 = FILL_AREA_STYLE('',(#15740));
#15740 = FILL_AREA_STYLE_COLOUR('',#13317);
#15741 = CURVE_STYLE('',#15742,POSITIVE_LENGTH_MEASURE(0.1),#13317);
#15742 = DRAUGHTING_PRE_DEFINED_CURVE_FONT('continuous');
#15743 = STYLED_ITEM('color',(#15744),#10219);
#15744 = PRESENTATION_STYLE_ASSIGNMENT((#15745,#15750));
#15745 = SURFACE_STYLE_USAGE(.BOTH.,#15746);
#15746 = SURFACE_SIDE_STYLE('',(#15747));
#15747 = SURFACE_STYLE_FILL_AREA(#15748);
#15748 = FILL_AREA_STYLE('',(#15749));
#15749 = FILL_AREA_STYLE_COLOUR('',#13317);
#15750 = CURVE_STYLE('',#15751,POSITIVE_LENGTH_MEASURE(0.1),#13317);
#15751 = DRAUGHTING_PRE_DEFINED_CURVE_FONT('continuous');
#15752 = STYLED_ITEM('color',(#15753),#10236);
#15753 = PRESENTATION_STYLE_ASSIGNMENT((#15754,#15759));
#15754 = SURFACE_STYLE_USAGE(.BOTH.,#15755);
#15755 = SURFACE_SIDE_STYLE('',(#15756));
#15756 = SURFACE_STYLE_FILL_AREA(#15757);
#15757 = FILL_AREA_STYLE('',(#15758));
#15758 = FILL_AREA_STYLE_COLOUR('',#13317);
#15759 = CURVE_STYLE('',#15760,POSITIVE_LENGTH_MEASURE(0.1),#13317);
#15760 = DRAUGHTING_PRE_DEFINED_CURVE_FONT('continuous');
#15761 = STYLED_ITEM('color',(#15762),#10248);
#15762 = PRESENTATION_STYLE_ASSIGNMENT((#15763,#15768));
#15763 = SURFACE_STYLE_USAGE(.BOTH.,#15764);
#15764 = SURFACE_SIDE_STYLE('',(#15765));
#15765 = SURFACE_STYLE_FILL_AREA(#15766);
#15766 = FILL_AREA_STYLE('',(#15767));
#15767 = FILL_AREA_STYLE_COLOUR('',#13317);
#15768 = CURVE_STYLE('',#15769,POSITIVE_LENGTH_MEASURE(0.1),#13317);
#15769 = DRAUGHTING_PRE_DEFINED_CURVE_FONT('continuous');
#15770 = STYLED_ITEM('color',(#15771),#10265);
#15771 = PRESENTATION_STYLE_ASSIGNMENT((#15772,#15777));
#15772 = SURFACE_STYLE_USAGE(.BOTH.,#15773);
#15773 = SURFACE_SIDE_STYLE('',(#15774));
#15774 = SURFACE_STYLE_FILL_AREA(#15775);
#15775 = FILL_AREA_STYLE('',(#15776));
#15776 = FILL_AREA_STYLE_COLOUR('',#13317);
#15777 = CURVE_STYLE('',#15778,POSITIVE_LENGTH_MEASURE(0.1),#13317);
#15778 = DRAUGHTING_PRE_DEFINED_CURVE_FONT('continuous');
#15779 = STYLED_ITEM('color',(#15780),#10277);
#15780 = PRESENTATION_STYLE_ASSIGNMENT((#15781,#15786));
#15781 = SURFACE_STYLE_USAGE(.BOTH.,#15782);
#15782 = SURFACE_SIDE_STYLE('',(#15783));
#15783 = SURFACE_STYLE_FILL_AREA(#15784);
#15784 = FILL_AREA_STYLE('',(#15785));
#15785 = FILL_AREA_STYLE_COLOUR('',#13317);
#15786 = CURVE_STYLE('',#15787,POSITIVE_LENGTH_MEASURE(0.1),#13317);
#15787 = DRAUGHTING_PRE_DEFINED_CURVE_FONT('continuous');
#15788 = STYLED_ITEM('color',(#15789),#10294);
#15789 = PRESENTATION_STYLE_ASSIGNMENT((#15790,#15795));
#15790 = SURFACE_STYLE_USAGE(.BOTH.,#15791);
#15791 = SURFACE_SIDE_STYLE('',(#15792));
#15792 = SURFACE_STYLE_FILL_AREA(#15793);
#15793 = FILL_AREA_STYLE('',(#15794));
#15794 = FILL_AREA_STYLE_COLOUR('',#13317);
#15795 = CURVE_STYLE('',#15796,POSITIVE_LENGTH_MEASURE(0.1),#13317);
#15796 = DRAUGHTING_PRE_DEFINED_CURVE_FONT('continuous');
#15797 = STYLED_ITEM('color',(#15798),#10306);
#15798 = PRESENTATION_STYLE_ASSIGNMENT((#15799,#15804));
#15799 = SURFACE_STYLE_USAGE(.BOTH.,#15800);
#15800 = SURFACE_SIDE_STYLE('',(#15801));
#15801 = SURFACE_STYLE_FILL_AREA(#15802);
#15802 = FILL_AREA_STYLE('',(#15803));
#15803 = FILL_AREA_STYLE_COLOUR('',#13317);
#15804 = CURVE_STYLE('',#15805,POSITIVE_LENGTH_MEASURE(0.1),#13317);
#15805 = DRAUGHTING_PRE_DEFINED_CURVE_FONT('continuous');
#15806 = STYLED_ITEM('color',(#15807),#10323);
#15807 = PRESENTATION_STYLE_ASSIGNMENT((#15808,#15813));
#15808 = SURFACE_STYLE_USAGE(.BOTH.,#15809);
#15809 = SURFACE_SIDE_STYLE('',(#15810));
#15810 = SURFACE_STYLE_FILL_AREA(#15811);
#15811 = FILL_AREA_STYLE('',(#15812));
#15812 = FILL_AREA_STYLE_COLOUR('',#13317);
#15813 = CURVE_STYLE('',#15814,POSITIVE_LENGTH_MEASURE(0.1),#13317);
#15814 = DRAUGHTING_PRE_DEFINED_CURVE_FONT('continuous');
#15815 = STYLED_ITEM('color',(#15816),#10335);
#15816 = PRESENTATION_STYLE_ASSIGNMENT((#15817,#15822));
#15817 = SURFACE_STYLE_USAGE(.BOTH.,#15818);
#15818 = SURFACE_SIDE_STYLE('',(#15819));
#15819 = SURFACE_STYLE_FILL_AREA(#15820);
#15820 = FILL_AREA_STYLE('',(#15821));
#15821 = FILL_AREA_STYLE_COLOUR('',#13317);
#15822 = CURVE_STYLE('',#15823,POSITIVE_LENGTH_MEASURE(0.1),#13317);
#15823 = DRAUGHTING_PRE_DEFINED_CURVE_FONT('continuous');
#15824 = STYLED_ITEM('color',(#15825),#10352);
#15825 = PRESENTATION_STYLE_ASSIGNMENT((#15826,#15831));
#15826 = SURFACE_STYLE_USAGE(.BOTH.,#15827);
#15827 = SURFACE_SIDE_STYLE('',(#15828));
#15828 = SURFACE_STYLE_FILL_AREA(#15829);
#15829 = FILL_AREA_STYLE('',(#15830));
#15830 = FILL_AREA_STYLE_COLOUR('',#13317);
#15831 = CURVE_STYLE('',#15832,POSITIVE_LENGTH_MEASURE(0.1),#13317);
#15832 = DRAUGHTING_PRE_DEFINED_CURVE_FONT('continuous');
#15833 = STYLED_ITEM('color',(#15834),#10364);
#15834 = PRESENTATION_STYLE_ASSIGNMENT((#15835,#15840));
#15835 = SURFACE_STYLE_USAGE(.BOTH.,#15836);
#15836 = SURFACE_SIDE_STYLE('',(#15837));
#15837 = SURFACE_STYLE_FILL_AREA(#15838);
#15838 = FILL_AREA_STYLE('',(#15839));
#15839 = FILL_AREA_STYLE_COLOUR('',#13317);
#15840 = CURVE_STYLE('',#15841,POSITIVE_LENGTH_MEASURE(0.1),#13317);
#15841 = DRAUGHTING_PRE_DEFINED_CURVE_FONT('continuous');
#15842 = STYLED_ITEM('color',(#15843),#10381);
#15843 = PRESENTATION_STYLE_ASSIGNMENT((#15844,#15849));
#15844 = SURFACE_STYLE_USAGE(.BOTH.,#15845);
#15845 = SURFACE_SIDE_STYLE('',(#15846));
#15846 = SURFACE_STYLE_FILL_AREA(#15847);
#15847 = FILL_AREA_STYLE('',(#15848));
#15848 = FILL_AREA_STYLE_COLOUR('',#13317);
#15849 = CURVE_STYLE('',#15850,POSITIVE_LENGTH_MEASURE(0.1),#13317);
#15850 = DRAUGHTING_PRE_DEFINED_CURVE_FONT('continuous');
#15851 = STYLED_ITEM('color',(#15852),#10393);
#15852 = PRESENTATION_STYLE_ASSIGNMENT((#15853,#15858));
#15853 = SURFACE_STYLE_USAGE(.BOTH.,#15854);
#15854 = SURFACE_SIDE_STYLE('',(#15855));
#15855 = SURFACE_STYLE_FILL_AREA(#15856);
#15856 = FILL_AREA_STYLE('',(#15857));
#15857 = FILL_AREA_STYLE_COLOUR('',#13317);
#15858 = CURVE_STYLE('',#15859,POSITIVE_LENGTH_MEASURE(0.1),#13317);
#15859 = DRAUGHTING_PRE_DEFINED_CURVE_FONT('continuous');
#15860 = STYLED_ITEM('color',(#15861),#10410);
#15861 = PRESENTATION_STYLE_ASSIGNMENT((#15862,#15867));
#15862 = SURFACE_STYLE_USAGE(.BOTH.,#15863);
#15863 = SURFACE_SIDE_STYLE('',(#15864));
#15864 = SURFACE_STYLE_FILL_AREA(#15865);
#15865 = FILL_AREA_STYLE('',(#15866));
#15866 = FILL_AREA_STYLE_COLOUR('',#13317);
#15867 = CURVE_STYLE('',#15868,POSITIVE_LENGTH_MEASURE(0.1),#13317);
#15868 = DRAUGHTING_PRE_DEFINED_CURVE_FONT('continuous');
#15869 = STYLED_ITEM('color',(#15870),#10422);
#15870 = PRESENTATION_STYLE_ASSIGNMENT((#15871,#15876));
#15871 = SURFACE_STYLE_USAGE(.BOTH.,#15872);
#15872 = SURFACE_SIDE_STYLE('',(#15873));
#15873 = SURFACE_STYLE_FILL_AREA(#15874);
#15874 = FILL_AREA_STYLE('',(#15875));
#15875 = FILL_AREA_STYLE_COLOUR('',#13317);
#15876 = CURVE_STYLE('',#15877,POSITIVE_LENGTH_MEASURE(0.1),#13317);
#15877 = DRAUGHTING_PRE_DEFINED_CURVE_FONT('continuous');
#15878 = STYLED_ITEM('color',(#15879),#10439);
#15879 = PRESENTATION_STYLE_ASSIGNMENT((#15880,#15885));
#15880 = SURFACE_STYLE_USAGE(.BOTH.,#15881);
#15881 = SURFACE_SIDE_STYLE('',(#15882));
#15882 = SURFACE_STYLE_FILL_AREA(#15883);
#15883 = FILL_AREA_STYLE('',(#15884));
#15884 = FILL_AREA_STYLE_COLOUR('',#13317);
#15885 = CURVE_STYLE('',#15886,POSITIVE_LENGTH_MEASURE(0.1),#13317);
#15886 = DRAUGHTING_PRE_DEFINED_CURVE_FONT('continuous');
#15887 = STYLED_ITEM('color',(#15888),#10451);
#15888 = PRESENTATION_STYLE_ASSIGNMENT((#15889,#15894));
#15889 = SURFACE_STYLE_USAGE(.BOTH.,#15890);
#15890 = SURFACE_SIDE_STYLE('',(#15891));
#15891 = SURFACE_STYLE_FILL_AREA(#15892);
#15892 = FILL_AREA_STYLE('',(#15893));
#15893 = FILL_AREA_STYLE_COLOUR('',#13317);
#15894 = CURVE_STYLE('',#15895,POSITIVE_LENGTH_MEASURE(0.1),#13317);
#15895 = DRAUGHTING_PRE_DEFINED_CURVE_FONT('continuous');
#15896 = MECHANICAL_DESIGN_GEOMETRIC_PRESENTATION_REPRESENTATION('',(
    #15897,#15904,#15911,#15918,#15925,#15932,#15939,#15946,#15954,
    #15961,#15968,#15975,#15982,#15989,#15996,#16003,#16010,#16017,
    #16024,#16031,#16038,#16045,#16052,#16059,#16066,#16073,#16080,
    #16087,#16094,#16101,#16108,#16115,#16122,#16129,#16136,#16143,
    #16151,#16158,#16165,#16172,#16179,#16186,#16193,#16200,#16207,
    #16214,#16221,#16228,#16235,#16242),#6907);
#15897 = STYLED_ITEM('color',(#15898),#5386);
#15898 = PRESENTATION_STYLE_ASSIGNMENT((#15899));
#15899 = SURFACE_STYLE_USAGE(.BOTH.,#15900);
#15900 = SURFACE_SIDE_STYLE('',(#15901));
#15901 = SURFACE_STYLE_FILL_AREA(#15902);
#15902 = FILL_AREA_STYLE('',(#15903));
#15903 = FILL_AREA_STYLE_COLOUR('',#14767);
#15904 = STYLED_ITEM('color',(#15905),#5426);
#15905 = PRESENTATION_STYLE_ASSIGNMENT((#15906));
#15906 = SURFACE_STYLE_USAGE(.BOTH.,#15907);
#15907 = SURFACE_SIDE_STYLE('',(#15908));
#15908 = SURFACE_STYLE_FILL_AREA(#15909);
#15909 = FILL_AREA_STYLE('',(#15910));
#15910 = FILL_AREA_STYLE_COLOUR('',#14767);
#15911 = STYLED_ITEM('color',(#15912),#5473);
#15912 = PRESENTATION_STYLE_ASSIGNMENT((#15913));
#15913 = SURFACE_STYLE_USAGE(.BOTH.,#15914);
#15914 = SURFACE_SIDE_STYLE('',(#15915));
#15915 = SURFACE_STYLE_FILL_AREA(#15916);
#15916 = FILL_AREA_STYLE('',(#15917));
#15917 = FILL_AREA_STYLE_COLOUR('',#14767);
#15918 = STYLED_ITEM('color',(#15919),#5552);
#15919 = PRESENTATION_STYLE_ASSIGNMENT((#15920));
#15920 = SURFACE_STYLE_USAGE(.BOTH.,#15921);
#15921 = SURFACE_SIDE_STYLE('',(#15922));
#15922 = SURFACE_STYLE_FILL_AREA(#15923);
#15923 = FILL_AREA_STYLE('',(#15924));
#15924 = FILL_AREA_STYLE_COLOUR('',#14767);
#15925 = STYLED_ITEM('color',(#15926),#5576);
#15926 = PRESENTATION_STYLE_ASSIGNMENT((#15927));
#15927 = SURFACE_STYLE_USAGE(.BOTH.,#15928);
#15928 = SURFACE_SIDE_STYLE('',(#15929));
#15929 = SURFACE_STYLE_FILL_AREA(#15930);
#15930 = FILL_AREA_STYLE('',(#15931));
#15931 = FILL_AREA_STYLE_COLOUR('',#14767);
#15932 = STYLED_ITEM('color',(#15933),#5616);
#15933 = PRESENTATION_STYLE_ASSIGNMENT((#15934));
#15934 = SURFACE_STYLE_USAGE(.BOTH.,#15935);
#15935 = SURFACE_SIDE_STYLE('',(#15936));
#15936 = SURFACE_STYLE_FILL_AREA(#15937);
#15937 = FILL_AREA_STYLE('',(#15938));
#15938 = FILL_AREA_STYLE_COLOUR('',#14767);
#15939 = STYLED_ITEM('color',(#15940),#5647);
#15940 = PRESENTATION_STYLE_ASSIGNMENT((#15941));
#15941 = SURFACE_STYLE_USAGE(.BOTH.,#15942);
#15942 = SURFACE_SIDE_STYLE('',(#15943));
#15943 = SURFACE_STYLE_FILL_AREA(#15944);
#15944 = FILL_AREA_STYLE('',(#15945));
#15945 = FILL_AREA_STYLE_COLOUR('',#14767);
#15946 = STYLED_ITEM('color',(#15947),#5664);
#15947 = PRESENTATION_STYLE_ASSIGNMENT((#15948));
#15948 = SURFACE_STYLE_USAGE(.BOTH.,#15949);
#15949 = SURFACE_SIDE_STYLE('',(#15950));
#15950 = SURFACE_STYLE_FILL_AREA(#15951);
#15951 = FILL_AREA_STYLE('',(#15952));
#15952 = FILL_AREA_STYLE_COLOUR('',#15953);
#15953 = COLOUR_RGB('',0.859000020776,0.737999965183,0.495999988746);
#15954 = STYLED_ITEM('color',(#15955),#5697);
#15955 = PRESENTATION_STYLE_ASSIGNMENT((#15956));
#15956 = SURFACE_STYLE_USAGE(.BOTH.,#15957);
#15957 = SURFACE_SIDE_STYLE('',(#15958));
#15958 = SURFACE_STYLE_FILL_AREA(#15959);
#15959 = FILL_AREA_STYLE('',(#15960));
#15960 = FILL_AREA_STYLE_COLOUR('',#14767);
#15961 = STYLED_ITEM('color',(#15962),#5721);
#15962 = PRESENTATION_STYLE_ASSIGNMENT((#15963));
#15963 = SURFACE_STYLE_USAGE(.BOTH.,#15964);
#15964 = SURFACE_SIDE_STYLE('',(#15965));
#15965 = SURFACE_STYLE_FILL_AREA(#15966);
#15966 = FILL_AREA_STYLE('',(#15967));
#15967 = FILL_AREA_STYLE_COLOUR('',#15953);
#15968 = STYLED_ITEM('color',(#15969),#5788);
#15969 = PRESENTATION_STYLE_ASSIGNMENT((#15970));
#15970 = SURFACE_STYLE_USAGE(.BOTH.,#15971);
#15971 = SURFACE_SIDE_STYLE('',(#15972));
#15972 = SURFACE_STYLE_FILL_AREA(#15973);
#15973 = FILL_AREA_STYLE('',(#15974));
#15974 = FILL_AREA_STYLE_COLOUR('',#14767);
#15975 = STYLED_ITEM('color',(#15976),#5909);
#15976 = PRESENTATION_STYLE_ASSIGNMENT((#15977));
#15977 = SURFACE_STYLE_USAGE(.BOTH.,#15978);
#15978 = SURFACE_SIDE_STYLE('',(#15979));
#15979 = SURFACE_STYLE_FILL_AREA(#15980);
#15980 = FILL_AREA_STYLE('',(#15981));
#15981 = FILL_AREA_STYLE_COLOUR('',#15953);
#15982 = STYLED_ITEM('color',(#15983),#5976);
#15983 = PRESENTATION_STYLE_ASSIGNMENT((#15984));
#15984 = SURFACE_STYLE_USAGE(.BOTH.,#15985);
#15985 = SURFACE_SIDE_STYLE('',(#15986));
#15986 = SURFACE_STYLE_FILL_AREA(#15987);
#15987 = FILL_AREA_STYLE('',(#15988));
#15988 = FILL_AREA_STYLE_COLOUR('',#14767);
#15989 = STYLED_ITEM('color',(#15990),#6000);
#15990 = PRESENTATION_STYLE_ASSIGNMENT((#15991));
#15991 = SURFACE_STYLE_USAGE(.BOTH.,#15992);
#15992 = SURFACE_SIDE_STYLE('',(#15993));
#15993 = SURFACE_STYLE_FILL_AREA(#15994);
#15994 = FILL_AREA_STYLE('',(#15995));
#15995 = FILL_AREA_STYLE_COLOUR('',#14767);
#15996 = STYLED_ITEM('color',(#15997),#6031);
#15997 = PRESENTATION_STYLE_ASSIGNMENT((#15998));
#15998 = SURFACE_STYLE_USAGE(.BOTH.,#15999);
#15999 = SURFACE_SIDE_STYLE('',(#16000));
#16000 = SURFACE_STYLE_FILL_AREA(#16001);
#16001 = FILL_AREA_STYLE('',(#16002));
#16002 = FILL_AREA_STYLE_COLOUR('',#15953);
#16003 = STYLED_ITEM('color',(#16004),#6064);
#16004 = PRESENTATION_STYLE_ASSIGNMENT((#16005));
#16005 = SURFACE_STYLE_USAGE(.BOTH.,#16006);
#16006 = SURFACE_SIDE_STYLE('',(#16007));
#16007 = SURFACE_STYLE_FILL_AREA(#16008);
#16008 = FILL_AREA_STYLE('',(#16009));
#16009 = FILL_AREA_STYLE_COLOUR('',#14767);
#16010 = STYLED_ITEM('color',(#16011),#6120);
#16011 = PRESENTATION_STYLE_ASSIGNMENT((#16012));
#16012 = SURFACE_STYLE_USAGE(.BOTH.,#16013);
#16013 = SURFACE_SIDE_STYLE('',(#16014));
#16014 = SURFACE_STYLE_FILL_AREA(#16015);
#16015 = FILL_AREA_STYLE('',(#16016));
#16016 = FILL_AREA_STYLE_COLOUR('',#15953);
#16017 = STYLED_ITEM('color',(#16018),#6144);
#16018 = PRESENTATION_STYLE_ASSIGNMENT((#16019));
#16019 = SURFACE_STYLE_USAGE(.BOTH.,#16020);
#16020 = SURFACE_SIDE_STYLE('',(#16021));
#16021 = SURFACE_STYLE_FILL_AREA(#16022);
#16022 = FILL_AREA_STYLE('',(#16023));
#16023 = FILL_AREA_STYLE_COLOUR('',#15953);
#16024 = STYLED_ITEM('color',(#16025),#6168);
#16025 = PRESENTATION_STYLE_ASSIGNMENT((#16026));
#16026 = SURFACE_STYLE_USAGE(.BOTH.,#16027);
#16027 = SURFACE_SIDE_STYLE('',(#16028));
#16028 = SURFACE_STYLE_FILL_AREA(#16029);
#16029 = FILL_AREA_STYLE('',(#16030));
#16030 = FILL_AREA_STYLE_COLOUR('',#15953);
#16031 = STYLED_ITEM('color',(#16032),#6192);
#16032 = PRESENTATION_STYLE_ASSIGNMENT((#16033));
#16033 = SURFACE_STYLE_USAGE(.BOTH.,#16034);
#16034 = SURFACE_SIDE_STYLE('',(#16035));
#16035 = SURFACE_STYLE_FILL_AREA(#16036);
#16036 = FILL_AREA_STYLE('',(#16037));
#16037 = FILL_AREA_STYLE_COLOUR('',#15953);
#16038 = STYLED_ITEM('color',(#16039),#6225);
#16039 = PRESENTATION_STYLE_ASSIGNMENT((#16040));
#16040 = SURFACE_STYLE_USAGE(.BOTH.,#16041);
#16041 = SURFACE_SIDE_STYLE('',(#16042));
#16042 = SURFACE_STYLE_FILL_AREA(#16043);
#16043 = FILL_AREA_STYLE('',(#16044));
#16044 = FILL_AREA_STYLE_COLOUR('',#15953);
#16045 = STYLED_ITEM('color',(#16046),#6237);
#16046 = PRESENTATION_STYLE_ASSIGNMENT((#16047));
#16047 = SURFACE_STYLE_USAGE(.BOTH.,#16048);
#16048 = SURFACE_SIDE_STYLE('',(#16049));
#16049 = SURFACE_STYLE_FILL_AREA(#16050);
#16050 = FILL_AREA_STYLE('',(#16051));
#16051 = FILL_AREA_STYLE_COLOUR('',#15953);
#16052 = STYLED_ITEM('color',(#16053),#6300);
#16053 = PRESENTATION_STYLE_ASSIGNMENT((#16054));
#16054 = SURFACE_STYLE_USAGE(.BOTH.,#16055);
#16055 = SURFACE_SIDE_STYLE('',(#16056));
#16056 = SURFACE_STYLE_FILL_AREA(#16057);
#16057 = FILL_AREA_STYLE('',(#16058));
#16058 = FILL_AREA_STYLE_COLOUR('',#15953);
#16059 = STYLED_ITEM('color',(#16060),#6325);
#16060 = PRESENTATION_STYLE_ASSIGNMENT((#16061));
#16061 = SURFACE_STYLE_USAGE(.BOTH.,#16062);
#16062 = SURFACE_SIDE_STYLE('',(#16063));
#16063 = SURFACE_STYLE_FILL_AREA(#16064);
#16064 = FILL_AREA_STYLE('',(#16065));
#16065 = FILL_AREA_STYLE_COLOUR('',#15953);
#16066 = STYLED_ITEM('color',(#16067),#6342);
#16067 = PRESENTATION_STYLE_ASSIGNMENT((#16068));
#16068 = SURFACE_STYLE_USAGE(.BOTH.,#16069);
#16069 = SURFACE_SIDE_STYLE('',(#16070));
#16070 = SURFACE_STYLE_FILL_AREA(#16071);
#16071 = FILL_AREA_STYLE('',(#16072));
#16072 = FILL_AREA_STYLE_COLOUR('',#15953);
#16073 = STYLED_ITEM('color',(#16074),#6366);
#16074 = PRESENTATION_STYLE_ASSIGNMENT((#16075));
#16075 = SURFACE_STYLE_USAGE(.BOTH.,#16076);
#16076 = SURFACE_SIDE_STYLE('',(#16077));
#16077 = SURFACE_STYLE_FILL_AREA(#16078);
#16078 = FILL_AREA_STYLE('',(#16079));
#16079 = FILL_AREA_STYLE_COLOUR('',#15953);
#16080 = STYLED_ITEM('color',(#16081),#6384);
#16081 = PRESENTATION_STYLE_ASSIGNMENT((#16082));
#16082 = SURFACE_STYLE_USAGE(.BOTH.,#16083);
#16083 = SURFACE_SIDE_STYLE('',(#16084));
#16084 = SURFACE_STYLE_FILL_AREA(#16085);
#16085 = FILL_AREA_STYLE('',(#16086));
#16086 = FILL_AREA_STYLE_COLOUR('',#15953);
#16087 = STYLED_ITEM('color',(#16088),#6402);
#16088 = PRESENTATION_STYLE_ASSIGNMENT((#16089));
#16089 = SURFACE_STYLE_USAGE(.BOTH.,#16090);
#16090 = SURFACE_SIDE_STYLE('',(#16091));
#16091 = SURFACE_STYLE_FILL_AREA(#16092);
#16092 = FILL_AREA_STYLE('',(#16093));
#16093 = FILL_AREA_STYLE_COLOUR('',#15953);
#16094 = STYLED_ITEM('color',(#16095),#6420);
#16095 = PRESENTATION_STYLE_ASSIGNMENT((#16096));
#16096 = SURFACE_STYLE_USAGE(.BOTH.,#16097);
#16097 = SURFACE_SIDE_STYLE('',(#16098));
#16098 = SURFACE_STYLE_FILL_AREA(#16099);
#16099 = FILL_AREA_STYLE('',(#16100));
#16100 = FILL_AREA_STYLE_COLOUR('',#15953);
#16101 = STYLED_ITEM('color',(#16102),#6437);
#16102 = PRESENTATION_STYLE_ASSIGNMENT((#16103));
#16103 = SURFACE_STYLE_USAGE(.BOTH.,#16104);
#16104 = SURFACE_SIDE_STYLE('',(#16105));
#16105 = SURFACE_STYLE_FILL_AREA(#16106);
#16106 = FILL_AREA_STYLE('',(#16107));
#16107 = FILL_AREA_STYLE_COLOUR('',#15953);
#16108 = STYLED_ITEM('color',(#16109),#6454);
#16109 = PRESENTATION_STYLE_ASSIGNMENT((#16110));
#16110 = SURFACE_STYLE_USAGE(.BOTH.,#16111);
#16111 = SURFACE_SIDE_STYLE('',(#16112));
#16112 = SURFACE_STYLE_FILL_AREA(#16113);
#16113 = FILL_AREA_STYLE('',(#16114));
#16114 = FILL_AREA_STYLE_COLOUR('',#15953);
#16115 = STYLED_ITEM('color',(#16116),#6485);
#16116 = PRESENTATION_STYLE_ASSIGNMENT((#16117));
#16117 = SURFACE_STYLE_USAGE(.BOTH.,#16118);
#16118 = SURFACE_SIDE_STYLE('',(#16119));
#16119 = SURFACE_STYLE_FILL_AREA(#16120);
#16120 = FILL_AREA_STYLE('',(#16121));
#16121 = FILL_AREA_STYLE_COLOUR('',#15953);
#16122 = STYLED_ITEM('color',(#16123),#6510);
#16123 = PRESENTATION_STYLE_ASSIGNMENT((#16124));
#16124 = SURFACE_STYLE_USAGE(.BOTH.,#16125);
#16125 = SURFACE_SIDE_STYLE('',(#16126));
#16126 = SURFACE_STYLE_FILL_AREA(#16127);
#16127 = FILL_AREA_STYLE('',(#16128));
#16128 = FILL_AREA_STYLE_COLOUR('',#15953);
#16129 = STYLED_ITEM('color',(#16130),#6535);
#16130 = PRESENTATION_STYLE_ASSIGNMENT((#16131));
#16131 = SURFACE_STYLE_USAGE(.BOTH.,#16132);
#16132 = SURFACE_SIDE_STYLE('',(#16133));
#16133 = SURFACE_STYLE_FILL_AREA(#16134);
#16134 = FILL_AREA_STYLE('',(#16135));
#16135 = FILL_AREA_STYLE_COLOUR('',#15953);
#16136 = STYLED_ITEM('color',(#16137),#6559);
#16137 = PRESENTATION_STYLE_ASSIGNMENT((#16138));
#16138 = SURFACE_STYLE_USAGE(.BOTH.,#16139);
#16139 = SURFACE_SIDE_STYLE('',(#16140));
#16140 = SURFACE_STYLE_FILL_AREA(#16141);
#16141 = FILL_AREA_STYLE('',(#16142));
#16142 = FILL_AREA_STYLE_COLOUR('',#15953);
#16143 = STYLED_ITEM('color',(#16144),#6576);
#16144 = PRESENTATION_STYLE_ASSIGNMENT((#16145));
#16145 = SURFACE_STYLE_USAGE(.BOTH.,#16146);
#16146 = SURFACE_SIDE_STYLE('',(#16147));
#16147 = SURFACE_STYLE_FILL_AREA(#16148);
#16148 = FILL_AREA_STYLE('',(#16149));
#16149 = FILL_AREA_STYLE_COLOUR('',#16150);
#16150 = COLOUR_RGB('',0.340000006699,0.68000001254,0.444999988852);
#16151 = STYLED_ITEM('color',(#16152),#6607);
#16152 = PRESENTATION_STYLE_ASSIGNMENT((#16153));
#16153 = SURFACE_STYLE_USAGE(.BOTH.,#16154);
#16154 = SURFACE_SIDE_STYLE('',(#16155));
#16155 = SURFACE_STYLE_FILL_AREA(#16156);
#16156 = FILL_AREA_STYLE('',(#16157));
#16157 = FILL_AREA_STYLE_COLOUR('',#16150);
#16158 = STYLED_ITEM('color',(#16159),#6631);
#16159 = PRESENTATION_STYLE_ASSIGNMENT((#16160));
#16160 = SURFACE_STYLE_USAGE(.BOTH.,#16161);
#16161 = SURFACE_SIDE_STYLE('',(#16162));
#16162 = SURFACE_STYLE_FILL_AREA(#16163);
#16163 = FILL_AREA_STYLE('',(#16164));
#16164 = FILL_AREA_STYLE_COLOUR('',#16150);
#16165 = STYLED_ITEM('color',(#16166),#6648);
#16166 = PRESENTATION_STYLE_ASSIGNMENT((#16167));
#16167 = SURFACE_STYLE_USAGE(.BOTH.,#16168);
#16168 = SURFACE_SIDE_STYLE('',(#16169));
#16169 = SURFACE_STYLE_FILL_AREA(#16170);
#16170 = FILL_AREA_STYLE('',(#16171));
#16171 = FILL_AREA_STYLE_COLOUR('',#15953);
#16172 = STYLED_ITEM('color',(#16173),#6676);
#16173 = PRESENTATION_STYLE_ASSIGNMENT((#16174));
#16174 = SURFACE_STYLE_USAGE(.BOTH.,#16175);
#16175 = SURFACE_SIDE_STYLE('',(#16176));
#16176 = SURFACE_STYLE_FILL_AREA(#16177);
#16177 = FILL_AREA_STYLE('',(#16178));
#16178 = FILL_AREA_STYLE_COLOUR('',#15953);
#16179 = STYLED_ITEM('color',(#16180),#6701);
#16180 = PRESENTATION_STYLE_ASSIGNMENT((#16181));
#16181 = SURFACE_STYLE_USAGE(.BOTH.,#16182);
#16182 = SURFACE_SIDE_STYLE('',(#16183));
#16183 = SURFACE_STYLE_FILL_AREA(#16184);
#16184 = FILL_AREA_STYLE('',(#16185));
#16185 = FILL_AREA_STYLE_COLOUR('',#15953);
#16186 = STYLED_ITEM('color',(#16187),#6725);
#16187 = PRESENTATION_STYLE_ASSIGNMENT((#16188));
#16188 = SURFACE_STYLE_USAGE(.BOTH.,#16189);
#16189 = SURFACE_SIDE_STYLE('',(#16190));
#16190 = SURFACE_STYLE_FILL_AREA(#16191);
#16191 = FILL_AREA_STYLE('',(#16192));
#16192 = FILL_AREA_STYLE_COLOUR('',#15953);
#16193 = STYLED_ITEM('color',(#16194),#6750);
#16194 = PRESENTATION_STYLE_ASSIGNMENT((#16195));
#16195 = SURFACE_STYLE_USAGE(.BOTH.,#16196);
#16196 = SURFACE_SIDE_STYLE('',(#16197));
#16197 = SURFACE_STYLE_FILL_AREA(#16198);
#16198 = FILL_AREA_STYLE('',(#16199));
#16199 = FILL_AREA_STYLE_COLOUR('',#15953);
#16200 = STYLED_ITEM('color',(#16201),#6797);
#16201 = PRESENTATION_STYLE_ASSIGNMENT((#16202));
#16202 = SURFACE_STYLE_USAGE(.BOTH.,#16203);
#16203 = SURFACE_SIDE_STYLE('',(#16204));
#16204 = SURFACE_STYLE_FILL_AREA(#16205);
#16205 = FILL_AREA_STYLE('',(#16206));
#16206 = FILL_AREA_STYLE_COLOUR('',#15953);
#16207 = STYLED_ITEM('color',(#16208),#6814);
#16208 = PRESENTATION_STYLE_ASSIGNMENT((#16209));
#16209 = SURFACE_STYLE_USAGE(.BOTH.,#16210);
#16210 = SURFACE_SIDE_STYLE('',(#16211));
#16211 = SURFACE_STYLE_FILL_AREA(#16212);
#16212 = FILL_AREA_STYLE('',(#16213));
#16213 = FILL_AREA_STYLE_COLOUR('',#15953);
#16214 = STYLED_ITEM('color',(#16215),#6826);
#16215 = PRESENTATION_STYLE_ASSIGNMENT((#16216));
#16216 = SURFACE_STYLE_USAGE(.BOTH.,#16217);
#16217 = SURFACE_SIDE_STYLE('',(#16218));
#16218 = SURFACE_STYLE_FILL_AREA(#16219);
#16219 = FILL_AREA_STYLE('',(#16220));
#16220 = FILL_AREA_STYLE_COLOUR('',#15953);
#16221 = STYLED_ITEM('color',(#16222),#6848);
#16222 = PRESENTATION_STYLE_ASSIGNMENT((#16223));
#16223 = SURFACE_STYLE_USAGE(.BOTH.,#16224);
#16224 = SURFACE_SIDE_STYLE('',(#16225));
#16225 = SURFACE_STYLE_FILL_AREA(#16226);
#16226 = FILL_AREA_STYLE('',(#16227));
#16227 = FILL_AREA_STYLE_COLOUR('',#15953);
#16228 = STYLED_ITEM('color',(#16229),#6860);
#16229 = PRESENTATION_STYLE_ASSIGNMENT((#16230));
#16230 = SURFACE_STYLE_USAGE(.BOTH.,#16231);
#16231 = SURFACE_SIDE_STYLE('',(#16232));
#16232 = SURFACE_STYLE_FILL_AREA(#16233);
#16233 = FILL_AREA_STYLE('',(#16234));
#16234 = FILL_AREA_STYLE_COLOUR('',#15953);
#16235 = STYLED_ITEM('color',(#16236),#6878);
#16236 = PRESENTATION_STYLE_ASSIGNMENT((#16237));
#16237 = SURFACE_STYLE_USAGE(.BOTH.,#16238);
#16238 = SURFACE_SIDE_STYLE('',(#16239));
#16239 = SURFACE_STYLE_FILL_AREA(#16240);
#16240 = FILL_AREA_STYLE('',(#16241));
#16241 = FILL_AREA_STYLE_COLOUR('',#15953);
#16242 = STYLED_ITEM('color',(#16243),#6896);
#16243 = PRESENTATION_STYLE_ASSIGNMENT((#16244));
#16244 = SURFACE_STYLE_USAGE(.BOTH.,#16245);
#16245 = SURFACE_SIDE_STYLE('',(#16246));
#16246 = SURFACE_STYLE_FILL_AREA(#16247);
#16247 = FILL_AREA_STYLE('',(#16248));
#16248 = FILL_AREA_STYLE_COLOUR('',#16150);
ENDSEC;
END-ISO-10303-21;
